source_id,title,authors,year,url_doi,reading_scope,problem_addressed,data_method,limitations,overlap_with_candidates,proposed_difference,verifiable_location
PW01,A Theory for Record Linkage,Fellegi I.P.; Sunter A.B.,1969,https://doi.org/10.1080/01621459.1969.10501049,bib-and-abstract-verified,Optimal decision rule for linking records across files,Decision-theoretic model of comparison vectors with link/non-link/possible-link dispositions,Assumes comparison-pair errors follow known m/u probabilities; needs calibration,Theoretical basis for constrained linkage decision rule and needs-review class,Explicit uncertainty-preserving tier (needs_review) with downstream conflict checks instead of forced dispositions,JASA 64(328):1183-1210
PW02,Data Matching: Concepts and Techniques for Record Linkage Entity Resolution and Duplicate Detection,Christen P.,2012,https://doi.org/10.1007/978-3-642-31164-2,bibliography-verified,Broad survey of modern record linkage blocking similarity and evaluation,Survey of matching techniques blocking methods and evaluation measures,Generic survey; no billing-domain event semantics,Background for candidate blocking and precision/recall evaluation,Domain-specific event dictionary and lineage semantics on top of generic matching,Springer 2012
PW03,Process Mining: Data Science in Action,van der Aalst W.,2016,https://doi.org/10.1007/978-3-662-49851-4,bibliography-verified,Event log analysis conformance and discovery,Process mining over event logs with timestamps,Assumes process logs; billing events are messier multi-source,Framework for event normalization and reconstruction audit,Explicit handling of late-arriving records and as-of truncation for point-in-time correctness,Springer 2016 (2nd ed.)
PW04,A Proportional Hazards Model for the Subdistribution of a Competing Risk,Fine J.P.; Gray R.J.,1999,https://doi.org/10.1080/01621459.1999.10474144,bib-and-abstract-verified,Regression on cumulative incidence under competing risks,Semiparametric subdistribution hazard model,Continuous-time hazard formulation,Statistical grounding for competing payment/closure events,Discrete-time interval-based conditional probabilities suitable for irregular observation,JASA 94(446):496-509
PW05,Nonparametric Estimation from Incomplete Observations,Kaplan E.L.; Meier P.,1958,https://doi.org/10.1080/01621459.1958.10501452,bibliography-verified,Survival estimation with right censoring,Product-limit estimator,Classical; no covariates,Censoring conventions adopted in v1,H-dependent interval decomposition with explicit open-state probability,JASA 53(282):457-481
PW06,Deep Claim: Payer Response Prediction from Claims Data with Deep Learning,Kim B.-H.; Sridharan S.; Atwal A.; Ganapathi V.,2020,https://arxiv.org/abs/2007.06229,bib-and-abstract-verified,Denial and response-date prediction from claims,Deep multi-task architecture over 2.9M claims from two US health systems,Pre-submission features; no billing-event reconstruction; deep model not needed for this study,Closest applied work on payer response prediction,Adds explicit reconstruction-quality features and uncertainty-preserving linkage as inputs; simpler transparent baseline comparison,arXiv:2007.06229 (ICML 2020 HSYS Workshop)
PW07,Predicting Invoice Payment Outcomes for Optimized Collections,Zeng S.; Melville P.; Lang C.A.; et al.,2007,https://prem-melville.com/publications/equitant-kdd07.pdf,bib-and-abstract-verified,Classify invoice payment outcome into delay buckets for collection prioritization,Supervised learning over invoice-level features,Generic B2B invoices; no claim adjudication semantics,Baseline inspiration for delay-bucket prediction and aging features,Event-level observation-window aware labeling instead of static outcome buckets,KDD 2007 Workshop on Data Mining for Business Applications
PW08,A machine-learning approach towards solving the invoice payment prediction problem,Schoonbee S.,2022,https://scielo.org.za/scielo.php?pid=S2224-78902022000400010&script=sci_arttext,bibliography-verified,Interval-coded late-payment prediction for AR prioritization,ML classifier over invoice features into lateness intervals,South African industrial invoices; no censoring treatment,Supports aging-stage baseline design,Censoring-aware competing-event labeling and refusal mechanism,South African Journal of Industrial Engineering 33(4)
PW09,Waste in the US Health Care System: Estimated Costs and Potential for Savings,Shrank W.H.; Rogstad T.L.; Parekh N.,2019,https://doi.org/10.1001/jama.2019.13978,bibliography-verified,Administrative complexity as dominant waste source,Cost estimation study,Not a methods paper,Motivation for revenue-cycle analytics,Not applicable,JAMA 322(15):1501-1509
