run_id,lineage_id,record_ids,org_token,status
run-20260922T033120Z-demo-A,run-CPL-R000-CPL-R00001,CPL-R00001,CPL,OPEN
run-20260922T033120Z-demo-A,run-CPL-R000-CPL-R00002,CPL-R00002,CPL,OPEN
run-20260922T033120Z-demo-A,run-CPL-R000-CPL-R00003,CPL-R00003|CPL-R00004,CPL,OPEN
run-20260922T033120Z-demo-A,run-CPL-R000-CPL-R00005,CPL-R00005,CPL,OPEN
run-20260922T033120Z-demo-A,run-CPL-R000-CPL-R00006,CPL-R00006,CPL,OPEN
run-20260922T033120Z-demo-A,run-CPL-R000-CPL-R00007,CPL-R00007|CPL-R00008,CPL,OPEN
run-20260922T033120Z-demo-A,run-CPL-R000-CPL-R00009,CPL-R00009,CPL,OPEN
run-20260922T033120Z-demo-A,run-CPL-R000-CPL-R00010,CPL-R00010,CPL,CLOSED_NO_PAYMENT
run-20260922T033120Z-demo-A,run-CPL-R000-CPL-R00011,CPL-R00011,CPL,OPEN
run-20260922T033120Z-demo-A,run-CPL-R000-CPL-R00012,CPL-R00012,CPL,CLOSED_NO_PAYMENT
run-20260922T033120Z-demo-A,run-CPL-R000-CPL-R00013,CPL-R00013,CPL,OPEN
run-20260922T033120Z-demo-A,run-CPL-R000-CPL-R00014,CPL-R00014,CPL,OPEN
run-20260922T033120Z-demo-A,run-CPL-R000-CPL-R00015,CPL-R00015,CPL,OPEN
run-20260922T033120Z-demo-A,run-CPL-R000-CPL-R00016,CPL-R00016,CPL,OPEN
run-20260922T033120Z-demo-A,run-CPL-R000-CPL-R00017,CPL-R00017,CPL,OPEN
run-20260922T033120Z-demo-A,run-CPL-R000-CPL-R00018,CPL-R00018,CPL,OPEN
run-20260922T033120Z-demo-A,run-CPL-R000-CPL-R00019,CPL-R00019,CPL,OPEN
run-20260922T033120Z-demo-A,run-CPL-R000-CPL-R00020,CPL-R00020,CPL,OPEN
run-20260922T033120Z-demo-A,run-CPL-R000-CPL-R00021,CPL-R00021,CPL,OPEN
run-20260922T033120Z-demo-A,run-CPL-R000-CPL-R00022,CPL-R00022,CPL,OPEN
run-20260922T033120Z-demo-A,run-CPL-R000-CPL-R00023,CPL-R00023,CPL,OPEN
run-20260922T033120Z-demo-A,run-CPL-R000-CPL-R00024,CPL-R00024,CPL,OPEN
run-20260922T033120Z-demo-A,run-CPL-R000-CPL-R00025,CPL-R00025,CPL,OPEN
run-20260922T033120Z-demo-A,run-CPL-R000-CPL-R00026,CPL-R00026,CPL,OPEN
run-20260922T033120Z-demo-A,run-CPL-R000-CPL-R00027,CPL-R00027,CPL,CLOSED_NO_PAYMENT
run-20260922T033120Z-demo-A,run-CPL-R000-CPL-R00028,CPL-R00028,CPL,OPEN
run-20260922T033120Z-demo-A,run-CPL-R000-CPL-R00029,CPL-R00029,CPL,OPEN
run-20260922T033120Z-demo-A,run-CPL-R000-CPL-R00030,CPL-R00030,CPL,OPEN
run-20260922T033120Z-demo-A,run-CPL-R000-CPL-R00031,CPL-R00031,CPL,OPEN
run-20260922T033120Z-demo-A,run-CPL-R000-CPL-R00032,CPL-R00032,CPL,OPEN
run-20260922T033120Z-demo-A,run-CPL-R000-CPL-R00033,CPL-R00033,CPL,OPEN
run-20260922T033120Z-demo-A,run-CPL-R000-CPL-R00034,CPL-R00034,CPL,OPEN
run-20260922T033120Z-demo-A,run-CPL-R000-CPL-R00035,CPL-R00035,CPL,OPEN
run-20260922T033120Z-demo-A,run-CPL-R000-CPL-R00036,CPL-R00036,CPL,OPEN
run-20260922T033120Z-demo-A,run-CPL-R000-CPL-R00037,CPL-R00037,CPL,OPEN
run-20260922T033120Z-demo-A,run-CPL-R000-CPL-R00038,CPL-R00038,CPL,OPEN
run-20260922T033120Z-demo-A,run-CPL-R000-CPL-R00039,CPL-R00039,CPL,OPEN
run-20260922T033120Z-demo-A,run-CPL-R000-CPL-R00040,CPL-R00040,CPL,OPEN
run-20260922T033120Z-demo-A,run-CPL-R000-CPL-R00041,CPL-R00041,CPL,OPEN
run-20260922T033120Z-demo-A,run-CPL-R000-CPL-R00042,CPL-R00042,CPL,CLOSED_NO_PAYMENT
run-20260922T033120Z-demo-A,run-CPL-R000-CPL-R00043,CPL-R00043,CPL,OPEN
run-20260922T033120Z-demo-A,run-CPL-R000-CPL-R00044,CPL-R00044,CPL,OPEN
run-20260922T033120Z-demo-A,run-CPL-R000-CPL-R00045,CPL-R00045,CPL,OPEN
run-20260922T033120Z-demo-A,run-CPL-R000-CPL-R00046,CPL-R00046,CPL,OPEN
run-20260922T033120Z-demo-A,run-CPL-R000-CPL-R00047,CPL-R00047,CPL,OPEN
run-20260922T033120Z-demo-A,run-CPL-R000-CPL-R00048,CPL-R00048,CPL,OPEN
run-20260922T033120Z-demo-A,run-CPL-R000-CPL-R00049,CPL-R00049,CPL,OPEN
run-20260922T033120Z-demo-A,run-CPL-R000-CPL-R00050,CPL-R00050,CPL,OPEN
run-20260922T033120Z-demo-A,run-CPL-R000-CPL-R00051,CPL-R00051,CPL,OPEN
run-20260922T033120Z-demo-A,run-CPL-R000-CPL-R00052,CPL-R00052,CPL,OPEN
run-20260922T033120Z-demo-A,run-CPL-R000-CPL-R00053,CPL-R00053,CPL,OPEN
run-20260922T033120Z-demo-A,run-CPL-R000-CPL-R00054,CPL-R00054,CPL,OPEN
run-20260922T033120Z-demo-A,run-CPL-R000-CPL-R00055,CPL-R00055,CPL,OPEN
run-20260922T033120Z-demo-A,run-CPL-R000-CPL-R00056,CPL-R00056,CPL,OPEN
run-20260922T033120Z-demo-A,run-CPL-R000-CPL-R00057,CPL-R00057,CPL,OPEN
run-20260922T033120Z-demo-A,run-CPL-R000-CPL-R00058,CPL-R00058,CPL,OPEN
run-20260922T033120Z-demo-A,run-CPL-R000-CPL-R00059,CPL-R00059,CPL,OPEN
run-20260922T033120Z-demo-A,run-CPL-R000-CPL-R00060,CPL-R00060,CPL,OPEN
run-20260922T033120Z-demo-A,run-CPL-R000-CPL-R00061,CPL-R00061,CPL,OPEN
run-20260922T033120Z-demo-A,run-CPL-R000-CPL-R00062,CPL-R00062,CPL,OPEN
run-20260922T033120Z-demo-A,run-CPL-R000-CPL-R00063,CPL-R00063,CPL,OPEN
run-20260922T033120Z-demo-A,run-CPL-R000-CPL-R00064,CPL-R00064,CPL,OPEN
run-20260922T033120Z-demo-A,run-CPL-R000-CPL-R00065,CPL-R00065,CPL,OPEN
run-20260922T033120Z-demo-A,run-CPL-R000-CPL-R00066,CPL-R00066,CPL,OPEN
run-20260922T033120Z-demo-A,run-CPL-R000-CPL-R00067,CPL-R00067,CPL,OPEN
run-20260922T033120Z-demo-A,run-CPL-R000-CPL-R00068,CPL-R00068,CPL,OPEN
run-20260922T033120Z-demo-A,run-CPL-R000-CPL-R00069,CPL-R00069|CPL-R00070,CPL,OPEN
run-20260922T033120Z-demo-A,run-CPL-R000-CPL-R00071,CPL-R00071,CPL,OPEN
run-20260922T033120Z-demo-A,run-CPL-R000-CPL-R00072,CPL-R00072,CPL,OPEN
run-20260922T033120Z-demo-A,run-CPL-R000-CPL-R00073,CPL-R00073,CPL,OPEN
run-20260922T033120Z-demo-A,run-CPL-R000-CPL-R00074,CPL-R00074,CPL,OPEN
run-20260922T033120Z-demo-A,run-CPL-R000-CPL-R00075,CPL-R00075,CPL,OPEN
run-20260922T033120Z-demo-A,run-CPL-R000-CPL-R00076,CPL-R00076,CPL,OPEN
run-20260922T033120Z-demo-A,run-CPL-R000-CPL-R00077,CPL-R00077,CPL,OPEN
run-20260922T033120Z-demo-A,run-CPL-R000-CPL-R00078,CPL-R00078,CPL,OPEN
run-20260922T033120Z-demo-A,run-CPL-R000-CPL-R00079,CPL-R00079,CPL,OPEN
run-20260922T033120Z-demo-A,run-CPL-R000-CPL-R00080,CPL-R00080,CPL,OPEN
run-20260922T033120Z-demo-A,run-CPL-R000-CPL-R00081,CPL-R00081,CPL,OPEN
run-20260922T033120Z-demo-A,run-CPL-R000-CPL-R00082,CPL-R00082,CPL,OPEN
run-20260922T033120Z-demo-A,run-CPL-R000-CPL-R00083,CPL-R00083,CPL,OPEN
run-20260922T033120Z-demo-A,run-CPL-R000-CPL-R00084,CPL-R00084,CPL,OPEN
run-20260922T033120Z-demo-A,run-CPL-R000-CPL-R00085,CPL-R00085,CPL,OPEN
run-20260922T033120Z-demo-A,run-CPL-R000-CPL-R00086,CPL-R00086,CPL,OPEN
run-20260922T033120Z-demo-A,run-CPL-R000-CPL-R00087,CPL-R00087,CPL,OPEN
run-20260922T033120Z-demo-A,run-CPL-R000-CPL-R00088,CPL-R00088,CPL,OPEN
run-20260922T033120Z-demo-A,run-CPL-R000-CPL-R00089,CPL-R00089,CPL,OPEN
run-20260922T033120Z-demo-A,run-CPL-R000-CPL-R00090,CPL-R00090,CPL,OPEN
run-20260922T033120Z-demo-A,run-CPL-R000-CPL-R00091,CPL-R00091,CPL,CLOSED_NO_PAYMENT
run-20260922T033120Z-demo-A,run-CPL-R000-CPL-R00092,CPL-R00092,CPL,OPEN
run-20260922T033120Z-demo-A,run-CPL-R000-CPL-R00093,CPL-R00093,CPL,OPEN
run-20260922T033120Z-demo-A,run-CPL-R000-CPL-R00094,CPL-R00094,CPL,OPEN
run-20260922T033120Z-demo-A,run-CPL-R000-CPL-R00095,CPL-R00095,CPL,CLOSED_NO_PAYMENT
run-20260922T033120Z-demo-A,run-CPL-R000-CPL-R00096,CPL-R00096,CPL,OPEN
run-20260922T033120Z-demo-A,run-CPL-R000-CPL-R00097,CPL-R00097,CPL,OPEN
run-20260922T033120Z-demo-A,run-CPL-R000-CPL-R00098,CPL-R00098,CPL,OPEN
run-20260922T033120Z-demo-A,run-CPL-R000-CPL-R00099,CPL-R00099,CPL,OPEN
run-20260922T033120Z-demo-A,run-CPL-R001-CPL-R00100,CPL-R00100,CPL,OPEN
run-20260922T033120Z-demo-A,run-CPL-R001-CPL-R00101,CPL-R00101,CPL,OPEN
run-20260922T033120Z-demo-A,run-CPL-R001-CPL-R00102,CPL-R00102,CPL,OPEN
run-20260922T033120Z-demo-A,run-CPL-R001-CPL-R00103,CPL-R00103,CPL,OPEN
run-20260922T033120Z-demo-A,run-CPL-R001-CPL-R00104,CPL-R00104,CPL,OPEN
run-20260922T033120Z-demo-A,run-CPL-R001-CPL-R00105,CPL-R00105,CPL,OPEN
run-20260922T033120Z-demo-A,run-CPL-R001-CPL-R00106,CPL-R00106|CPL-R00107,CPL,OPEN
run-20260922T033120Z-demo-A,run-CPL-R001-CPL-R00108,CPL-R00108,CPL,OPEN
run-20260922T033120Z-demo-A,run-CPL-R001-CPL-R00109,CPL-R00109,CPL,CLOSED_NO_PAYMENT
run-20260922T033120Z-demo-A,run-CPL-R001-CPL-R00110,CPL-R00110,CPL,OPEN
run-20260922T033120Z-demo-A,run-CPL-R001-CPL-R00111,CPL-R00111,CPL,OPEN
run-20260922T033120Z-demo-A,run-CPL-R001-CPL-R00112,CPL-R00112,CPL,OPEN
run-20260922T033120Z-demo-A,run-CPL-R001-CPL-R00113,CPL-R00113,CPL,OPEN
run-20260922T033120Z-demo-A,run-CPL-R001-CPL-R00114,CPL-R00114,CPL,OPEN
run-20260922T033120Z-demo-A,run-CPL-R001-CPL-R00115,CPL-R00115,CPL,OPEN
run-20260922T033120Z-demo-A,run-CPL-R001-CPL-R00116,CPL-R00116,CPL,OPEN
run-20260922T033120Z-demo-A,run-CPL-R001-CPL-R00117,CPL-R00117,CPL,OPEN
run-20260922T033120Z-demo-A,run-CPL-R001-CPL-R00118,CPL-R00118,CPL,OPEN
run-20260922T033120Z-demo-A,run-CPL-R001-CPL-R00119,CPL-R00119,CPL,OPEN
run-20260922T033120Z-demo-A,run-CPL-R001-CPL-R00120,CPL-R00120,CPL,OPEN
run-20260922T033120Z-demo-A,run-CPL-R001-CPL-R00121,CPL-R00121,CPL,OPEN
run-20260922T033120Z-demo-A,run-CPL-R001-CPL-R00122,CPL-R00122,CPL,OPEN
run-20260922T033120Z-demo-A,run-CPL-R001-CPL-R00123,CPL-R00123,CPL,OPEN
run-20260922T033120Z-demo-A,run-CPL-R001-CPL-R00124,CPL-R00124,CPL,CLOSED_NO_PAYMENT
run-20260922T033120Z-demo-A,run-CPL-R001-CPL-R00125,CPL-R00125,CPL,OPEN
run-20260922T033120Z-demo-A,run-CPL-R001-CPL-R00126,CPL-R00126,CPL,OPEN
run-20260922T033120Z-demo-A,run-CPL-R001-CPL-R00127,CPL-R00127|CPL-R00128,CPL,OPEN
run-20260922T033120Z-demo-A,run-CPL-R001-CPL-R00129,CPL-R00129,CPL,OPEN
run-20260922T033120Z-demo-A,run-CPL-R001-CPL-R00130,CPL-R00130,CPL,OPEN
run-20260922T033120Z-demo-A,run-CPL-R001-CPL-R00131,CPL-R00131,CPL,OPEN
run-20260922T033120Z-demo-A,run-CPL-R001-CPL-R00132,CPL-R00132,CPL,OPEN
run-20260922T033120Z-demo-A,run-CPL-R001-CPL-R00133,CPL-R00133,CPL,OPEN
run-20260922T033120Z-demo-A,run-CPL-R001-CPL-R00134,CPL-R00134|CPL-R00135,CPL,OPEN
run-20260922T033120Z-demo-A,run-CPL-R001-CPL-R00136,CPL-R00136,CPL,OPEN
run-20260922T033120Z-demo-A,run-CPL-R001-CPL-R00137,CPL-R00137,CPL,OPEN
run-20260922T033120Z-demo-A,run-CPL-R001-CPL-R00138,CPL-R00138,CPL,OPEN
run-20260922T033120Z-demo-A,run-CPL-R001-CPL-R00139,CPL-R00139,CPL,OPEN
run-20260922T033120Z-demo-A,run-CPL-R001-CPL-R00140,CPL-R00140,CPL,OPEN
run-20260922T033120Z-demo-A,run-CPL-R001-CPL-R00141,CPL-R00141,CPL,OPEN
run-20260922T033120Z-demo-A,run-CPL-R001-CPL-R00142,CPL-R00142,CPL,OPEN
run-20260922T033120Z-demo-A,run-CPL-R001-CPL-R00143,CPL-R00143,CPL,OPEN
run-20260922T033120Z-demo-A,run-CPL-R001-CPL-R00144,CPL-R00144,CPL,OPEN
run-20260922T033120Z-demo-A,run-CPL-R001-CPL-R00145,CPL-R00145,CPL,OPEN
run-20260922T033120Z-demo-A,run-CPL-R001-CPL-R00146,CPL-R00146,CPL,OPEN
run-20260922T033120Z-demo-A,run-CPL-R001-CPL-R00147,CPL-R00147,CPL,OPEN
run-20260922T033120Z-demo-A,run-CPL-R001-CPL-R00148,CPL-R00148,CPL,OPEN
run-20260922T033120Z-demo-A,run-CPL-R001-CPL-R00149,CPL-R00149,CPL,OPEN
run-20260922T033120Z-demo-A,run-CPL-R001-CPL-R00150,CPL-R00150,CPL,OPEN
run-20260922T033120Z-demo-A,run-CPL-R001-CPL-R00151,CPL-R00151,CPL,OPEN
run-20260922T033120Z-demo-A,run-CPL-R001-CPL-R00152,CPL-R00152,CPL,OPEN
run-20260922T033120Z-demo-A,run-CPL-R001-CPL-R00153,CPL-R00153,CPL,OPEN
run-20260922T033120Z-demo-A,run-CPL-R001-CPL-R00154,CPL-R00154,CPL,OPEN
run-20260922T033120Z-demo-A,run-CPL-R001-CPL-R00155,CPL-R00155,CPL,OPEN
run-20260922T033120Z-demo-A,run-CPL-R001-CPL-R00156,CPL-R00156,CPL,OPEN
run-20260922T033120Z-demo-A,run-CPL-R001-CPL-R00157,CPL-R00157,CPL,OPEN
run-20260922T033120Z-demo-A,run-CPL-R001-CPL-R00158,CPL-R00158,CPL,OPEN
run-20260922T033120Z-demo-A,run-CPL-R001-CPL-R00159,CPL-R00159|CPL-R00160,CPL,OPEN
run-20260922T033120Z-demo-A,run-CPL-R001-CPL-R00161,CPL-R00161,CPL,OPEN
run-20260922T033120Z-demo-A,run-CPL-R001-CPL-R00162,CPL-R00162,CPL,OPEN
run-20260922T033120Z-demo-A,run-CPL-R001-CPL-R00163,CPL-R00163,CPL,OPEN
run-20260922T033120Z-demo-A,run-CPL-R001-CPL-R00164,CPL-R00164,CPL,OPEN
run-20260922T033120Z-demo-A,run-CPL-R001-CPL-R00165,CPL-R00165,CPL,OPEN
run-20260922T033120Z-demo-A,run-CPL-R001-CPL-R00166,CPL-R00166,CPL,OPEN
run-20260922T033120Z-demo-A,run-CPL-R001-CPL-R00167,CPL-R00167,CPL,OPEN
run-20260922T033120Z-demo-A,run-CPL-R001-CPL-R00168,CPL-R00168,CPL,OPEN
run-20260922T033120Z-demo-A,run-CPL-R001-CPL-R00169,CPL-R00169,CPL,OPEN
run-20260922T033120Z-demo-A,run-CPL-R001-CPL-R00170,CPL-R00170,CPL,OPEN
run-20260922T033120Z-demo-A,run-CPL-R001-CPL-R00171,CPL-R00171,CPL,OPEN
run-20260922T033120Z-demo-A,run-CPL-R001-CPL-R00172,CPL-R00172,CPL,OPEN
run-20260922T033120Z-demo-A,run-CPL-R001-CPL-R00173,CPL-R00173,CPL,OPEN
run-20260922T033120Z-demo-A,run-CPL-R001-CPL-R00174,CPL-R00174,CPL,OPEN
run-20260922T033120Z-demo-A,run-CPL-R001-CPL-R00175,CPL-R00175,CPL,OPEN
run-20260922T033120Z-demo-A,run-CPL-R001-CPL-R00176,CPL-R00176,CPL,OPEN
run-20260922T033120Z-demo-A,run-CPL-R001-CPL-R00177,CPL-R00177|CPL-R00178,CPL,OPEN
run-20260922T033120Z-demo-A,run-CPL-R001-CPL-R00179,CPL-R00179,CPL,OPEN
run-20260922T033120Z-demo-A,run-CPL-R001-CPL-R00180,CPL-R00180,CPL,OPEN
run-20260922T033120Z-demo-A,run-CPL-R001-CPL-R00181,CPL-R00181,CPL,OPEN
run-20260922T033120Z-demo-A,run-CPL-R001-CPL-R00182,CPL-R00182,CPL,OPEN
run-20260922T033120Z-demo-A,run-CPL-R001-CPL-R00183,CPL-R00183,CPL,OPEN
run-20260922T033120Z-demo-A,run-CPL-R001-CPL-R00184,CPL-R00184,CPL,OPEN
run-20260922T033120Z-demo-A,run-CPL-R001-CPL-R00185,CPL-R00185,CPL,OPEN
run-20260922T033120Z-demo-A,run-CPL-R001-CPL-R00186,CPL-R00186,CPL,OPEN
run-20260922T033120Z-demo-A,run-CPL-R001-CPL-R00187,CPL-R00187,CPL,OPEN
run-20260922T033120Z-demo-A,run-CPL-R001-CPL-R00188,CPL-R00188,CPL,OPEN
run-20260922T033120Z-demo-A,run-CPL-R001-CPL-R00189,CPL-R00189,CPL,OPEN
run-20260922T033120Z-demo-A,run-CPL-R001-CPL-R00190,CPL-R00190,CPL,OPEN
run-20260922T033120Z-demo-A,run-CPL-R001-CPL-R00191,CPL-R00191,CPL,OPEN
run-20260922T033120Z-demo-A,run-CPL-R001-CPL-R00192,CPL-R00192,CPL,OPEN
run-20260922T033120Z-demo-A,run-CPL-R001-CPL-R00193,CPL-R00193,CPL,OPEN
run-20260922T033120Z-demo-A,run-CPL-R001-CPL-R00194,CPL-R00194,CPL,OPEN
run-20260922T033120Z-demo-A,run-CPL-R001-CPL-R00195,CPL-R00195,CPL,OPEN
run-20260922T033120Z-demo-A,run-CPL-R001-CPL-R00196,CPL-R00196,CPL,OPEN
run-20260922T033120Z-demo-A,run-CPL-R001-CPL-R00197,CPL-R00197,CPL,OPEN
run-20260922T033120Z-demo-A,run-CPL-R001-CPL-R00198,CPL-R00198|CPL-R00199,CPL,OPEN
run-20260922T033120Z-demo-A,run-CPL-R002-CPL-R00200,CPL-R00200,CPL,OPEN
run-20260922T033120Z-demo-A,run-CPL-R002-CPL-R00201,CPL-R00201,CPL,OPEN
run-20260922T033120Z-demo-A,run-CPL-R002-CPL-R00202,CPL-R00202,CPL,OPEN
run-20260922T033120Z-demo-A,run-CPL-R002-CPL-R00203,CPL-R00203,CPL,OPEN
run-20260922T033120Z-demo-A,run-CPL-R002-CPL-R00204,CPL-R00204,CPL,OPEN
run-20260922T033120Z-demo-A,run-CPL-R002-CPL-R00205,CPL-R00205,CPL,OPEN
run-20260922T033120Z-demo-A,run-CPL-R002-CPL-R00206,CPL-R00206,CPL,OPEN
run-20260922T033120Z-demo-A,run-CPL-R002-CPL-R00207,CPL-R00207,CPL,OPEN
run-20260922T033120Z-demo-A,run-CPL-R002-CPL-R00208,CPL-R00208,CPL,OPEN
run-20260922T033120Z-demo-A,run-CPL-R002-CPL-R00209,CPL-R00209,CPL,CLOSED_NO_PAYMENT
run-20260922T033120Z-demo-A,run-CPL-R002-CPL-R00210,CPL-R00210,CPL,OPEN
run-20260922T033120Z-demo-A,run-CPL-R002-CPL-R00211,CPL-R00211,CPL,OPEN
run-20260922T033120Z-demo-A,run-CPL-R002-CPL-R00212,CPL-R00212,CPL,OPEN
run-20260922T033120Z-demo-A,run-CPL-R002-CPL-R00213,CPL-R00213|CPL-R00214,CPL,OPEN
run-20260922T033120Z-demo-A,run-CPL-R002-CPL-R00215,CPL-R00215|CPL-R00216,CPL,OPEN
run-20260922T033120Z-demo-A,run-CPL-R002-CPL-R00217,CPL-R00217,CPL,OPEN
run-20260922T033120Z-demo-A,run-CPL-R002-CPL-R00218,CPL-R00218,CPL,OPEN
run-20260922T033120Z-demo-A,run-CPL-R002-CPL-R00219,CPL-R00219,CPL,OPEN
run-20260922T033120Z-demo-A,run-CPL-R002-CPL-R00220,CPL-R00220,CPL,OPEN
run-20260922T033120Z-demo-A,run-CPL-R002-CPL-R00221,CPL-R00221|CPL-R00222,CPL,OPEN
run-20260922T033120Z-demo-A,run-CPL-R002-CPL-R00223,CPL-R00223,CPL,OPEN
run-20260922T033120Z-demo-A,run-CPL-R002-CPL-R00224,CPL-R00224,CPL,OPEN
run-20260922T033120Z-demo-A,run-CPL-R002-CPL-R00225,CPL-R00225,CPL,OPEN
run-20260922T033120Z-demo-A,run-CPL-R002-CPL-R00226,CPL-R00226,CPL,OPEN
run-20260922T033120Z-demo-A,run-CPL-R002-CPL-R00227,CPL-R00227,CPL,OPEN
run-20260922T033120Z-demo-A,run-CPL-R002-CPL-R00228,CPL-R00228,CPL,OPEN
run-20260922T033120Z-demo-A,run-CPL-R002-CPL-R00229,CPL-R00229,CPL,OPEN
run-20260922T033120Z-demo-A,run-CPL-R002-CPL-R00230,CPL-R00230,CPL,OPEN
run-20260922T033120Z-demo-A,run-CPL-R002-CPL-R00231,CPL-R00231,CPL,OPEN
run-20260922T033120Z-demo-A,run-CPL-R002-CPL-R00232,CPL-R00232,CPL,OPEN
run-20260922T033120Z-demo-A,run-CPL-R002-CPL-R00233,CPL-R00233,CPL,OPEN
run-20260922T033120Z-demo-A,run-CPL-R002-CPL-R00234,CPL-R00234|CPL-R00235,CPL,OPEN
run-20260922T033120Z-demo-A,run-CPL-R002-CPL-R00236,CPL-R00236,CPL,OPEN
run-20260922T033120Z-demo-A,run-CPL-R002-CPL-R00237,CPL-R00237,CPL,OPEN
run-20260922T033120Z-demo-A,run-CPL-R002-CPL-R00238,CPL-R00238,CPL,OPEN
run-20260922T033120Z-demo-A,run-CPL-R002-CPL-R00239,CPL-R00239,CPL,OPEN
run-20260922T033120Z-demo-A,run-CPL-R002-CPL-R00240,CPL-R00240,CPL,CLOSED_NO_PAYMENT
run-20260922T033120Z-demo-A,run-CPL-R002-CPL-R00241,CPL-R00241|CPL-R00242,CPL,OPEN
run-20260922T033120Z-demo-A,run-CPL-R002-CPL-R00243,CPL-R00243,CPL,OPEN
run-20260922T033120Z-demo-A,run-CPL-R002-CPL-R00244,CPL-R00244,CPL,OPEN
run-20260922T033120Z-demo-A,run-CPL-R002-CPL-R00245,CPL-R00245,CPL,OPEN
run-20260922T033120Z-demo-A,run-CPL-R002-CPL-R00246,CPL-R00246,CPL,OPEN
run-20260922T033120Z-demo-A,run-CPL-R002-CPL-R00247,CPL-R00247,CPL,OPEN
run-20260922T033120Z-demo-A,run-CPL-R002-CPL-R00248,CPL-R00248,CPL,OPEN
run-20260922T033120Z-demo-A,run-CPL-R002-CPL-R00249,CPL-R00249,CPL,OPEN
run-20260922T033120Z-demo-A,run-CPL-R002-CPL-R00250,CPL-R00250,CPL,CLOSED_NO_PAYMENT
run-20260922T033120Z-demo-A,run-CPL-R002-CPL-R00251,CPL-R00251,CPL,OPEN
run-20260922T033120Z-demo-A,run-CPL-R002-CPL-R00252,CPL-R00252,CPL,OPEN
run-20260922T033120Z-demo-A,run-CPL-R002-CPL-R00253,CPL-R00253,CPL,OPEN
run-20260922T033120Z-demo-A,run-CPL-R002-CPL-R00254,CPL-R00254,CPL,OPEN
run-20260922T033120Z-demo-A,run-CPL-R002-CPL-R00255,CPL-R00255,CPL,OPEN
run-20260922T033120Z-demo-A,run-CPL-R002-CPL-R00256,CPL-R00256,CPL,OPEN
run-20260922T033120Z-demo-A,run-CPL-R002-CPL-R00257,CPL-R00257,CPL,OPEN
run-20260922T033120Z-demo-A,run-CPL-R002-CPL-R00258,CPL-R00258,CPL,CLOSED_NO_PAYMENT
run-20260922T033120Z-demo-A,run-CPL-R002-CPL-R00259,CPL-R00259,CPL,OPEN
run-20260922T033120Z-demo-A,run-CPL-R002-CPL-R00260,CPL-R00260,CPL,OPEN
run-20260922T033120Z-demo-A,run-CPL-R002-CPL-R00261,CPL-R00261,CPL,OPEN
run-20260922T033120Z-demo-A,run-CPL-R002-CPL-R00262,CPL-R00262,CPL,OPEN
run-20260922T033120Z-demo-A,run-CPL-R002-CPL-R00263,CPL-R00263,CPL,OPEN
run-20260922T033120Z-demo-A,run-CPL-R002-CPL-R00264,CPL-R00264,CPL,OPEN
run-20260922T033120Z-demo-A,run-CPL-R002-CPL-R00265,CPL-R00265,CPL,OPEN
run-20260922T033120Z-demo-A,run-CPL-R002-CPL-R00266,CPL-R00266,CPL,OPEN
run-20260922T033120Z-demo-A,run-CPL-R002-CPL-R00267,CPL-R00267|CPL-R00268,CPL,OPEN
run-20260922T033120Z-demo-A,run-CPL-R002-CPL-R00269,CPL-R00269,CPL,OPEN
run-20260922T033120Z-demo-A,run-CPL-R002-CPL-R00270,CPL-R00270,CPL,OPEN
run-20260922T033120Z-demo-A,run-CPL-R002-CPL-R00271,CPL-R00271,CPL,OPEN
run-20260922T033120Z-demo-A,run-CPL-R002-CPL-R00272,CPL-R00272,CPL,OPEN
run-20260922T033120Z-demo-A,run-CPL-R002-CPL-R00273,CPL-R00273,CPL,OPEN
run-20260922T033120Z-demo-A,run-CPL-R002-CPL-R00274,CPL-R00274,CPL,OPEN
run-20260922T033120Z-demo-A,run-CPL-R002-CPL-R00275,CPL-R00275,CPL,OPEN
run-20260922T033120Z-demo-A,run-CPL-R002-CPL-R00276,CPL-R00276,CPL,OPEN
run-20260922T033120Z-demo-A,run-CPL-R002-CPL-R00277,CPL-R00277,CPL,OPEN
run-20260922T033120Z-demo-A,run-CPL-R002-CPL-R00278,CPL-R00278,CPL,OPEN
run-20260922T033120Z-demo-A,run-CPL-R002-CPL-R00279,CPL-R00279|CPL-R00280,CPL,OPEN
run-20260922T033120Z-demo-A,run-CPL-R002-CPL-R00281,CPL-R00281,CPL,OPEN
run-20260922T033120Z-demo-A,run-CPL-R002-CPL-R00282,CPL-R00282,CPL,OPEN
run-20260922T033120Z-demo-A,run-CPL-R002-CPL-R00283,CPL-R00283,CPL,OPEN
run-20260922T033120Z-demo-A,run-CPL-R002-CPL-R00284,CPL-R00284,CPL,OPEN
run-20260922T033120Z-demo-A,run-CPL-R002-CPL-R00285,CPL-R00285,CPL,OPEN
run-20260922T033120Z-demo-A,run-CPL-R002-CPL-R00286,CPL-R00286,CPL,OPEN
run-20260922T033120Z-demo-A,run-CPL-R002-CPL-R00287,CPL-R00287,CPL,OPEN
run-20260922T033120Z-demo-A,run-CPL-R002-CPL-R00288,CPL-R00288,CPL,OPEN
run-20260922T033120Z-demo-A,run-CPL-R002-CPL-R00289,CPL-R00289,CPL,OPEN
run-20260922T033120Z-demo-A,run-CPL-R002-CPL-R00290,CPL-R00290,CPL,OPEN
run-20260922T033120Z-demo-A,run-CPL-R002-CPL-R00291,CPL-R00291,CPL,OPEN
run-20260922T033120Z-demo-A,run-CPL-R002-CPL-R00292,CPL-R00292,CPL,OPEN
run-20260922T033120Z-demo-A,run-CPL-R002-CPL-R00293,CPL-R00293,CPL,OPEN
run-20260922T033120Z-demo-A,run-CPL-R002-CPL-R00294,CPL-R00294,CPL,OPEN
run-20260922T033120Z-demo-A,run-CPL-R002-CPL-R00295,CPL-R00295,CPL,OPEN
run-20260922T033120Z-demo-A,run-CPL-R002-CPL-R00296,CPL-R00296|CPL-R00297,CPL,OPEN
run-20260922T033120Z-demo-A,run-CPL-R002-CPL-R00298,CPL-R00298,CPL,OPEN
run-20260922T033120Z-demo-A,run-CPL-R002-CPL-R00299,CPL-R00299,CPL,OPEN
run-20260922T033120Z-demo-A,run-CPL-R003-CPL-R00300,CPL-R00300,CPL,OPEN
run-20260922T033120Z-demo-A,run-CPL-R003-CPL-R00301,CPL-R00301,CPL,OPEN
run-20260922T033120Z-demo-A,run-CPL-R003-CPL-R00302,CPL-R00302,CPL,OPEN
run-20260922T033120Z-demo-A,run-CPL-R003-CPL-R00303,CPL-R00303|CPL-R00304,CPL,OPEN
run-20260922T033120Z-demo-A,run-CPL-R003-CPL-R00305,CPL-R00305,CPL,OPEN
run-20260922T033120Z-demo-A,run-CPL-R003-CPL-R00306,CPL-R00306,CPL,OPEN
run-20260922T033120Z-demo-A,run-CPL-R003-CPL-R00307,CPL-R00307,CPL,OPEN
run-20260922T033120Z-demo-A,run-CPL-R003-CPL-R00308,CPL-R00308,CPL,OPEN
run-20260922T033120Z-demo-A,run-CPL-R003-CPL-R00309,CPL-R00309,CPL,OPEN
run-20260922T033120Z-demo-A,run-CPL-R003-CPL-R00310,CPL-R00310,CPL,OPEN
run-20260922T033120Z-demo-A,run-CPL-R003-CPL-R00311,CPL-R00311,CPL,OPEN
run-20260922T033120Z-demo-A,run-CPL-R003-CPL-R00312,CPL-R00312,CPL,OPEN
run-20260922T033120Z-demo-A,run-CPL-R003-CPL-R00313,CPL-R00313,CPL,OPEN
run-20260922T033120Z-demo-A,run-CPL-R003-CPL-R00314,CPL-R00314,CPL,OPEN
run-20260922T033120Z-demo-A,run-CPL-R003-CPL-R00315,CPL-R00315,CPL,OPEN
run-20260922T033120Z-demo-A,run-CPL-R003-CPL-R00316,CPL-R00316|CPL-R00317,CPL,OPEN
run-20260922T033120Z-demo-A,run-CPL-R003-CPL-R00318,CPL-R00318|CPL-R00319,CPL,OPEN
run-20260922T033120Z-demo-A,run-CPL-R003-CPL-R00320,CPL-R00320,CPL,OPEN
run-20260922T033120Z-demo-A,run-CPL-R003-CPL-R00321,CPL-R00321,CPL,OPEN
run-20260922T033120Z-demo-A,run-CPL-R003-CPL-R00322,CPL-R00322,CPL,OPEN
run-20260922T033120Z-demo-A,run-CPL-R003-CPL-R00323,CPL-R00323,CPL,OPEN
run-20260922T033120Z-demo-A,run-CPL-R003-CPL-R00324,CPL-R00324,CPL,OPEN
run-20260922T033120Z-demo-A,run-CPL-R003-CPL-R00325,CPL-R00325,CPL,OPEN
run-20260922T033120Z-demo-A,run-CPL-R003-CPL-R00326,CPL-R00326,CPL,OPEN
run-20260922T033120Z-demo-A,run-CPL-R003-CPL-R00327,CPL-R00327|CPL-R00328,CPL,OPEN
run-20260922T033120Z-demo-A,run-CPL-R003-CPL-R00329,CPL-R00329,CPL,CLOSED_NO_PAYMENT
run-20260922T033120Z-demo-A,run-CPL-R003-CPL-R00330,CPL-R00330,CPL,OPEN
run-20260922T033120Z-demo-A,run-CPL-R003-CPL-R00331,CPL-R00331,CPL,OPEN
run-20260922T033120Z-demo-A,run-CPL-R003-CPL-R00332,CPL-R00332,CPL,OPEN
run-20260922T033120Z-demo-A,run-CPL-R003-CPL-R00333,CPL-R00333,CPL,OPEN
run-20260922T033120Z-demo-A,run-CPL-R003-CPL-R00334,CPL-R00334,CPL,OPEN
run-20260922T033120Z-demo-A,run-CPL-R003-CPL-R00335,CPL-R00335,CPL,OPEN
run-20260922T033120Z-demo-A,run-CPL-R003-CPL-R00336,CPL-R00336,CPL,OPEN
run-20260922T033120Z-demo-A,run-CPL-R003-CPL-R00337,CPL-R00337|CPL-R00338,CPL,OPEN
run-20260922T033120Z-demo-A,run-CPL-R003-CPL-R00339,CPL-R00339,CPL,OPEN
run-20260922T033120Z-demo-A,run-CPL-R003-CPL-R00340,CPL-R00340,CPL,OPEN
run-20260922T033120Z-demo-A,run-CPL-R003-CPL-R00341,CPL-R00341,CPL,CLOSED_NO_PAYMENT
run-20260922T033120Z-demo-A,run-CPL-R003-CPL-R00342,CPL-R00342,CPL,OPEN
run-20260922T033120Z-demo-A,run-CPL-R003-CPL-R00343,CPL-R00343,CPL,OPEN
run-20260922T033120Z-demo-A,run-CPL-R003-CPL-R00344,CPL-R00344,CPL,OPEN
run-20260922T033120Z-demo-A,run-CPL-R003-CPL-R00345,CPL-R00345,CPL,OPEN
run-20260922T033120Z-demo-A,run-CPL-R003-CPL-R00346,CPL-R00346,CPL,OPEN
run-20260922T033120Z-demo-A,run-CPL-R003-CPL-R00347,CPL-R00347,CPL,OPEN
run-20260922T033120Z-demo-A,run-CPL-R003-CPL-R00348,CPL-R00348,CPL,OPEN
run-20260922T033120Z-demo-A,run-CPL-R003-CPL-R00349,CPL-R00349,CPL,OPEN
run-20260922T033120Z-demo-A,run-CPL-R003-CPL-R00350,CPL-R00350,CPL,OPEN
run-20260922T033120Z-demo-A,run-CPL-R003-CPL-R00351,CPL-R00351,CPL,OPEN
run-20260922T033120Z-demo-A,run-CPL-R003-CPL-R00352,CPL-R00352,CPL,OPEN
run-20260922T033120Z-demo-A,run-CPL-R003-CPL-R00353,CPL-R00353,CPL,CLOSED_NO_PAYMENT
run-20260922T033120Z-demo-A,run-CPL-R003-CPL-R00354,CPL-R00354,CPL,OPEN
run-20260922T033120Z-demo-A,run-CPL-R003-CPL-R00355,CPL-R00355,CPL,OPEN
run-20260922T033120Z-demo-A,run-CPL-R003-CPL-R00356,CPL-R00356,CPL,OPEN
run-20260922T033120Z-demo-A,run-CPL-R003-CPL-R00357,CPL-R00357|CPL-R00358,CPL,OPEN
run-20260922T033120Z-demo-A,run-CPL-R003-CPL-R00359,CPL-R00359,CPL,OPEN
run-20260922T033120Z-demo-A,run-CPL-R003-CPL-R00360,CPL-R00360,CPL,OPEN
run-20260922T033120Z-demo-A,run-CPL-R003-CPL-R00361,CPL-R00361,CPL,OPEN
run-20260922T033120Z-demo-A,run-CPL-R003-CPL-R00362,CPL-R00362,CPL,OPEN
run-20260922T033120Z-demo-A,run-CPL-R003-CPL-R00363,CPL-R00363,CPL,OPEN
run-20260922T033120Z-demo-A,run-CPL-R003-CPL-R00364,CPL-R00364,CPL,OPEN
run-20260922T033120Z-demo-A,run-CPL-R003-CPL-R00365,CPL-R00365,CPL,OPEN
run-20260922T033120Z-demo-A,run-CPL-R003-CPL-R00366,CPL-R00366,CPL,OPEN
run-20260922T033120Z-demo-A,run-CPL-R003-CPL-R00367,CPL-R00367,CPL,OPEN
run-20260922T033120Z-demo-A,run-CPL-R003-CPL-R00368,CPL-R00368,CPL,OPEN
run-20260922T033120Z-demo-A,run-CPL-R003-CPL-R00369,CPL-R00369,CPL,OPEN
run-20260922T033120Z-demo-A,run-CPL-R003-CPL-R00370,CPL-R00370|CPL-R00371,CPL,OPEN
run-20260922T033120Z-demo-A,run-CPL-R003-CPL-R00372,CPL-R00372,CPL,OPEN
run-20260922T033120Z-demo-A,run-CPL-R003-CPL-R00373,CPL-R00373,CPL,OPEN
run-20260922T033120Z-demo-A,run-CPL-R003-CPL-R00374,CPL-R00374,CPL,OPEN
run-20260922T033120Z-demo-A,run-CPL-R003-CPL-R00375,CPL-R00375,CPL,OPEN
run-20260922T033120Z-demo-A,run-CPL-R003-CPL-R00376,CPL-R00376,CPL,OPEN
run-20260922T033120Z-demo-A,run-CPL-R003-CPL-R00377,CPL-R00377,CPL,OPEN
run-20260922T033120Z-demo-A,run-CPL-R003-CPL-R00378,CPL-R00378,CPL,OPEN
run-20260922T033120Z-demo-A,run-CPL-R003-CPL-R00379,CPL-R00379,CPL,OPEN
run-20260922T033120Z-demo-A,run-CPL-R003-CPL-R00380,CPL-R00380,CPL,CLOSED_NO_PAYMENT
run-20260922T033120Z-demo-A,run-CPL-R003-CPL-R00381,CPL-R00381,CPL,OPEN
run-20260922T033120Z-demo-A,run-CPL-R003-CPL-R00382,CPL-R00382,CPL,OPEN
run-20260922T033120Z-demo-A,run-CPL-R003-CPL-R00383,CPL-R00383,CPL,OPEN
run-20260922T033120Z-demo-A,run-CPL-R003-CPL-R00384,CPL-R00384,CPL,OPEN
run-20260922T033120Z-demo-A,run-CPL-R003-CPL-R00385,CPL-R00385,CPL,OPEN
run-20260922T033120Z-demo-A,run-CPL-R003-CPL-R00386,CPL-R00386,CPL,OPEN
run-20260922T033120Z-demo-A,run-CPL-R003-CPL-R00387,CPL-R00387,CPL,OPEN
run-20260922T033120Z-demo-A,run-CPL-R003-CPL-R00388,CPL-R00388,CPL,OPEN
run-20260922T033120Z-demo-A,run-CPL-R003-CPL-R00389,CPL-R00389|CPL-R00390,CPL,OPEN
run-20260922T033120Z-demo-A,run-CPL-R003-CPL-R00391,CPL-R00391,CPL,OPEN
run-20260922T033120Z-demo-A,run-CPL-R003-CPL-R00392,CPL-R00392,CPL,OPEN
run-20260922T033120Z-demo-A,run-CPL-R003-CPL-R00393,CPL-R00393,CPL,OPEN
run-20260922T033120Z-demo-A,run-CPL-R003-CPL-R00394,CPL-R00394,CPL,CLOSED_NO_PAYMENT
run-20260922T033120Z-demo-A,run-CPL-R003-CPL-R00395,CPL-R00395|CPL-R00396,CPL,OPEN
run-20260922T033120Z-demo-A,run-CPL-R003-CPL-R00397,CPL-R00397,CPL,OPEN
run-20260922T033120Z-demo-A,run-CPL-R003-CPL-R00398,CPL-R00398,CPL,OPEN
run-20260922T033120Z-demo-A,run-CPL-R003-CPL-R00399,CPL-R00399,CPL,OPEN
run-20260922T033120Z-demo-A,run-CPL-R004-CPL-R00400,CPL-R00400,CPL,OPEN
run-20260922T033120Z-demo-A,run-CPL-R004-CPL-R00401,CPL-R00401,CPL,OPEN
run-20260922T033120Z-demo-A,run-CPL-R004-CPL-R00402,CPL-R00402,CPL,OPEN
run-20260922T033120Z-demo-A,run-CPL-R004-CPL-R00403,CPL-R00403,CPL,OPEN
run-20260922T033120Z-demo-A,run-CPL-R004-CPL-R00404,CPL-R00404,CPL,OPEN
run-20260922T033120Z-demo-A,run-CPL-R004-CPL-R00405,CPL-R00405,CPL,OPEN
run-20260922T033120Z-demo-A,run-CPL-R004-CPL-R00406,CPL-R00406,CPL,OPEN
run-20260922T033120Z-demo-A,run-CPL-R004-CPL-R00407,CPL-R00407,CPL,OPEN
run-20260922T033120Z-demo-A,run-CPL-R004-CPL-R00408,CPL-R00408,CPL,OPEN
run-20260922T033120Z-demo-A,run-CPL-R004-CPL-R00409,CPL-R00409,CPL,OPEN
run-20260922T033120Z-demo-A,run-CPL-R004-CPL-R00410,CPL-R00410,CPL,OPEN
run-20260922T033120Z-demo-A,run-CPL-R004-CPL-R00411,CPL-R00411,CPL,OPEN
run-20260922T033120Z-demo-A,run-CPL-R004-CPL-R00412,CPL-R00412,CPL,OPEN
run-20260922T033120Z-demo-A,run-CPL-R004-CPL-R00413,CPL-R00413,CPL,OPEN
run-20260922T033120Z-demo-A,run-CPL-R004-CPL-R00414,CPL-R00414,CPL,OPEN
run-20260922T033120Z-demo-A,run-CPL-R004-CPL-R00415,CPL-R00415,CPL,OPEN
run-20260922T033120Z-demo-A,run-CPL-R004-CPL-R00416,CPL-R00416,CPL,OPEN
run-20260922T033120Z-demo-A,run-CPL-R004-CPL-R00417,CPL-R00417,CPL,OPEN
run-20260922T033120Z-demo-A,run-CPL-R004-CPL-R00418,CPL-R00418,CPL,CLOSED_NO_PAYMENT
run-20260922T033120Z-demo-A,run-CPL-R004-CPL-R00419,CPL-R00419,CPL,OPEN
run-20260922T033120Z-demo-A,run-CPL-R004-CPL-R00420,CPL-R00420,CPL,CLOSED_NO_PAYMENT
run-20260922T033120Z-demo-A,run-CPL-R004-CPL-R00421,CPL-R00421,CPL,OPEN
run-20260922T033120Z-demo-A,run-CPL-R004-CPL-R00422,CPL-R00422,CPL,OPEN
run-20260922T033120Z-demo-A,run-CPL-R004-CPL-R00423,CPL-R00423,CPL,OPEN
run-20260922T033120Z-demo-A,run-CPL-R004-CPL-R00424,CPL-R00424,CPL,OPEN
run-20260922T033120Z-demo-A,run-CPL-R004-CPL-R00425,CPL-R00425,CPL,OPEN
run-20260922T033120Z-demo-A,run-CPL-R004-CPL-R00426,CPL-R00426|CPL-R00427,CPL,OPEN
run-20260922T033120Z-demo-A,run-CPL-R004-CPL-R00428,CPL-R00428,CPL,OPEN
run-20260922T033120Z-demo-A,run-CPL-R004-CPL-R00429,CPL-R00429,CPL,OPEN
run-20260922T033120Z-demo-A,run-CPL-R004-CPL-R00430,CPL-R00430,CPL,OPEN
run-20260922T033120Z-demo-A,run-CPL-R004-CPL-R00431,CPL-R00431,CPL,OPEN
run-20260922T033120Z-demo-A,run-CPL-R004-CPL-R00432,CPL-R00432,CPL,OPEN
run-20260922T033120Z-demo-A,run-CPL-R004-CPL-R00433,CPL-R00433,CPL,OPEN
run-20260922T033120Z-demo-A,run-CPL-R004-CPL-R00434,CPL-R00434,CPL,OPEN
run-20260922T033120Z-demo-A,run-CPL-R004-CPL-R00435,CPL-R00435,CPL,OPEN
run-20260922T033120Z-demo-A,run-CPL-R004-CPL-R00436,CPL-R00436,CPL,OPEN
run-20260922T033120Z-demo-A,run-CPL-R004-CPL-R00437,CPL-R00437,CPL,OPEN
run-20260922T033120Z-demo-A,run-CPL-R004-CPL-R00438,CPL-R00438,CPL,OPEN
run-20260922T033120Z-demo-A,run-CPL-R004-CPL-R00439,CPL-R00439|CPL-R00440,CPL,OPEN
run-20260922T033120Z-demo-A,run-CPL-R004-CPL-R00441,CPL-R00441,CPL,OPEN
run-20260922T033120Z-demo-A,run-CPL-R004-CPL-R00442,CPL-R00442,CPL,OPEN
run-20260922T033120Z-demo-A,run-CPL-R004-CPL-R00443,CPL-R00443,CPL,OPEN
run-20260922T033120Z-demo-A,run-CPL-R004-CPL-R00444,CPL-R00444,CPL,OPEN
run-20260922T033120Z-demo-A,run-CPL-R004-CPL-R00445,CPL-R00445,CPL,OPEN
run-20260922T033120Z-demo-A,run-CPL-R004-CPL-R00446,CPL-R00446,CPL,OPEN
run-20260922T033120Z-demo-A,run-CPL-R004-CPL-R00447,CPL-R00447,CPL,OPEN
run-20260922T033120Z-demo-A,run-CPL-R004-CPL-R00448,CPL-R00448,CPL,OPEN
run-20260922T033120Z-demo-A,run-CPL-R004-CPL-R00449,CPL-R00449,CPL,OPEN
run-20260922T033120Z-demo-A,run-CPL-R004-CPL-R00450,CPL-R00450,CPL,OPEN
run-20260922T033120Z-demo-A,run-CPL-R004-CPL-R00451,CPL-R00451,CPL,OPEN
run-20260922T033120Z-demo-A,run-CPL-R004-CPL-R00452,CPL-R00452,CPL,OPEN
run-20260922T033120Z-demo-A,run-CPL-R004-CPL-R00453,CPL-R00453,CPL,OPEN
run-20260922T033120Z-demo-A,run-CPL-R004-CPL-R00454,CPL-R00454,CPL,OPEN
run-20260922T033120Z-demo-A,run-CPL-R004-CPL-R00455,CPL-R00455,CPL,OPEN
run-20260922T033120Z-demo-A,run-CPL-R004-CPL-R00456,CPL-R00456,CPL,OPEN
run-20260922T033120Z-demo-A,run-CPL-R004-CPL-R00457,CPL-R00457,CPL,OPEN
run-20260922T033120Z-demo-A,run-CPL-R004-CPL-R00458,CPL-R00458,CPL,OPEN
run-20260922T033120Z-demo-A,run-CPL-R004-CPL-R00459,CPL-R00459,CPL,OPEN
run-20260922T033120Z-demo-A,run-CPL-R004-CPL-R00460,CPL-R00460,CPL,OPEN
run-20260922T033120Z-demo-A,run-CPL-R004-CPL-R00461,CPL-R00461,CPL,OPEN
run-20260922T033120Z-demo-A,run-CPL-R004-CPL-R00462,CPL-R00462,CPL,OPEN
run-20260922T033120Z-demo-A,run-CPL-R004-CPL-R00463,CPL-R00463,CPL,OPEN
run-20260922T033120Z-demo-A,run-CPL-R004-CPL-R00464,CPL-R00464,CPL,OPEN
run-20260922T033120Z-demo-A,run-CPL-R004-CPL-R00465,CPL-R00465,CPL,OPEN
run-20260922T033120Z-demo-A,run-CPL-R004-CPL-R00466,CPL-R00466,CPL,OPEN
run-20260922T033120Z-demo-A,run-CPL-R004-CPL-R00467,CPL-R00467,CPL,OPEN
run-20260922T033120Z-demo-A,run-CPL-R004-CPL-R00468,CPL-R00468,CPL,OPEN
run-20260922T033120Z-demo-A,run-CPL-R004-CPL-R00469,CPL-R00469,CPL,OPEN
run-20260922T033120Z-demo-A,run-CPL-R004-CPL-R00470,CPL-R00470|CPL-R00471,CPL,CLOSED_NO_PAYMENT
run-20260922T033120Z-demo-A,run-CPL-R004-CPL-R00472,CPL-R00472,CPL,OPEN
run-20260922T033120Z-demo-A,run-CPL-R004-CPL-R00473,CPL-R00473,CPL,OPEN
run-20260922T033120Z-demo-A,run-CPL-R004-CPL-R00474,CPL-R00474,CPL,OPEN
run-20260922T033120Z-demo-A,run-TRI-R000-TRI-R00001,TRI-R00001,TRI,OPEN
run-20260922T033120Z-demo-A,run-TRI-R000-TRI-R00002,TRI-R00002,TRI,OPEN
run-20260922T033120Z-demo-A,run-TRI-R000-TRI-R00003,TRI-R00003,TRI,OPEN
run-20260922T033120Z-demo-A,run-TRI-R000-TRI-R00004,TRI-R00004,TRI,OPEN
run-20260922T033120Z-demo-A,run-TRI-R000-TRI-R00005,TRI-R00005,TRI,OPEN
run-20260922T033120Z-demo-A,run-TRI-R000-TRI-R00006,TRI-R00006,TRI,OPEN
run-20260922T033120Z-demo-A,run-TRI-R000-TRI-R00007,TRI-R00007,TRI,OPEN
run-20260922T033120Z-demo-A,run-TRI-R000-TRI-R00008,TRI-R00008,TRI,OPEN
run-20260922T033120Z-demo-A,run-TRI-R000-TRI-R00009,TRI-R00009,TRI,OPEN
run-20260922T033120Z-demo-A,run-TRI-R000-TRI-R00010,TRI-R00010,TRI,OPEN
run-20260922T033120Z-demo-A,run-TRI-R000-TRI-R00011,TRI-R00011,TRI,OPEN
run-20260922T033120Z-demo-A,run-TRI-R000-TRI-R00012,TRI-R00012,TRI,CLOSED_NO_PAYMENT
run-20260922T033120Z-demo-A,run-TRI-R000-TRI-R00013,TRI-R00013,TRI,OPEN
run-20260922T033120Z-demo-A,run-TRI-R000-TRI-R00014,TRI-R00014,TRI,OPEN
run-20260922T033120Z-demo-A,run-TRI-R000-TRI-R00015,TRI-R00015,TRI,OPEN
run-20260922T033120Z-demo-A,run-TRI-R000-TRI-R00016,TRI-R00016,TRI,OPEN
run-20260922T033120Z-demo-A,run-TRI-R000-TRI-R00017,TRI-R00017,TRI,OPEN
run-20260922T033120Z-demo-A,run-TRI-R000-TRI-R00018,TRI-R00018,TRI,OPEN
run-20260922T033120Z-demo-A,run-TRI-R000-TRI-R00019,TRI-R00019,TRI,OPEN
run-20260922T033120Z-demo-A,run-TRI-R000-TRI-R00020,TRI-R00020,TRI,OPEN
run-20260922T033120Z-demo-A,run-TRI-R000-TRI-R00021,TRI-R00021|TRI-R00022,TRI,OPEN
run-20260922T033120Z-demo-A,run-TRI-R000-TRI-R00023,TRI-R00023,TRI,OPEN
run-20260922T033120Z-demo-A,run-TRI-R000-TRI-R00024,TRI-R00024,TRI,CLOSED_NO_PAYMENT
run-20260922T033120Z-demo-A,run-TRI-R000-TRI-R00025,TRI-R00025,TRI,OPEN
run-20260922T033120Z-demo-A,run-TRI-R000-TRI-R00026,TRI-R00026,TRI,OPEN
run-20260922T033120Z-demo-A,run-TRI-R000-TRI-R00027,TRI-R00027,TRI,OPEN
run-20260922T033120Z-demo-A,run-TRI-R000-TRI-R00028,TRI-R00028,TRI,OPEN
run-20260922T033120Z-demo-A,run-TRI-R000-TRI-R00029,TRI-R00029,TRI,OPEN
run-20260922T033120Z-demo-A,run-TRI-R000-TRI-R00030,TRI-R00030|TRI-R00031,TRI,OPEN
run-20260922T033120Z-demo-A,run-TRI-R000-TRI-R00032,TRI-R00032|TRI-R00033,TRI,OPEN
run-20260922T033120Z-demo-A,run-TRI-R000-TRI-R00034,TRI-R00034|TRI-R00035,TRI,OPEN
run-20260922T033120Z-demo-A,run-TRI-R000-TRI-R00036,TRI-R00036|TRI-R00037,TRI,OPEN
run-20260922T033120Z-demo-A,run-TRI-R000-TRI-R00038,TRI-R00038,TRI,OPEN
run-20260922T033120Z-demo-A,run-TRI-R000-TRI-R00039,TRI-R00039,TRI,OPEN
run-20260922T033120Z-demo-A,run-TRI-R000-TRI-R00040,TRI-R00040,TRI,OPEN
run-20260922T033120Z-demo-A,run-TRI-R000-TRI-R00041,TRI-R00041,TRI,OPEN
run-20260922T033120Z-demo-A,run-TRI-R000-TRI-R00042,TRI-R00042,TRI,OPEN
run-20260922T033120Z-demo-A,run-TRI-R000-TRI-R00043,TRI-R00043|TRI-R00044,TRI,OPEN
run-20260922T033120Z-demo-A,run-TRI-R000-TRI-R00045,TRI-R00045,TRI,CLOSED_NO_PAYMENT
run-20260922T033120Z-demo-A,run-TRI-R000-TRI-R00046,TRI-R00046,TRI,OPEN
run-20260922T033120Z-demo-A,run-TRI-R000-TRI-R00047,TRI-R00047,TRI,OPEN
run-20260922T033120Z-demo-A,run-TRI-R000-TRI-R00048,TRI-R00048,TRI,OPEN
run-20260922T033120Z-demo-A,run-TRI-R000-TRI-R00049,TRI-R00049,TRI,OPEN
run-20260922T033120Z-demo-A,run-TRI-R000-TRI-R00050,TRI-R00050,TRI,OPEN
run-20260922T033120Z-demo-A,run-TRI-R000-TRI-R00051,TRI-R00051,TRI,OPEN
run-20260922T033120Z-demo-A,run-TRI-R000-TRI-R00052,TRI-R00052,TRI,OPEN
run-20260922T033120Z-demo-A,run-TRI-R000-TRI-R00053,TRI-R00053,TRI,OPEN
run-20260922T033120Z-demo-A,run-TRI-R000-TRI-R00054,TRI-R00054,TRI,OPEN
run-20260922T033120Z-demo-A,run-TRI-R000-TRI-R00055,TRI-R00055,TRI,OPEN
run-20260922T033120Z-demo-A,run-TRI-R000-TRI-R00056,TRI-R00056,TRI,OPEN
run-20260922T033120Z-demo-A,run-TRI-R000-TRI-R00057,TRI-R00057,TRI,OPEN
run-20260922T033120Z-demo-A,run-TRI-R000-TRI-R00058,TRI-R00058,TRI,OPEN
run-20260922T033120Z-demo-A,run-TRI-R000-TRI-R00059,TRI-R00059,TRI,OPEN
run-20260922T033120Z-demo-A,run-TRI-R000-TRI-R00060,TRI-R00060,TRI,OPEN
run-20260922T033120Z-demo-A,run-TRI-R000-TRI-R00061,TRI-R00061,TRI,OPEN
run-20260922T033120Z-demo-A,run-TRI-R000-TRI-R00062,TRI-R00062,TRI,OPEN
run-20260922T033120Z-demo-A,run-TRI-R000-TRI-R00063,TRI-R00063,TRI,OPEN
run-20260922T033120Z-demo-A,run-TRI-R000-TRI-R00064,TRI-R00064,TRI,OPEN
run-20260922T033120Z-demo-A,run-TRI-R000-TRI-R00065,TRI-R00065,TRI,OPEN
run-20260922T033120Z-demo-A,run-TRI-R000-TRI-R00066,TRI-R00066,TRI,OPEN
run-20260922T033120Z-demo-A,run-TRI-R000-TRI-R00067,TRI-R00067,TRI,OPEN
run-20260922T033120Z-demo-A,run-TRI-R000-TRI-R00068,TRI-R00068,TRI,OPEN
run-20260922T033120Z-demo-A,run-TRI-R000-TRI-R00069,TRI-R00069,TRI,CLOSED_NO_PAYMENT
run-20260922T033120Z-demo-A,run-TRI-R000-TRI-R00070,TRI-R00070,TRI,OPEN
run-20260922T033120Z-demo-A,run-TRI-R000-TRI-R00071,TRI-R00071,TRI,OPEN
run-20260922T033120Z-demo-A,run-TRI-R000-TRI-R00072,TRI-R00072,TRI,OPEN
run-20260922T033120Z-demo-A,run-TRI-R000-TRI-R00073,TRI-R00073,TRI,OPEN
run-20260922T033120Z-demo-A,run-TRI-R000-TRI-R00074,TRI-R00074,TRI,OPEN
run-20260922T033120Z-demo-A,run-TRI-R000-TRI-R00075,TRI-R00075,TRI,OPEN
run-20260922T033120Z-demo-A,run-TRI-R000-TRI-R00076,TRI-R00076,TRI,OPEN
run-20260922T033120Z-demo-A,run-TRI-R000-TRI-R00077,TRI-R00077,TRI,OPEN
run-20260922T033120Z-demo-A,run-TRI-R000-TRI-R00078,TRI-R00078,TRI,OPEN
run-20260922T033120Z-demo-A,run-TRI-R000-TRI-R00079,TRI-R00079,TRI,OPEN
run-20260922T033120Z-demo-A,run-TRI-R000-TRI-R00080,TRI-R00080,TRI,OPEN
run-20260922T033120Z-demo-A,run-TRI-R000-TRI-R00081,TRI-R00081,TRI,OPEN
run-20260922T033120Z-demo-A,run-TRI-R000-TRI-R00082,TRI-R00082,TRI,OPEN
run-20260922T033120Z-demo-A,run-TRI-R000-TRI-R00083,TRI-R00083,TRI,OPEN
run-20260922T033120Z-demo-A,run-TRI-R000-TRI-R00084,TRI-R00084,TRI,OPEN
run-20260922T033120Z-demo-A,run-TRI-R000-TRI-R00085,TRI-R00085,TRI,OPEN
run-20260922T033120Z-demo-A,run-TRI-R000-TRI-R00086,TRI-R00086,TRI,OPEN
run-20260922T033120Z-demo-A,run-TRI-R000-TRI-R00087,TRI-R00087,TRI,OPEN
run-20260922T033120Z-demo-A,run-TRI-R000-TRI-R00088,TRI-R00088,TRI,OPEN
run-20260922T033120Z-demo-A,run-TRI-R000-TRI-R00089,TRI-R00089,TRI,OPEN
run-20260922T033120Z-demo-A,run-TRI-R000-TRI-R00090,TRI-R00090,TRI,OPEN
run-20260922T033120Z-demo-A,run-TRI-R000-TRI-R00091,TRI-R00091,TRI,OPEN
run-20260922T033120Z-demo-A,run-TRI-R000-TRI-R00092,TRI-R00092,TRI,OPEN
run-20260922T033120Z-demo-A,run-TRI-R000-TRI-R00093,TRI-R00093,TRI,OPEN
run-20260922T033120Z-demo-A,run-TRI-R000-TRI-R00094,TRI-R00094,TRI,OPEN
run-20260922T033120Z-demo-A,run-TRI-R000-TRI-R00095,TRI-R00095,TRI,OPEN
run-20260922T033120Z-demo-A,run-TRI-R000-TRI-R00096,TRI-R00096,TRI,OPEN
run-20260922T033120Z-demo-A,run-TRI-R000-TRI-R00097,TRI-R00097,TRI,OPEN
run-20260922T033120Z-demo-A,run-TRI-R000-TRI-R00098,TRI-R00098,TRI,OPEN
run-20260922T033120Z-demo-A,run-TRI-R000-TRI-R00099,TRI-R00099,TRI,OPEN
run-20260922T033120Z-demo-A,run-TRI-R001-TRI-R00100,TRI-R00100,TRI,OPEN
run-20260922T033120Z-demo-A,run-TRI-R001-TRI-R00101,TRI-R00101,TRI,OPEN
run-20260922T033120Z-demo-A,run-TRI-R001-TRI-R00102,TRI-R00102,TRI,OPEN
run-20260922T033120Z-demo-A,run-TRI-R001-TRI-R00103,TRI-R00103,TRI,OPEN
run-20260922T033120Z-demo-A,run-TRI-R001-TRI-R00104,TRI-R00104,TRI,OPEN
run-20260922T033120Z-demo-A,run-TRI-R001-TRI-R00105,TRI-R00105,TRI,OPEN
run-20260922T033120Z-demo-A,run-TRI-R001-TRI-R00106,TRI-R00106,TRI,OPEN
run-20260922T033120Z-demo-A,run-TRI-R001-TRI-R00107,TRI-R00107,TRI,OPEN
run-20260922T033120Z-demo-A,run-TRI-R001-TRI-R00108,TRI-R00108,TRI,OPEN
run-20260922T033120Z-demo-A,run-TRI-R001-TRI-R00109,TRI-R00109,TRI,OPEN
run-20260922T033120Z-demo-A,run-TRI-R001-TRI-R00110,TRI-R00110,TRI,OPEN
run-20260922T033120Z-demo-A,run-TRI-R001-TRI-R00111,TRI-R00111,TRI,OPEN
run-20260922T033120Z-demo-A,run-TRI-R001-TRI-R00112,TRI-R00112,TRI,OPEN
run-20260922T033120Z-demo-A,run-TRI-R001-TRI-R00113,TRI-R00113,TRI,OPEN
run-20260922T033120Z-demo-A,run-TRI-R001-TRI-R00114,TRI-R00114,TRI,OPEN
run-20260922T033120Z-demo-A,run-TRI-R001-TRI-R00115,TRI-R00115,TRI,OPEN
run-20260922T033120Z-demo-A,run-TRI-R001-TRI-R00116,TRI-R00116,TRI,OPEN
run-20260922T033120Z-demo-A,run-TRI-R001-TRI-R00117,TRI-R00117,TRI,OPEN
run-20260922T033120Z-demo-A,run-TRI-R001-TRI-R00118,TRI-R00118,TRI,OPEN
run-20260922T033120Z-demo-A,run-TRI-R001-TRI-R00119,TRI-R00119,TRI,OPEN
run-20260922T033120Z-demo-A,run-TRI-R001-TRI-R00120,TRI-R00120,TRI,OPEN
run-20260922T033120Z-demo-A,run-TRI-R001-TRI-R00121,TRI-R00121,TRI,OPEN
run-20260922T033120Z-demo-A,run-TRI-R001-TRI-R00122,TRI-R00122,TRI,OPEN
run-20260922T033120Z-demo-A,run-TRI-R001-TRI-R00123,TRI-R00123,TRI,OPEN
run-20260922T033120Z-demo-A,run-TRI-R001-TRI-R00124,TRI-R00124,TRI,OPEN
run-20260922T033120Z-demo-A,run-TRI-R001-TRI-R00125,TRI-R00125,TRI,OPEN
run-20260922T033120Z-demo-A,run-TRI-R001-TRI-R00126,TRI-R00126,TRI,OPEN
run-20260922T033120Z-demo-A,run-TRI-R001-TRI-R00127,TRI-R00127,TRI,OPEN
run-20260922T033120Z-demo-A,run-TRI-R001-TRI-R00128,TRI-R00128,TRI,OPEN
run-20260922T033120Z-demo-A,run-TRI-R001-TRI-R00129,TRI-R00129,TRI,OPEN
run-20260922T033120Z-demo-A,run-TRI-R001-TRI-R00130,TRI-R00130|TRI-R00131,TRI,OPEN
run-20260922T033120Z-demo-A,run-TRI-R001-TRI-R00132,TRI-R00132,TRI,OPEN
run-20260922T033120Z-demo-A,run-TRI-R001-TRI-R00133,TRI-R00133,TRI,OPEN
run-20260922T033120Z-demo-A,run-TRI-R001-TRI-R00134,TRI-R00134,TRI,OPEN
run-20260922T033120Z-demo-A,run-TRI-R001-TRI-R00135,TRI-R00135,TRI,OPEN
run-20260922T033120Z-demo-A,run-TRI-R001-TRI-R00136,TRI-R00136,TRI,OPEN
run-20260922T033120Z-demo-A,run-TRI-R001-TRI-R00137,TRI-R00137,TRI,OPEN
run-20260922T033120Z-demo-A,run-TRI-R001-TRI-R00138,TRI-R00138,TRI,OPEN
run-20260922T033120Z-demo-A,run-TRI-R001-TRI-R00139,TRI-R00139,TRI,OPEN
run-20260922T033120Z-demo-A,run-TRI-R001-TRI-R00140,TRI-R00140,TRI,OPEN
run-20260922T033120Z-demo-A,run-TRI-R001-TRI-R00141,TRI-R00141,TRI,OPEN
run-20260922T033120Z-demo-A,run-TRI-R001-TRI-R00142,TRI-R00142|TRI-R00143,TRI,OPEN
run-20260922T033120Z-demo-A,run-TRI-R001-TRI-R00144,TRI-R00144,TRI,OPEN
run-20260922T033120Z-demo-A,run-TRI-R001-TRI-R00145,TRI-R00145,TRI,OPEN
run-20260922T033120Z-demo-A,run-TRI-R001-TRI-R00146,TRI-R00146,TRI,CLOSED_NO_PAYMENT
run-20260922T033120Z-demo-A,run-TRI-R001-TRI-R00147,TRI-R00147,TRI,OPEN
run-20260922T033120Z-demo-A,run-TRI-R001-TRI-R00148,TRI-R00148,TRI,OPEN
run-20260922T033120Z-demo-A,run-TRI-R001-TRI-R00149,TRI-R00149,TRI,OPEN
run-20260922T033120Z-demo-A,run-TRI-R001-TRI-R00150,TRI-R00150,TRI,OPEN
run-20260922T033120Z-demo-A,run-TRI-R001-TRI-R00151,TRI-R00151,TRI,OPEN
run-20260922T033120Z-demo-A,run-TRI-R001-TRI-R00152,TRI-R00152,TRI,OPEN
run-20260922T033120Z-demo-A,run-TRI-R001-TRI-R00153,TRI-R00153,TRI,OPEN
run-20260922T033120Z-demo-A,run-TRI-R001-TRI-R00154,TRI-R00154,TRI,OPEN
run-20260922T033120Z-demo-A,run-TRI-R001-TRI-R00155,TRI-R00155,TRI,OPEN
run-20260922T033120Z-demo-A,run-TRI-R001-TRI-R00156,TRI-R00156,TRI,OPEN
run-20260922T033120Z-demo-A,run-TRI-R001-TRI-R00157,TRI-R00157,TRI,OPEN
run-20260922T033120Z-demo-A,run-TRI-R001-TRI-R00158,TRI-R00158,TRI,CLOSED_NO_PAYMENT
run-20260922T033120Z-demo-A,run-TRI-R001-TRI-R00159,TRI-R00159|TRI-R00160,TRI,OPEN
run-20260922T033120Z-demo-A,run-TRI-R001-TRI-R00161,TRI-R00161,TRI,CLOSED_NO_PAYMENT
run-20260922T033120Z-demo-A,run-TRI-R001-TRI-R00162,TRI-R00162,TRI,OPEN
run-20260922T033120Z-demo-A,run-TRI-R001-TRI-R00163,TRI-R00163,TRI,OPEN
run-20260922T033120Z-demo-A,run-TRI-R001-TRI-R00164,TRI-R00164,TRI,OPEN
run-20260922T033120Z-demo-A,run-TRI-R001-TRI-R00165,TRI-R00165,TRI,OPEN
run-20260922T033120Z-demo-A,run-TRI-R001-TRI-R00166,TRI-R00166,TRI,OPEN
run-20260922T033120Z-demo-A,run-TRI-R001-TRI-R00167,TRI-R00167,TRI,OPEN
run-20260922T033120Z-demo-A,run-TRI-R001-TRI-R00168,TRI-R00168,TRI,OPEN
run-20260922T033120Z-demo-A,run-TRI-R001-TRI-R00169,TRI-R00169,TRI,OPEN
run-20260922T033120Z-demo-A,run-TRI-R001-TRI-R00170,TRI-R00170,TRI,OPEN
run-20260922T033120Z-demo-A,run-TRI-R001-TRI-R00171,TRI-R00171,TRI,OPEN
run-20260922T033120Z-demo-A,run-TRI-R001-TRI-R00172,TRI-R00172,TRI,OPEN
run-20260922T033120Z-demo-A,run-TRI-R001-TRI-R00173,TRI-R00173,TRI,OPEN
run-20260922T033120Z-demo-A,run-TRI-R001-TRI-R00174,TRI-R00174,TRI,OPEN
run-20260922T033120Z-demo-A,run-TRI-R001-TRI-R00175,TRI-R00175,TRI,OPEN
run-20260922T033120Z-demo-A,run-TRI-R001-TRI-R00176,TRI-R00176,TRI,OPEN
run-20260922T033120Z-demo-A,run-TRI-R001-TRI-R00177,TRI-R00177|TRI-R00178,TRI,OPEN
run-20260922T033120Z-demo-A,run-TRI-R001-TRI-R00179,TRI-R00179,TRI,OPEN
run-20260922T033120Z-demo-A,run-TRI-R001-TRI-R00180,TRI-R00180,TRI,OPEN
run-20260922T033120Z-demo-A,run-TRI-R001-TRI-R00181,TRI-R00181,TRI,OPEN
run-20260922T033120Z-demo-A,run-TRI-R001-TRI-R00182,TRI-R00182,TRI,OPEN
run-20260922T033120Z-demo-A,run-TRI-R001-TRI-R00183,TRI-R00183,TRI,OPEN
run-20260922T033120Z-demo-A,run-TRI-R001-TRI-R00184,TRI-R00184,TRI,OPEN
run-20260922T033120Z-demo-A,run-TRI-R001-TRI-R00185,TRI-R00185,TRI,OPEN
run-20260922T033120Z-demo-A,run-TRI-R001-TRI-R00186,TRI-R00186,TRI,OPEN
run-20260922T033120Z-demo-A,run-TRI-R001-TRI-R00187,TRI-R00187,TRI,OPEN
run-20260922T033120Z-demo-A,run-TRI-R001-TRI-R00188,TRI-R00188,TRI,OPEN
run-20260922T033120Z-demo-A,run-TRI-R001-TRI-R00189,TRI-R00189,TRI,OPEN
run-20260922T033120Z-demo-A,run-TRI-R001-TRI-R00190,TRI-R00190,TRI,OPEN
run-20260922T033120Z-demo-A,run-TRI-R001-TRI-R00191,TRI-R00191,TRI,OPEN
run-20260922T033120Z-demo-A,run-TRI-R001-TRI-R00192,TRI-R00192,TRI,OPEN
run-20260922T033120Z-demo-A,run-TRI-R001-TRI-R00193,TRI-R00193,TRI,OPEN
run-20260922T033120Z-demo-A,run-TRI-R001-TRI-R00194,TRI-R00194,TRI,OPEN
run-20260922T033120Z-demo-A,run-TRI-R001-TRI-R00195,TRI-R00195,TRI,OPEN
run-20260922T033120Z-demo-A,run-TRI-R001-TRI-R00196,TRI-R00196,TRI,OPEN
run-20260922T033120Z-demo-A,run-TRI-R001-TRI-R00197,TRI-R00197,TRI,OPEN
run-20260922T033120Z-demo-A,run-TRI-R001-TRI-R00198,TRI-R00198,TRI,OPEN
run-20260922T033120Z-demo-A,run-TRI-R001-TRI-R00199,TRI-R00199,TRI,OPEN
run-20260922T033120Z-demo-A,run-TRI-R002-TRI-R00200,TRI-R00200,TRI,OPEN
run-20260922T033120Z-demo-A,run-TRI-R002-TRI-R00201,TRI-R00201,TRI,OPEN
run-20260922T033120Z-demo-A,run-TRI-R002-TRI-R00202,TRI-R00202,TRI,OPEN
run-20260922T033120Z-demo-A,run-TRI-R002-TRI-R00203,TRI-R00203,TRI,OPEN
run-20260922T033120Z-demo-A,run-TRI-R002-TRI-R00204,TRI-R00204,TRI,OPEN
run-20260922T033120Z-demo-A,run-TRI-R002-TRI-R00205,TRI-R00205,TRI,OPEN
run-20260922T033120Z-demo-A,run-TRI-R002-TRI-R00206,TRI-R00206,TRI,OPEN
run-20260922T033120Z-demo-A,run-TRI-R002-TRI-R00207,TRI-R00207,TRI,OPEN
run-20260922T033120Z-demo-A,run-TRI-R002-TRI-R00208,TRI-R00208,TRI,OPEN
run-20260922T033120Z-demo-A,run-TRI-R002-TRI-R00209,TRI-R00209,TRI,OPEN
run-20260922T033120Z-demo-A,run-TRI-R002-TRI-R00210,TRI-R00210,TRI,OPEN
run-20260922T033120Z-demo-A,run-TRI-R002-TRI-R00211,TRI-R00211,TRI,OPEN
run-20260922T033120Z-demo-A,run-TRI-R002-TRI-R00212,TRI-R00212,TRI,OPEN
run-20260922T033120Z-demo-A,run-TRI-R002-TRI-R00213,TRI-R00213,TRI,OPEN
run-20260922T033120Z-demo-A,run-TRI-R002-TRI-R00214,TRI-R00214|TRI-R00215,TRI,OPEN
run-20260922T033120Z-demo-A,run-TRI-R002-TRI-R00216,TRI-R00216,TRI,OPEN
run-20260922T033120Z-demo-A,run-TRI-R002-TRI-R00217,TRI-R00217,TRI,OPEN
run-20260922T033120Z-demo-A,run-TRI-R002-TRI-R00218,TRI-R00218,TRI,OPEN
run-20260922T033120Z-demo-A,run-TRI-R002-TRI-R00219,TRI-R00219,TRI,OPEN
run-20260922T033120Z-demo-A,run-TRI-R002-TRI-R00220,TRI-R00220,TRI,OPEN
run-20260922T033120Z-demo-A,run-TRI-R002-TRI-R00221,TRI-R00221,TRI,OPEN
run-20260922T033120Z-demo-A,run-TRI-R002-TRI-R00222,TRI-R00222,TRI,OPEN
run-20260922T033120Z-demo-A,run-TRI-R002-TRI-R00223,TRI-R00223,TRI,OPEN
run-20260922T033120Z-demo-A,run-TRI-R002-TRI-R00224,TRI-R00224,TRI,OPEN
run-20260922T033120Z-demo-A,run-TRI-R002-TRI-R00225,TRI-R00225,TRI,OPEN
run-20260922T033120Z-demo-A,run-TRI-R002-TRI-R00226,TRI-R00226,TRI,OPEN
run-20260922T033120Z-demo-A,run-TRI-R002-TRI-R00227,TRI-R00227,TRI,OPEN
run-20260922T033120Z-demo-A,run-TRI-R002-TRI-R00228,TRI-R00228,TRI,OPEN
run-20260922T033120Z-demo-A,run-TRI-R002-TRI-R00229,TRI-R00229,TRI,OPEN
run-20260922T033120Z-demo-A,run-TRI-R002-TRI-R00230,TRI-R00230,TRI,OPEN
run-20260922T033120Z-demo-A,run-TRI-R002-TRI-R00231,TRI-R00231,TRI,OPEN
run-20260922T033120Z-demo-A,run-TRI-R002-TRI-R00232,TRI-R00232,TRI,CLOSED_NO_PAYMENT
run-20260922T033120Z-demo-A,run-TRI-R002-TRI-R00233,TRI-R00233,TRI,OPEN
run-20260922T033120Z-demo-A,run-TRI-R002-TRI-R00234,TRI-R00234,TRI,OPEN
run-20260922T033120Z-demo-A,run-TRI-R002-TRI-R00235,TRI-R00235,TRI,OPEN
run-20260922T033120Z-demo-A,run-TRI-R002-TRI-R00236,TRI-R00236,TRI,OPEN
run-20260922T033120Z-demo-A,run-TRI-R002-TRI-R00237,TRI-R00237,TRI,OPEN
run-20260922T033120Z-demo-A,run-TRI-R002-TRI-R00238,TRI-R00238,TRI,OPEN
run-20260922T033120Z-demo-A,run-TRI-R002-TRI-R00239,TRI-R00239,TRI,CLOSED_NO_PAYMENT
run-20260922T033120Z-demo-A,run-TRI-R002-TRI-R00240,TRI-R00240,TRI,OPEN
run-20260922T033120Z-demo-A,run-TRI-R002-TRI-R00241,TRI-R00241,TRI,CLOSED_NO_PAYMENT
run-20260922T033120Z-demo-A,run-TRI-R002-TRI-R00242,TRI-R00242,TRI,OPEN
run-20260922T033120Z-demo-A,run-TRI-R002-TRI-R00243,TRI-R00243,TRI,OPEN
run-20260922T033120Z-demo-A,run-TRI-R002-TRI-R00244,TRI-R00244,TRI,OPEN
run-20260922T033120Z-demo-A,run-TRI-R002-TRI-R00245,TRI-R00245,TRI,OPEN
run-20260922T033120Z-demo-A,run-TRI-R002-TRI-R00246,TRI-R00246,TRI,OPEN
run-20260922T033120Z-demo-A,run-TRI-R002-TRI-R00247,TRI-R00247,TRI,OPEN
run-20260922T033120Z-demo-A,run-TRI-R002-TRI-R00248,TRI-R00248,TRI,OPEN
run-20260922T033120Z-demo-A,run-TRI-R002-TRI-R00249,TRI-R00249,TRI,OPEN
run-20260922T033120Z-demo-A,run-TRI-R002-TRI-R00250,TRI-R00250,TRI,OPEN
run-20260922T033120Z-demo-A,run-TRI-R002-TRI-R00251,TRI-R00251,TRI,OPEN
run-20260922T033120Z-demo-A,run-TRI-R002-TRI-R00252,TRI-R00252,TRI,OPEN
run-20260922T033120Z-demo-A,run-TRI-R002-TRI-R00253,TRI-R00253,TRI,OPEN
run-20260922T033120Z-demo-A,run-TRI-R002-TRI-R00254,TRI-R00254,TRI,OPEN
run-20260922T033120Z-demo-A,run-TRI-R002-TRI-R00255,TRI-R00255,TRI,OPEN
run-20260922T033120Z-demo-A,run-TRI-R002-TRI-R00256,TRI-R00256,TRI,OPEN
run-20260922T033120Z-demo-A,run-TRI-R002-TRI-R00257,TRI-R00257,TRI,OPEN
run-20260922T033120Z-demo-A,run-TRI-R002-TRI-R00258,TRI-R00258,TRI,OPEN
run-20260922T033120Z-demo-A,run-TRI-R002-TRI-R00259,TRI-R00259,TRI,OPEN
run-20260922T033120Z-demo-A,run-TRI-R002-TRI-R00260,TRI-R00260,TRI,OPEN
run-20260922T033120Z-demo-A,run-TRI-R002-TRI-R00261,TRI-R00261,TRI,OPEN
run-20260922T033120Z-demo-A,run-TRI-R002-TRI-R00262,TRI-R00262,TRI,OPEN
run-20260922T033120Z-demo-A,run-TRI-R002-TRI-R00263,TRI-R00263,TRI,OPEN
run-20260922T033120Z-demo-A,run-TRI-R002-TRI-R00264,TRI-R00264,TRI,OPEN
run-20260922T033120Z-demo-A,run-TRI-R002-TRI-R00265,TRI-R00265,TRI,OPEN
run-20260922T033120Z-demo-A,run-TRI-R002-TRI-R00266,TRI-R00266,TRI,OPEN
run-20260922T033120Z-demo-A,run-TRI-R002-TRI-R00267,TRI-R00267,TRI,OPEN
run-20260922T033120Z-demo-A,run-TRI-R002-TRI-R00268,TRI-R00268,TRI,OPEN
run-20260922T033120Z-demo-A,run-TRI-R002-TRI-R00269,TRI-R00269,TRI,OPEN
run-20260922T033120Z-demo-A,run-TRI-R002-TRI-R00270,TRI-R00270,TRI,OPEN
run-20260922T033120Z-demo-A,run-TRI-R002-TRI-R00271,TRI-R00271,TRI,OPEN
run-20260922T033120Z-demo-A,run-TRI-R002-TRI-R00272,TRI-R00272,TRI,OPEN
run-20260922T033120Z-demo-A,run-TRI-R002-TRI-R00273,TRI-R00273,TRI,OPEN
run-20260922T033120Z-demo-A,run-TRI-R002-TRI-R00274,TRI-R00274,TRI,OPEN
run-20260922T033120Z-demo-A,run-TRI-R002-TRI-R00275,TRI-R00275,TRI,OPEN
run-20260922T033120Z-demo-A,run-TRI-R002-TRI-R00276,TRI-R00276,TRI,OPEN
run-20260922T033120Z-demo-A,run-TRI-R002-TRI-R00277,TRI-R00277,TRI,OPEN
run-20260922T033120Z-demo-A,run-TRI-R002-TRI-R00278,TRI-R00278,TRI,OPEN
run-20260922T033120Z-demo-A,run-TRI-R002-TRI-R00279,TRI-R00279,TRI,OPEN
run-20260922T033120Z-demo-A,run-TRI-R002-TRI-R00280,TRI-R00280,TRI,OPEN
run-20260922T033120Z-demo-A,run-TRI-R002-TRI-R00281,TRI-R00281,TRI,OPEN
run-20260922T033120Z-demo-A,run-TRI-R002-TRI-R00282,TRI-R00282,TRI,CLOSED_NO_PAYMENT
run-20260922T033120Z-demo-A,run-TRI-R002-TRI-R00283,TRI-R00283,TRI,OPEN
run-20260922T033120Z-demo-A,run-TRI-R002-TRI-R00284,TRI-R00284,TRI,OPEN
run-20260922T033120Z-demo-A,run-TRI-R002-TRI-R00285,TRI-R00285,TRI,OPEN
run-20260922T033120Z-demo-A,run-TRI-R002-TRI-R00286,TRI-R00286,TRI,OPEN
run-20260922T033120Z-demo-A,run-TRI-R002-TRI-R00287,TRI-R00287,TRI,OPEN
run-20260922T033120Z-demo-A,run-TRI-R002-TRI-R00288,TRI-R00288,TRI,OPEN
run-20260922T033120Z-demo-A,run-TRI-R002-TRI-R00289,TRI-R00289|TRI-R00290,TRI,OPEN
run-20260922T033120Z-demo-A,run-TRI-R002-TRI-R00291,TRI-R00291,TRI,CLOSED_NO_PAYMENT
run-20260922T033120Z-demo-A,run-TRI-R002-TRI-R00292,TRI-R00292,TRI,OPEN
run-20260922T033120Z-demo-A,run-TRI-R002-TRI-R00293,TRI-R00293,TRI,OPEN
run-20260922T033120Z-demo-A,run-TRI-R002-TRI-R00294,TRI-R00294,TRI,OPEN
run-20260922T033120Z-demo-A,run-TRI-R002-TRI-R00295,TRI-R00295|TRI-R00296,TRI,OPEN
run-20260922T033120Z-demo-A,run-TRI-R002-TRI-R00297,TRI-R00297,TRI,OPEN
run-20260922T033120Z-demo-A,run-TRI-R002-TRI-R00298,TRI-R00298,TRI,OPEN
run-20260922T033120Z-demo-A,run-TRI-R002-TRI-R00299,TRI-R00299,TRI,OPEN
run-20260922T033120Z-demo-A,run-TRI-R003-TRI-R00300,TRI-R00300,TRI,OPEN
run-20260922T033120Z-demo-A,run-TRI-R003-TRI-R00301,TRI-R00301,TRI,OPEN
run-20260922T033120Z-demo-A,run-TRI-R003-TRI-R00302,TRI-R00302,TRI,OPEN
run-20260922T033120Z-demo-A,run-TRI-R003-TRI-R00303,TRI-R00303|TRI-R00304,TRI,OPEN
run-20260922T033120Z-demo-A,run-TRI-R003-TRI-R00305,TRI-R00305,TRI,OPEN
run-20260922T033120Z-demo-A,run-TRI-R003-TRI-R00306,TRI-R00306,TRI,OPEN
run-20260922T033120Z-demo-A,run-TRI-R003-TRI-R00307,TRI-R00307,TRI,OPEN
run-20260922T033120Z-demo-A,run-TRI-R003-TRI-R00308,TRI-R00308|TRI-R00309,TRI,OPEN
run-20260922T033120Z-demo-A,run-TRI-R003-TRI-R00310,TRI-R00310,TRI,OPEN
run-20260922T033120Z-demo-A,run-TRI-R003-TRI-R00311,TRI-R00311,TRI,OPEN
run-20260922T033120Z-demo-A,run-TRI-R003-TRI-R00312,TRI-R00312,TRI,OPEN
run-20260922T033120Z-demo-A,run-TRI-R003-TRI-R00313,TRI-R00313,TRI,OPEN
run-20260922T033120Z-demo-A,run-TRI-R003-TRI-R00314,TRI-R00314|TRI-R00315,TRI,OPEN
run-20260922T033120Z-demo-A,run-TRI-R003-TRI-R00316,TRI-R00316,TRI,OPEN
run-20260922T033120Z-demo-A,run-TRI-R003-TRI-R00317,TRI-R00317,TRI,OPEN
run-20260922T033120Z-demo-A,run-TRI-R003-TRI-R00318,TRI-R00318,TRI,OPEN
run-20260922T033120Z-demo-A,run-TRI-R003-TRI-R00319,TRI-R00319,TRI,OPEN
run-20260922T033120Z-demo-A,run-TRI-R003-TRI-R00320,TRI-R00320,TRI,OPEN
run-20260922T033120Z-demo-A,run-TRI-R003-TRI-R00321,TRI-R00321|TRI-R00322,TRI,OPEN
run-20260922T033120Z-demo-A,run-TRI-R003-TRI-R00323,TRI-R00323,TRI,OPEN
run-20260922T033120Z-demo-A,run-TRI-R003-TRI-R00324,TRI-R00324,TRI,OPEN
run-20260922T033120Z-demo-A,run-TRI-R003-TRI-R00325,TRI-R00325,TRI,OPEN
run-20260922T033120Z-demo-A,run-TRI-R003-TRI-R00326,TRI-R00326|TRI-R00327,TRI,OPEN
run-20260922T033120Z-demo-A,run-TRI-R003-TRI-R00328,TRI-R00328,TRI,OPEN
run-20260922T033120Z-demo-A,run-TRI-R003-TRI-R00329,TRI-R00329,TRI,OPEN
run-20260922T033120Z-demo-A,run-TRI-R003-TRI-R00330,TRI-R00330,TRI,OPEN
run-20260922T033120Z-demo-A,run-TRI-R003-TRI-R00331,TRI-R00331,TRI,OPEN
run-20260922T033120Z-demo-A,run-TRI-R003-TRI-R00332,TRI-R00332,TRI,OPEN
run-20260922T033120Z-demo-A,run-TRI-R003-TRI-R00333,TRI-R00333,TRI,OPEN
run-20260922T033120Z-demo-A,run-TRI-R003-TRI-R00334,TRI-R00334,TRI,OPEN
run-20260922T033120Z-demo-A,run-TRI-R003-TRI-R00335,TRI-R00335,TRI,OPEN
run-20260922T033120Z-demo-A,run-TRI-R003-TRI-R00336,TRI-R00336,TRI,OPEN
run-20260922T033120Z-demo-A,run-TRI-R003-TRI-R00337,TRI-R00337,TRI,OPEN
run-20260922T033120Z-demo-A,run-TRI-R003-TRI-R00338,TRI-R00338,TRI,CLOSED_NO_PAYMENT
run-20260922T033120Z-demo-A,run-TRI-R003-TRI-R00339,TRI-R00339,TRI,OPEN
run-20260922T033120Z-demo-A,run-TRI-R003-TRI-R00340,TRI-R00340,TRI,OPEN
run-20260922T033120Z-demo-A,run-TRI-R003-TRI-R00341,TRI-R00341,TRI,OPEN
run-20260922T033120Z-demo-A,run-TRI-R003-TRI-R00342,TRI-R00342,TRI,OPEN
run-20260922T033120Z-demo-A,run-TRI-R003-TRI-R00343,TRI-R00343,TRI,OPEN
run-20260922T033120Z-demo-A,run-TRI-R003-TRI-R00344,TRI-R00344,TRI,CLOSED_NO_PAYMENT
run-20260922T033120Z-demo-A,run-TRI-R003-TRI-R00345,TRI-R00345,TRI,OPEN
run-20260922T033120Z-demo-A,run-TRI-R003-TRI-R00346,TRI-R00346|TRI-R00347,TRI,OPEN
run-20260922T033120Z-demo-A,run-TRI-R003-TRI-R00348,TRI-R00348,TRI,OPEN
run-20260922T033120Z-demo-A,run-TRI-R003-TRI-R00349,TRI-R00349,TRI,CLOSED_NO_PAYMENT
run-20260922T033120Z-demo-A,run-TRI-R003-TRI-R00350,TRI-R00350,TRI,OPEN
run-20260922T033120Z-demo-A,run-TRI-R003-TRI-R00351,TRI-R00351|TRI-R00352,TRI,OPEN
run-20260922T033120Z-demo-A,run-TRI-R003-TRI-R00353,TRI-R00353,TRI,OPEN
run-20260922T033120Z-demo-A,run-TRI-R003-TRI-R00354,TRI-R00354|TRI-R00355,TRI,OPEN
run-20260922T033120Z-demo-A,run-TRI-R003-TRI-R00356,TRI-R00356,TRI,OPEN
run-20260922T033120Z-demo-A,run-TRI-R003-TRI-R00357,TRI-R00357,TRI,OPEN
run-20260922T033120Z-demo-A,run-TRI-R003-TRI-R00358,TRI-R00358,TRI,OPEN
run-20260922T033120Z-demo-A,run-TRI-R003-TRI-R00359,TRI-R00359,TRI,OPEN
run-20260922T033120Z-demo-A,run-TRI-R003-TRI-R00360,TRI-R00360,TRI,OPEN
run-20260922T033120Z-demo-A,run-TRI-R003-TRI-R00361,TRI-R00361,TRI,OPEN
run-20260922T033120Z-demo-A,run-TRI-R003-TRI-R00362,TRI-R00362,TRI,OPEN
run-20260922T033120Z-demo-A,run-TRI-R003-TRI-R00363,TRI-R00363,TRI,OPEN
run-20260922T033120Z-demo-A,run-TRI-R003-TRI-R00364,TRI-R00364,TRI,OPEN
run-20260922T033120Z-demo-A,run-TRI-R003-TRI-R00365,TRI-R00365,TRI,OPEN
run-20260922T033120Z-demo-A,run-TRI-R003-TRI-R00366,TRI-R00366,TRI,OPEN
run-20260922T033120Z-demo-A,run-TRI-R003-TRI-R00367,TRI-R00367,TRI,OPEN
run-20260922T033120Z-demo-A,run-TRI-R003-TRI-R00368,TRI-R00368,TRI,OPEN
run-20260922T033120Z-demo-A,run-TRI-R003-TRI-R00369,TRI-R00369,TRI,OPEN
run-20260922T033120Z-demo-A,run-TRI-R003-TRI-R00370,TRI-R00370,TRI,OPEN
run-20260922T033120Z-demo-A,run-TRI-R003-TRI-R00371,TRI-R00371,TRI,OPEN
run-20260922T033120Z-demo-A,run-TRI-R003-TRI-R00372,TRI-R00372,TRI,OPEN
run-20260922T033120Z-demo-A,run-TRI-R003-TRI-R00373,TRI-R00373,TRI,OPEN
run-20260922T033120Z-demo-A,run-TRI-R003-TRI-R00374,TRI-R00374,TRI,OPEN
run-20260922T033120Z-demo-A,run-TRI-R003-TRI-R00375,TRI-R00375,TRI,OPEN
run-20260922T033120Z-demo-A,run-TRI-R003-TRI-R00376,TRI-R00376,TRI,OPEN
run-20260922T033120Z-demo-A,run-TRI-R003-TRI-R00377,TRI-R00377,TRI,OPEN
run-20260922T033120Z-demo-A,run-TRI-R003-TRI-R00378,TRI-R00378,TRI,OPEN
run-20260922T033120Z-demo-A,run-TRI-R003-TRI-R00379,TRI-R00379,TRI,OPEN
run-20260922T033120Z-demo-A,run-TRI-R003-TRI-R00380,TRI-R00380,TRI,CLOSED_NO_PAYMENT
run-20260922T033120Z-demo-A,run-TRI-R003-TRI-R00381,TRI-R00381,TRI,OPEN
run-20260922T033120Z-demo-A,run-TRI-R003-TRI-R00382,TRI-R00382,TRI,OPEN
run-20260922T033120Z-demo-A,run-TRI-R003-TRI-R00383,TRI-R00383,TRI,OPEN
run-20260922T033120Z-demo-A,run-TRI-R003-TRI-R00384,TRI-R00384,TRI,OPEN
run-20260922T033120Z-demo-A,run-TRI-R003-TRI-R00385,TRI-R00385,TRI,OPEN
run-20260922T033120Z-demo-A,run-TRI-R003-TRI-R00386,TRI-R00386,TRI,OPEN
run-20260922T033120Z-demo-A,run-TRI-R003-TRI-R00387,TRI-R00387,TRI,OPEN
run-20260922T033120Z-demo-A,run-TRI-R003-TRI-R00388,TRI-R00388,TRI,OPEN
run-20260922T033120Z-demo-A,run-TRI-R003-TRI-R00389,TRI-R00389,TRI,OPEN
run-20260922T033120Z-demo-A,run-TRI-R003-TRI-R00390,TRI-R00390,TRI,OPEN
run-20260922T033120Z-demo-A,run-TRI-R003-TRI-R00391,TRI-R00391,TRI,OPEN
run-20260922T033120Z-demo-A,run-TRI-R003-TRI-R00392,TRI-R00392,TRI,OPEN
run-20260922T033120Z-demo-A,run-TRI-R003-TRI-R00393,TRI-R00393,TRI,OPEN
run-20260922T033120Z-demo-A,run-TRI-R003-TRI-R00394,TRI-R00394,TRI,OPEN
run-20260922T033120Z-demo-A,run-TRI-R003-TRI-R00395,TRI-R00395,TRI,OPEN
run-20260922T033120Z-demo-A,run-TRI-R003-TRI-R00396,TRI-R00396,TRI,OPEN
run-20260922T033120Z-demo-A,run-TRI-R003-TRI-R00397,TRI-R00397,TRI,OPEN
run-20260922T033120Z-demo-A,run-NDX-R000-NDX-R00001,NDX-R00001,NDX,OPEN
run-20260922T033120Z-demo-A,run-NDX-R000-NDX-R00002,NDX-R00002,NDX,CLOSED_NO_PAYMENT
run-20260922T033120Z-demo-A,run-NDX-R000-NDX-R00003,NDX-R00003,NDX,OPEN
run-20260922T033120Z-demo-A,run-NDX-R000-NDX-R00004,NDX-R00004,NDX,OPEN
run-20260922T033120Z-demo-A,run-NDX-R000-NDX-R00005,NDX-R00005,NDX,OPEN
run-20260922T033120Z-demo-A,run-NDX-R000-NDX-R00006,NDX-R00006,NDX,OPEN
run-20260922T033120Z-demo-A,run-NDX-R000-NDX-R00007,NDX-R00007,NDX,OPEN
run-20260922T033120Z-demo-A,run-NDX-R000-NDX-R00008,NDX-R00008,NDX,OPEN
run-20260922T033120Z-demo-A,run-NDX-R000-NDX-R00009,NDX-R00009,NDX,OPEN
run-20260922T033120Z-demo-A,run-NDX-R000-NDX-R00010,NDX-R00010,NDX,OPEN
run-20260922T033120Z-demo-A,run-NDX-R000-NDX-R00011,NDX-R00011,NDX,OPEN
run-20260922T033120Z-demo-A,run-NDX-R000-NDX-R00012,NDX-R00012,NDX,OPEN
run-20260922T033120Z-demo-A,run-NDX-R000-NDX-R00013,NDX-R00013,NDX,OPEN
run-20260922T033120Z-demo-A,run-NDX-R000-NDX-R00014,NDX-R00014,NDX,OPEN
run-20260922T033120Z-demo-A,run-NDX-R000-NDX-R00015,NDX-R00015,NDX,OPEN
run-20260922T033120Z-demo-A,run-NDX-R000-NDX-R00016,NDX-R00016,NDX,OPEN
run-20260922T033120Z-demo-A,run-NDX-R000-NDX-R00017,NDX-R00017,NDX,OPEN
run-20260922T033120Z-demo-A,run-NDX-R000-NDX-R00018,NDX-R00018,NDX,OPEN
run-20260922T033120Z-demo-A,run-NDX-R000-NDX-R00019,NDX-R00019,NDX,OPEN
run-20260922T033120Z-demo-A,run-NDX-R000-NDX-R00020,NDX-R00020,NDX,OPEN
run-20260922T033120Z-demo-A,run-NDX-R000-NDX-R00021,NDX-R00021,NDX,OPEN
run-20260922T033120Z-demo-A,run-NDX-R000-NDX-R00022,NDX-R00022,NDX,OPEN
run-20260922T033120Z-demo-A,run-NDX-R000-NDX-R00023,NDX-R00023,NDX,OPEN
run-20260922T033120Z-demo-A,run-NDX-R000-NDX-R00024,NDX-R00024,NDX,OPEN
run-20260922T033120Z-demo-A,run-NDX-R000-NDX-R00025,NDX-R00025,NDX,OPEN
run-20260922T033120Z-demo-A,run-NDX-R000-NDX-R00026,NDX-R00026,NDX,OPEN
run-20260922T033120Z-demo-A,run-NDX-R000-NDX-R00027,NDX-R00027,NDX,OPEN
run-20260922T033120Z-demo-A,run-NDX-R000-NDX-R00028,NDX-R00028,NDX,OPEN
run-20260922T033120Z-demo-A,run-NDX-R000-NDX-R00029,NDX-R00029,NDX,OPEN
run-20260922T033120Z-demo-A,run-NDX-R000-NDX-R00030,NDX-R00030,NDX,OPEN
run-20260922T033120Z-demo-A,run-NDX-R000-NDX-R00031,NDX-R00031,NDX,OPEN
run-20260922T033120Z-demo-A,run-NDX-R000-NDX-R00032,NDX-R00032,NDX,CLOSED_NO_PAYMENT
run-20260922T033120Z-demo-A,run-NDX-R000-NDX-R00033,NDX-R00033,NDX,OPEN
run-20260922T033120Z-demo-A,run-NDX-R000-NDX-R00034,NDX-R00034,NDX,OPEN
run-20260922T033120Z-demo-A,run-NDX-R000-NDX-R00035,NDX-R00035,NDX,OPEN
run-20260922T033120Z-demo-A,run-NDX-R000-NDX-R00036,NDX-R00036,NDX,OPEN
run-20260922T033120Z-demo-A,run-NDX-R000-NDX-R00037,NDX-R00037,NDX,OPEN
run-20260922T033120Z-demo-A,run-NDX-R000-NDX-R00038,NDX-R00038,NDX,OPEN
run-20260922T033120Z-demo-A,run-NDX-R000-NDX-R00039,NDX-R00039|NDX-R00040,NDX,CLOSED_NO_PAYMENT
run-20260922T033120Z-demo-A,run-NDX-R000-NDX-R00041,NDX-R00041,NDX,OPEN
run-20260922T033120Z-demo-A,run-NDX-R000-NDX-R00042,NDX-R00042,NDX,CLOSED_NO_PAYMENT
run-20260922T033120Z-demo-A,run-NDX-R000-NDX-R00043,NDX-R00043,NDX,OPEN
run-20260922T033120Z-demo-A,run-NDX-R000-NDX-R00044,NDX-R00044,NDX,OPEN
run-20260922T033120Z-demo-A,run-NDX-R000-NDX-R00045,NDX-R00045,NDX,OPEN
run-20260922T033120Z-demo-A,run-NDX-R000-NDX-R00046,NDX-R00046,NDX,OPEN
run-20260922T033120Z-demo-A,run-NDX-R000-NDX-R00047,NDX-R00047|NDX-R00048,NDX,CLOSED_NO_PAYMENT
run-20260922T033120Z-demo-A,run-NDX-R000-NDX-R00049,NDX-R00049,NDX,OPEN
run-20260922T033120Z-demo-A,run-NDX-R000-NDX-R00050,NDX-R00050,NDX,OPEN
run-20260922T033120Z-demo-A,run-NDX-R000-NDX-R00051,NDX-R00051,NDX,OPEN
run-20260922T033120Z-demo-A,run-NDX-R000-NDX-R00052,NDX-R00052,NDX,OPEN
run-20260922T033120Z-demo-A,run-NDX-R000-NDX-R00053,NDX-R00053,NDX,OPEN
run-20260922T033120Z-demo-A,run-NDX-R000-NDX-R00054,NDX-R00054,NDX,OPEN
run-20260922T033120Z-demo-A,run-NDX-R000-NDX-R00055,NDX-R00055,NDX,OPEN
run-20260922T033120Z-demo-A,run-NDX-R000-NDX-R00056,NDX-R00056,NDX,OPEN
run-20260922T033120Z-demo-A,run-NDX-R000-NDX-R00057,NDX-R00057,NDX,OPEN
run-20260922T033120Z-demo-A,run-NDX-R000-NDX-R00058,NDX-R00058,NDX,OPEN
run-20260922T033120Z-demo-A,run-NDX-R000-NDX-R00059,NDX-R00059,NDX,OPEN
run-20260922T033120Z-demo-A,run-NDX-R000-NDX-R00060,NDX-R00060,NDX,OPEN
run-20260922T033120Z-demo-A,run-NDX-R000-NDX-R00061,NDX-R00061,NDX,OPEN
run-20260922T033120Z-demo-A,run-NDX-R000-NDX-R00062,NDX-R00062,NDX,OPEN
run-20260922T033120Z-demo-A,run-NDX-R000-NDX-R00063,NDX-R00063,NDX,OPEN
run-20260922T033120Z-demo-A,run-NDX-R000-NDX-R00064,NDX-R00064,NDX,OPEN
run-20260922T033120Z-demo-A,run-NDX-R000-NDX-R00065,NDX-R00065,NDX,OPEN
run-20260922T033120Z-demo-A,run-NDX-R000-NDX-R00066,NDX-R00066,NDX,OPEN
run-20260922T033120Z-demo-A,run-NDX-R000-NDX-R00067,NDX-R00067,NDX,OPEN
run-20260922T033120Z-demo-A,run-NDX-R000-NDX-R00068,NDX-R00068,NDX,OPEN
run-20260922T033120Z-demo-A,run-NDX-R000-NDX-R00069,NDX-R00069,NDX,OPEN
run-20260922T033120Z-demo-A,run-NDX-R000-NDX-R00070,NDX-R00070,NDX,OPEN
run-20260922T033120Z-demo-A,run-NDX-R000-NDX-R00071,NDX-R00071,NDX,OPEN
run-20260922T033120Z-demo-A,run-NDX-R000-NDX-R00072,NDX-R00072,NDX,OPEN
run-20260922T033120Z-demo-A,run-NDX-R000-NDX-R00073,NDX-R00073,NDX,OPEN
run-20260922T033120Z-demo-A,run-NDX-R000-NDX-R00074,NDX-R00074,NDX,OPEN
run-20260922T033120Z-demo-A,run-NDX-R000-NDX-R00075,NDX-R00075,NDX,OPEN
run-20260922T033120Z-demo-A,run-NDX-R000-NDX-R00076,NDX-R00076,NDX,OPEN
run-20260922T033120Z-demo-A,run-NDX-R000-NDX-R00077,NDX-R00077,NDX,OPEN
run-20260922T033120Z-demo-A,run-NDX-R000-NDX-R00078,NDX-R00078,NDX,OPEN
run-20260922T033120Z-demo-A,run-NDX-R000-NDX-R00079,NDX-R00079,NDX,OPEN
run-20260922T033120Z-demo-A,run-NDX-R000-NDX-R00080,NDX-R00080,NDX,OPEN
run-20260922T033120Z-demo-A,run-NDX-R000-NDX-R00081,NDX-R00081,NDX,OPEN
run-20260922T033120Z-demo-A,run-NDX-R000-NDX-R00082,NDX-R00082,NDX,OPEN
run-20260922T033120Z-demo-A,run-NDX-R000-NDX-R00083,NDX-R00083,NDX,OPEN
run-20260922T033120Z-demo-A,run-NDX-R000-NDX-R00084,NDX-R00084,NDX,OPEN
run-20260922T033120Z-demo-A,run-NDX-R000-NDX-R00085,NDX-R00085,NDX,OPEN
run-20260922T033120Z-demo-A,run-NDX-R000-NDX-R00086,NDX-R00086|NDX-R00087,NDX,OPEN
run-20260922T033120Z-demo-A,run-NDX-R000-NDX-R00088,NDX-R00088,NDX,OPEN
run-20260922T033120Z-demo-A,run-NDX-R000-NDX-R00089,NDX-R00089,NDX,CLOSED_NO_PAYMENT
run-20260922T033120Z-demo-A,run-NDX-R000-NDX-R00090,NDX-R00090,NDX,OPEN
run-20260922T033120Z-demo-A,run-NDX-R000-NDX-R00091,NDX-R00091,NDX,OPEN
run-20260922T033120Z-demo-A,run-NDX-R000-NDX-R00092,NDX-R00092,NDX,OPEN
run-20260922T033120Z-demo-A,run-NDX-R000-NDX-R00093,NDX-R00093,NDX,OPEN
run-20260922T033120Z-demo-A,run-NDX-R000-NDX-R00094,NDX-R00094,NDX,OPEN
run-20260922T033120Z-demo-A,run-NDX-R000-NDX-R00095,NDX-R00095,NDX,OPEN
run-20260922T033120Z-demo-A,run-NDX-R000-NDX-R00096,NDX-R00096,NDX,OPEN
run-20260922T033120Z-demo-A,run-NDX-R000-NDX-R00097,NDX-R00097,NDX,OPEN
run-20260922T033120Z-demo-A,run-NDX-R000-NDX-R00098,NDX-R00098,NDX,OPEN
run-20260922T033120Z-demo-A,run-NDX-R000-NDX-R00099,NDX-R00099,NDX,OPEN
run-20260922T033120Z-demo-A,run-NDX-R001-NDX-R00100,NDX-R00100,NDX,OPEN
run-20260922T033120Z-demo-A,run-NDX-R001-NDX-R00101,NDX-R00101,NDX,OPEN
run-20260922T033120Z-demo-A,run-NDX-R001-NDX-R00102,NDX-R00102,NDX,OPEN
run-20260922T033120Z-demo-A,run-NDX-R001-NDX-R00103,NDX-R00103,NDX,OPEN
run-20260922T033120Z-demo-A,run-NDX-R001-NDX-R00104,NDX-R00104,NDX,OPEN
run-20260922T033120Z-demo-A,run-NDX-R001-NDX-R00105,NDX-R00105|NDX-R00106,NDX,OPEN
run-20260922T033120Z-demo-A,run-NDX-R001-NDX-R00107,NDX-R00107,NDX,CLOSED_NO_PAYMENT
run-20260922T033120Z-demo-A,run-NDX-R001-NDX-R00108,NDX-R00108,NDX,OPEN
run-20260922T033120Z-demo-A,run-NDX-R001-NDX-R00109,NDX-R00109,NDX,OPEN
run-20260922T033120Z-demo-A,run-NDX-R001-NDX-R00110,NDX-R00110,NDX,OPEN
run-20260922T033120Z-demo-A,run-NDX-R001-NDX-R00111,NDX-R00111,NDX,OPEN
run-20260922T033120Z-demo-A,run-NDX-R001-NDX-R00112,NDX-R00112,NDX,OPEN
run-20260922T033120Z-demo-A,run-NDX-R001-NDX-R00113,NDX-R00113,NDX,OPEN
run-20260922T033120Z-demo-A,run-NDX-R001-NDX-R00114,NDX-R00114,NDX,OPEN
run-20260922T033120Z-demo-A,run-NDX-R001-NDX-R00115,NDX-R00115,NDX,OPEN
run-20260922T033120Z-demo-A,run-NDX-R001-NDX-R00116,NDX-R00116,NDX,OPEN
run-20260922T033120Z-demo-A,run-NDX-R001-NDX-R00117,NDX-R00117,NDX,OPEN
run-20260922T033120Z-demo-A,run-NDX-R001-NDX-R00118,NDX-R00118,NDX,OPEN
run-20260922T033120Z-demo-A,run-NDX-R001-NDX-R00119,NDX-R00119,NDX,OPEN
run-20260922T033120Z-demo-A,run-NDX-R001-NDX-R00120,NDX-R00120,NDX,OPEN
run-20260922T033120Z-demo-A,run-NDX-R001-NDX-R00121,NDX-R00121,NDX,OPEN
run-20260922T033120Z-demo-A,run-NDX-R001-NDX-R00122,NDX-R00122,NDX,OPEN
run-20260922T033120Z-demo-A,run-NDX-R001-NDX-R00123,NDX-R00123,NDX,OPEN
run-20260922T033120Z-demo-A,run-NDX-R001-NDX-R00124,NDX-R00124,NDX,OPEN
run-20260922T033120Z-demo-A,run-NDX-R001-NDX-R00125,NDX-R00125,NDX,OPEN
run-20260922T033120Z-demo-A,run-NDX-R001-NDX-R00126,NDX-R00126,NDX,OPEN
run-20260922T033120Z-demo-A,run-NDX-R001-NDX-R00127,NDX-R00127,NDX,OPEN
run-20260922T033120Z-demo-A,run-NDX-R001-NDX-R00128,NDX-R00128,NDX,OPEN
run-20260922T033120Z-demo-A,run-NDX-R001-NDX-R00129,NDX-R00129,NDX,OPEN
run-20260922T033120Z-demo-A,run-NDX-R001-NDX-R00130,NDX-R00130,NDX,OPEN
run-20260922T033120Z-demo-A,run-NDX-R001-NDX-R00131,NDX-R00131,NDX,OPEN
run-20260922T033120Z-demo-A,run-NDX-R001-NDX-R00132,NDX-R00132,NDX,OPEN
run-20260922T033120Z-demo-A,run-NDX-R001-NDX-R00133,NDX-R00133,NDX,OPEN
run-20260922T033120Z-demo-A,run-NDX-R001-NDX-R00134,NDX-R00134|NDX-R00135,NDX,OPEN
run-20260922T033120Z-demo-A,run-NDX-R001-NDX-R00136,NDX-R00136,NDX,OPEN
run-20260922T033120Z-demo-A,run-NDX-R001-NDX-R00137,NDX-R00137,NDX,OPEN
run-20260922T033120Z-demo-A,run-NDX-R001-NDX-R00138,NDX-R00138,NDX,OPEN
run-20260922T033120Z-demo-A,run-NDX-R001-NDX-R00139,NDX-R00139,NDX,OPEN
run-20260922T033120Z-demo-A,run-NDX-R001-NDX-R00140,NDX-R00140,NDX,OPEN
run-20260922T033120Z-demo-A,run-NDX-R001-NDX-R00141,NDX-R00141,NDX,OPEN
run-20260922T033120Z-demo-A,run-NDX-R001-NDX-R00142,NDX-R00142,NDX,OPEN
run-20260922T033120Z-demo-A,run-NDX-R001-NDX-R00143,NDX-R00143,NDX,OPEN
run-20260922T033120Z-demo-A,run-NDX-R001-NDX-R00144,NDX-R00144,NDX,OPEN
run-20260922T033120Z-demo-A,run-NDX-R001-NDX-R00145,NDX-R00145|NDX-R00146,NDX,OPEN
run-20260922T033120Z-demo-A,run-NDX-R001-NDX-R00147,NDX-R00147,NDX,OPEN
run-20260922T033120Z-demo-A,run-NDX-R001-NDX-R00148,NDX-R00148,NDX,CLOSED_NO_PAYMENT
run-20260922T033120Z-demo-A,run-NDX-R001-NDX-R00149,NDX-R00149,NDX,OPEN
run-20260922T033120Z-demo-A,run-NDX-R001-NDX-R00150,NDX-R00150,NDX,OPEN
run-20260922T033120Z-demo-A,run-NDX-R001-NDX-R00151,NDX-R00151,NDX,OPEN
run-20260922T033120Z-demo-A,run-NDX-R001-NDX-R00152,NDX-R00152,NDX,OPEN
run-20260922T033120Z-demo-A,run-NDX-R001-NDX-R00153,NDX-R00153,NDX,OPEN
run-20260922T033120Z-demo-A,run-NDX-R001-NDX-R00154,NDX-R00154|NDX-R00155,NDX,OPEN
run-20260922T033120Z-demo-A,run-NDX-R001-NDX-R00156,NDX-R00156|NDX-R00157,NDX,OPEN
run-20260922T033120Z-demo-A,run-NDX-R001-NDX-R00158,NDX-R00158,NDX,OPEN
run-20260922T033120Z-demo-A,run-NDX-R001-NDX-R00159,NDX-R00159,NDX,OPEN
run-20260922T033120Z-demo-A,run-NDX-R001-NDX-R00160,NDX-R00160,NDX,OPEN
run-20260922T033120Z-demo-A,run-NDX-R001-NDX-R00161,NDX-R00161,NDX,OPEN
run-20260922T033120Z-demo-A,run-NDX-R001-NDX-R00162,NDX-R00162,NDX,CLOSED_NO_PAYMENT
run-20260922T033120Z-demo-A,run-NDX-R001-NDX-R00163,NDX-R00163,NDX,OPEN
run-20260922T033120Z-demo-A,run-NDX-R001-NDX-R00164,NDX-R00164,NDX,OPEN
run-20260922T033120Z-demo-A,run-NDX-R001-NDX-R00165,NDX-R00165,NDX,CLOSED_NO_PAYMENT
run-20260922T033120Z-demo-A,run-NDX-R001-NDX-R00166,NDX-R00166,NDX,OPEN
run-20260922T033120Z-demo-A,run-NDX-R001-NDX-R00167,NDX-R00167|NDX-R00168,NDX,OPEN
run-20260922T033120Z-demo-A,run-NDX-R001-NDX-R00169,NDX-R00169,NDX,OPEN
run-20260922T033120Z-demo-A,run-NDX-R001-NDX-R00170,NDX-R00170,NDX,OPEN
run-20260922T033120Z-demo-A,run-NDX-R001-NDX-R00171,NDX-R00171,NDX,OPEN
run-20260922T033120Z-demo-A,run-NDX-R001-NDX-R00172,NDX-R00172,NDX,OPEN
run-20260922T033120Z-demo-A,run-NDX-R001-NDX-R00173,NDX-R00173,NDX,OPEN
run-20260922T033120Z-demo-A,run-NDX-R001-NDX-R00174,NDX-R00174,NDX,OPEN
run-20260922T033120Z-demo-A,run-NDX-R001-NDX-R00175,NDX-R00175,NDX,OPEN
run-20260922T033120Z-demo-A,run-NDX-R001-NDX-R00176,NDX-R00176,NDX,OPEN
run-20260922T033120Z-demo-A,run-NDX-R001-NDX-R00177,NDX-R00177,NDX,OPEN
run-20260922T033120Z-demo-A,run-NDX-R001-NDX-R00178,NDX-R00178,NDX,OPEN
run-20260922T033120Z-demo-A,run-NDX-R001-NDX-R00179,NDX-R00179,NDX,OPEN
run-20260922T033120Z-demo-A,run-NDX-R001-NDX-R00180,NDX-R00180,NDX,CLOSED_NO_PAYMENT
run-20260922T033120Z-demo-A,run-NDX-R001-NDX-R00181,NDX-R00181,NDX,OPEN
run-20260922T033120Z-demo-A,run-NDX-R001-NDX-R00182,NDX-R00182,NDX,OPEN
run-20260922T033120Z-demo-A,run-NDX-R001-NDX-R00183,NDX-R00183,NDX,OPEN
run-20260922T033120Z-demo-A,run-NDX-R001-NDX-R00184,NDX-R00184,NDX,OPEN
run-20260922T033120Z-demo-A,run-NDX-R001-NDX-R00185,NDX-R00185,NDX,OPEN
run-20260922T033120Z-demo-A,run-NDX-R001-NDX-R00186,NDX-R00186,NDX,OPEN
run-20260922T033120Z-demo-A,run-NDX-R001-NDX-R00187,NDX-R00187,NDX,OPEN
run-20260922T033120Z-demo-A,run-NDX-R001-NDX-R00188,NDX-R00188,NDX,OPEN
run-20260922T033120Z-demo-A,run-NDX-R001-NDX-R00189,NDX-R00189,NDX,OPEN
run-20260922T033120Z-demo-A,run-NDX-R001-NDX-R00190,NDX-R00190,NDX,OPEN
run-20260922T033120Z-demo-A,run-NDX-R001-NDX-R00191,NDX-R00191,NDX,OPEN
run-20260922T033120Z-demo-A,run-NDX-R001-NDX-R00192,NDX-R00192,NDX,OPEN
run-20260922T033120Z-demo-A,run-NDX-R001-NDX-R00193,NDX-R00193,NDX,OPEN
run-20260922T033120Z-demo-A,run-NDX-R001-NDX-R00194,NDX-R00194,NDX,OPEN
run-20260922T033120Z-demo-A,run-NDX-R001-NDX-R00195,NDX-R00195,NDX,OPEN
run-20260922T033120Z-demo-A,run-NDX-R001-NDX-R00196,NDX-R00196|NDX-R00197,NDX,OPEN
run-20260922T033120Z-demo-A,run-NDX-R001-NDX-R00198,NDX-R00198,NDX,OPEN
run-20260922T033120Z-demo-A,run-NDX-R001-NDX-R00199,NDX-R00199,NDX,OPEN
run-20260922T033120Z-demo-A,run-NDX-R002-NDX-R00200,NDX-R00200,NDX,OPEN
run-20260922T033120Z-demo-A,run-NDX-R002-NDX-R00201,NDX-R00201,NDX,OPEN
run-20260922T033120Z-demo-A,run-NDX-R002-NDX-R00202,NDX-R00202,NDX,OPEN
run-20260922T033120Z-demo-A,run-NDX-R002-NDX-R00203,NDX-R00203,NDX,OPEN
run-20260922T033120Z-demo-A,run-NDX-R002-NDX-R00204,NDX-R00204|NDX-R00205,NDX,OPEN
run-20260922T033120Z-demo-A,run-NDX-R002-NDX-R00206,NDX-R00206,NDX,OPEN
run-20260922T033120Z-demo-A,run-NDX-R002-NDX-R00207,NDX-R00207,NDX,OPEN
run-20260922T033120Z-demo-A,run-NDX-R002-NDX-R00208,NDX-R00208,NDX,OPEN
run-20260922T033120Z-demo-A,run-NDX-R002-NDX-R00209,NDX-R00209,NDX,OPEN
run-20260922T033120Z-demo-A,run-NDX-R002-NDX-R00210,NDX-R00210,NDX,OPEN
run-20260922T033120Z-demo-A,run-NDX-R002-NDX-R00211,NDX-R00211,NDX,OPEN
run-20260922T033120Z-demo-A,run-NDX-R002-NDX-R00212,NDX-R00212,NDX,OPEN
run-20260922T033120Z-demo-A,run-NDX-R002-NDX-R00213,NDX-R00213,NDX,OPEN
run-20260922T033120Z-demo-A,run-NDX-R002-NDX-R00214,NDX-R00214,NDX,OPEN
run-20260922T033120Z-demo-A,run-NDX-R002-NDX-R00215,NDX-R00215,NDX,OPEN
run-20260922T033120Z-demo-A,run-NDX-R002-NDX-R00216,NDX-R00216,NDX,OPEN
run-20260922T033120Z-demo-A,run-NDX-R002-NDX-R00217,NDX-R00217,NDX,OPEN
run-20260922T033120Z-demo-A,run-NDX-R002-NDX-R00218,NDX-R00218,NDX,OPEN
run-20260922T033120Z-demo-A,run-NDX-R002-NDX-R00219,NDX-R00219,NDX,OPEN
run-20260922T033120Z-demo-A,run-NDX-R002-NDX-R00220,NDX-R00220,NDX,OPEN
run-20260922T033120Z-demo-A,run-NDX-R002-NDX-R00221,NDX-R00221,NDX,OPEN
run-20260922T033120Z-demo-A,run-NDX-R002-NDX-R00222,NDX-R00222,NDX,OPEN
run-20260922T033120Z-demo-A,run-NDX-R002-NDX-R00223,NDX-R00223,NDX,OPEN
run-20260922T033120Z-demo-A,run-NDX-R002-NDX-R00224,NDX-R00224,NDX,OPEN
run-20260922T033120Z-demo-A,run-NDX-R002-NDX-R00225,NDX-R00225,NDX,OPEN
run-20260922T033120Z-demo-A,run-NDX-R002-NDX-R00226,NDX-R00226,NDX,OPEN
run-20260922T033120Z-demo-A,run-NDX-R002-NDX-R00227,NDX-R00227|NDX-R00228,NDX,OPEN
run-20260922T033120Z-demo-A,run-NDX-R002-NDX-R00229,NDX-R00229,NDX,OPEN
run-20260922T033120Z-demo-A,run-NDX-R002-NDX-R00230,NDX-R00230,NDX,CLOSED_NO_PAYMENT
run-20260922T033120Z-demo-A,run-NDX-R002-NDX-R00231,NDX-R00231,NDX,OPEN
run-20260922T033120Z-demo-A,run-NDX-R002-NDX-R00232,NDX-R00232,NDX,OPEN
run-20260922T033120Z-demo-A,run-NDX-R002-NDX-R00233,NDX-R00233,NDX,OPEN
run-20260922T033120Z-demo-A,run-NDX-R002-NDX-R00234,NDX-R00234,NDX,OPEN
run-20260922T033120Z-demo-A,run-NDX-R002-NDX-R00235,NDX-R00235|NDX-R00236,NDX,OPEN
run-20260922T033120Z-demo-A,run-NDX-R002-NDX-R00237,NDX-R00237,NDX,OPEN
run-20260922T033120Z-demo-A,run-NDX-R002-NDX-R00238,NDX-R00238,NDX,OPEN
run-20260922T033120Z-demo-A,run-NDX-R002-NDX-R00239,NDX-R00239,NDX,CLOSED_NO_PAYMENT
run-20260922T033120Z-demo-A,run-NDX-R002-NDX-R00240,NDX-R00240,NDX,OPEN
run-20260922T033120Z-demo-A,run-NDX-R002-NDX-R00241,NDX-R00241,NDX,OPEN
run-20260922T033120Z-demo-A,run-NDX-R002-NDX-R00242,NDX-R00242,NDX,OPEN
run-20260922T033120Z-demo-A,run-NDX-R002-NDX-R00243,NDX-R00243,NDX,OPEN
run-20260922T033120Z-demo-A,run-NDX-R002-NDX-R00244,NDX-R00244,NDX,OPEN
run-20260922T033120Z-demo-A,run-NDX-R002-NDX-R00245,NDX-R00245,NDX,OPEN
run-20260922T033120Z-demo-A,run-NDX-R002-NDX-R00246,NDX-R00246,NDX,CLOSED_NO_PAYMENT
run-20260922T033120Z-demo-A,run-NDX-R002-NDX-R00247,NDX-R00247,NDX,OPEN
run-20260922T033120Z-demo-A,run-NDX-R002-NDX-R00248,NDX-R00248,NDX,OPEN
run-20260922T033120Z-demo-A,run-NDX-R002-NDX-R00249,NDX-R00249|NDX-R00250,NDX,OPEN
run-20260922T033120Z-demo-A,run-NDX-R002-NDX-R00251,NDX-R00251,NDX,OPEN
run-20260922T033120Z-demo-A,run-NDX-R002-NDX-R00252,NDX-R00252,NDX,OPEN
run-20260922T033120Z-demo-A,run-NDX-R002-NDX-R00253,NDX-R00253,NDX,OPEN
run-20260922T033120Z-demo-A,run-NDX-R002-NDX-R00254,NDX-R00254,NDX,OPEN
run-20260922T033120Z-demo-A,run-NDX-R002-NDX-R00255,NDX-R00255,NDX,OPEN
run-20260922T033120Z-demo-A,run-NDX-R002-NDX-R00256,NDX-R00256,NDX,OPEN
run-20260922T033120Z-demo-A,run-NDX-R002-NDX-R00257,NDX-R00257,NDX,OPEN
run-20260922T033120Z-demo-A,run-NDX-R002-NDX-R00258,NDX-R00258,NDX,OPEN
run-20260922T033120Z-demo-A,run-NDX-R002-NDX-R00259,NDX-R00259,NDX,OPEN
run-20260922T033120Z-demo-A,run-NDX-R002-NDX-R00260,NDX-R00260|NDX-R00261,NDX,OPEN
run-20260922T033120Z-demo-A,run-NDX-R002-NDX-R00262,NDX-R00262,NDX,OPEN
run-20260922T033120Z-demo-A,run-NDX-R002-NDX-R00263,NDX-R00263,NDX,OPEN
run-20260922T033120Z-demo-A,run-NDX-R002-NDX-R00264,NDX-R00264,NDX,OPEN
run-20260922T033120Z-demo-A,run-NDX-R002-NDX-R00265,NDX-R00265,NDX,OPEN
run-20260922T033120Z-demo-A,run-NDX-R002-NDX-R00266,NDX-R00266,NDX,OPEN
run-20260922T033120Z-demo-A,run-NDX-R002-NDX-R00267,NDX-R00267,NDX,OPEN
run-20260922T033120Z-demo-A,run-NDX-R002-NDX-R00268,NDX-R00268,NDX,OPEN
run-20260922T033120Z-demo-A,run-NDX-R002-NDX-R00269,NDX-R00269,NDX,OPEN
run-20260922T033120Z-demo-A,run-NDX-R002-NDX-R00270,NDX-R00270|NDX-R00271,NDX,OPEN
run-20260922T033120Z-demo-A,run-NDX-R002-NDX-R00272,NDX-R00272,NDX,OPEN
run-20260922T033120Z-demo-A,run-NDX-R002-NDX-R00273,NDX-R00273,NDX,OPEN
run-20260922T033120Z-demo-A,run-NDX-R002-NDX-R00274,NDX-R00274,NDX,OPEN
run-20260922T033120Z-demo-A,run-NDX-R002-NDX-R00275,NDX-R00275,NDX,OPEN
run-20260922T033120Z-demo-A,run-NDX-R002-NDX-R00276,NDX-R00276,NDX,OPEN
run-20260922T033120Z-demo-A,run-NDX-R002-NDX-R00277,NDX-R00277,NDX,OPEN
run-20260922T033120Z-demo-A,run-NDX-R002-NDX-R00278,NDX-R00278,NDX,OPEN
run-20260922T033120Z-demo-A,run-NDX-R002-NDX-R00279,NDX-R00279,NDX,OPEN
run-20260922T033120Z-demo-A,run-NDX-R002-NDX-R00280,NDX-R00280,NDX,OPEN
run-20260922T033120Z-demo-A,run-NDX-R002-NDX-R00281,NDX-R00281|NDX-R00282,NDX,OPEN
run-20260922T033120Z-demo-A,run-NDX-R002-NDX-R00283,NDX-R00283,NDX,OPEN
run-20260922T033120Z-demo-A,run-NDX-R002-NDX-R00284,NDX-R00284,NDX,OPEN
run-20260922T033120Z-demo-A,run-NDX-R002-NDX-R00285,NDX-R00285,NDX,OPEN
run-20260922T033120Z-demo-A,run-NDX-R002-NDX-R00286,NDX-R00286|NDX-R00287,NDX,OPEN
run-20260922T033120Z-demo-A,run-NDX-R002-NDX-R00288,NDX-R00288,NDX,OPEN
run-20260922T033120Z-demo-A,run-NDX-R002-NDX-R00289,NDX-R00289,NDX,OPEN
run-20260922T033120Z-demo-A,run-NDX-R002-NDX-R00290,NDX-R00290,NDX,OPEN
run-20260922T033120Z-demo-A,run-NDX-R002-NDX-R00291,NDX-R00291,NDX,OPEN
run-20260922T033120Z-demo-A,run-NDX-R002-NDX-R00292,NDX-R00292,NDX,OPEN
run-20260922T033120Z-demo-A,run-NDX-R002-NDX-R00293,NDX-R00293,NDX,OPEN
run-20260922T033120Z-demo-A,run-NDX-R002-NDX-R00295,NDX-R00295,NDX,OPEN
run-20260922T033120Z-demo-A,run-NDX-R002-NDX-R00296,NDX-R00296,NDX,OPEN
