true_lineage_id,outcome,first_payment_at,close_at
L00001,PAYMENT_POSTED,2022-08-18T08:24:00-05:00,
L00002,PAYMENT_POSTED,2023-07-18T11:19:00-05:00,
L00003,PAYMENT_POSTED,2023-06-28T08:45:00-05:00,
L00004,PAYMENT_POSTED,2023-07-20T10:20:00-05:00,
L00005,PAYMENT_POSTED,2022-08-08T14:58:00-05:00,
L00006,PAYMENT_POSTED,2023-03-27T09:57:00-05:00,
L00007,PAYMENT_POSTED,2023-10-02T08:56:00-05:00,
L00008,CLOSED_NO_PAYMENT,,2023-08-28T16:59:00-05:00
L00009,STILL_OPEN,,
L00010,CLOSED_NO_PAYMENT,,2023-06-20T10:07:00-05:00
L00011,PAYMENT_POSTED,2023-10-23T14:31:00-05:00,
L00012,PAYMENT_POSTED,2022-11-18T09:22:00-06:00,
L00013,STILL_OPEN,,
L00014,PAYMENT_POSTED,2022-10-03T12:10:00-05:00,
L00015,PAYMENT_POSTED,2022-08-29T16:44:00-05:00,
L00016,PAYMENT_POSTED,2022-10-19T14:54:00-05:00,
L00017,PAYMENT_POSTED,2023-02-22T09:24:00-06:00,
L00018,STILL_OPEN,,
L00019,STILL_OPEN,,
L00020,PAYMENT_POSTED,2022-12-29T10:51:00-06:00,
L00021,PAYMENT_POSTED,2023-06-28T08:40:00-05:00,
L00022,PAYMENT_POSTED,2023-09-26T15:50:00-05:00,
L00023,PAYMENT_POSTED,2022-07-21T14:46:00-05:00,
L00024,STILL_OPEN,,
L00025,CLOSED_NO_PAYMENT,,2023-09-01T13:28:00-05:00
L00026,PAYMENT_POSTED,2023-03-10T13:53:00-06:00,
L00027,STILL_OPEN,,
L00028,PAYMENT_POSTED,2023-08-01T09:50:00-05:00,
L00029,PAYMENT_POSTED,2023-07-07T14:21:00-05:00,
L00030,PAYMENT_POSTED,2023-04-06T12:36:00-05:00,
L00031,PAYMENT_POSTED,2023-09-13T13:33:00-05:00,
L00032,PAYMENT_POSTED,2022-12-12T16:30:00-06:00,
L00033,STILL_OPEN,,
L00034,PAYMENT_POSTED,2023-09-21T11:53:00-05:00,
L00035,PAYMENT_POSTED,2023-09-04T09:33:00-05:00,
L00036,CLOSED_NO_PAYMENT,,2023-11-27T10:29:00-06:00
L00037,PAYMENT_POSTED,2022-12-05T10:35:00-06:00,
L00038,STILL_OPEN,,
L00039,STILL_OPEN,,
L00040,PAYMENT_POSTED,2023-07-17T16:09:00-05:00,
L00041,PAYMENT_POSTED,2023-05-01T14:59:00-05:00,
L00042,PAYMENT_POSTED,2023-02-20T16:38:00-06:00,
L00043,PAYMENT_POSTED,2023-01-19T11:36:00-06:00,
L00044,PAYMENT_POSTED,2023-01-16T10:45:00-06:00,
L00045,PAYMENT_POSTED,2022-10-24T08:31:00-05:00,
L00046,PAYMENT_POSTED,2023-07-24T12:31:00-05:00,
L00047,PAYMENT_POSTED,2023-07-26T09:52:00-05:00,
L00048,PAYMENT_POSTED,2022-10-12T08:45:00-05:00,
L00049,PAYMENT_POSTED,2023-01-24T13:04:00-06:00,
L00050,PAYMENT_POSTED,2023-02-16T13:30:00-06:00,
L00051,STILL_OPEN,,
L00052,PAYMENT_POSTED,2022-08-23T14:58:00-05:00,
L00053,PAYMENT_POSTED,2022-12-19T12:01:00-06:00,
L00054,PAYMENT_POSTED,2023-06-27T14:46:00-05:00,
L00055,STILL_OPEN,,
L00056,STILL_OPEN,2023-11-15T10:27:00-06:00,
L00057,PAYMENT_POSTED,2023-06-26T15:16:00-05:00,
L00058,PAYMENT_POSTED,2023-05-15T15:18:00-05:00,
L00059,PAYMENT_POSTED,2023-01-03T16:17:00-06:00,
L00060,STILL_OPEN,,
L00061,PAYMENT_POSTED,2023-07-26T09:14:00-05:00,
L00062,PAYMENT_POSTED,2022-08-25T16:48:00-05:00,
L00063,PAYMENT_POSTED,2022-10-11T08:43:00-05:00,
L00064,PAYMENT_POSTED,2023-01-30T08:40:00-06:00,
L00065,PAYMENT_POSTED,2022-09-23T12:40:00-05:00,
L00066,PAYMENT_POSTED,2022-10-25T16:22:00-05:00,
L00067,PAYMENT_POSTED,2023-02-06T09:34:00-06:00,
L00068,PAYMENT_POSTED,2022-07-29T15:26:00-05:00,
L00069,PAYMENT_POSTED,2023-04-24T16:45:00-05:00,
L00070,PAYMENT_POSTED,2023-03-08T13:02:00-06:00,
L00071,PAYMENT_POSTED,2023-05-15T16:07:00-05:00,
L00072,PAYMENT_POSTED,2023-03-20T16:04:00-05:00,
L00073,PAYMENT_POSTED,2023-06-19T11:35:00-05:00,
L00074,PAYMENT_POSTED,2023-02-03T14:45:00-06:00,
L00075,PAYMENT_POSTED,2022-10-03T12:13:00-05:00,
L00076,PAYMENT_POSTED,2023-02-16T11:27:00-06:00,
L00077,PAYMENT_POSTED,2022-10-19T15:25:00-05:00,
L00078,PAYMENT_POSTED,2022-12-21T11:57:00-06:00,
L00079,PAYMENT_POSTED,2023-05-10T13:14:00-05:00,
L00080,PAYMENT_POSTED,2022-10-12T09:54:00-05:00,
L00081,CLOSED_NO_PAYMENT,,2023-02-10T09:32:00-06:00
L00082,PAYMENT_POSTED,2022-12-09T12:34:00-06:00,
L00083,PAYMENT_POSTED,2023-03-13T12:13:00-05:00,
L00084,CLOSED_NO_PAYMENT,,2023-04-07T10:26:00-05:00
L00085,PAYMENT_POSTED,2023-06-01T15:10:00-05:00,
L00086,PAYMENT_POSTED,2022-08-22T13:46:00-05:00,
L00087,PAYMENT_POSTED,2022-11-07T16:08:00-06:00,
L00088,PAYMENT_POSTED,2023-06-30T15:59:00-05:00,
L00089,STILL_OPEN,,
L00090,PAYMENT_POSTED,2022-11-04T13:21:00-05:00,
L00091,PAYMENT_POSTED,2023-10-25T13:47:00-05:00,
L00092,PAYMENT_POSTED,2023-03-09T09:53:00-06:00,
L00093,PAYMENT_POSTED,2022-11-28T09:35:00-06:00,
L00094,PAYMENT_POSTED,2022-12-16T13:51:00-06:00,
L00095,PAYMENT_POSTED,2022-09-06T13:22:00-05:00,
L00096,CLOSED_NO_PAYMENT,,2022-11-01T12:08:00-05:00
L00097,PAYMENT_POSTED,2023-05-18T11:08:00-05:00,
L00098,PAYMENT_POSTED,2022-08-01T09:00:00-05:00,
L00099,PAYMENT_POSTED,2022-08-19T11:24:00-05:00,
L00100,PAYMENT_POSTED,2023-08-08T13:21:00-05:00,
L00101,PAYMENT_POSTED,2022-09-07T15:01:00-05:00,
L00102,PAYMENT_POSTED,2022-12-05T16:10:00-06:00,
L00103,PAYMENT_POSTED,2023-10-10T11:22:00-05:00,
L00104,PAYMENT_POSTED,2023-03-08T16:06:00-06:00,
L00105,PAYMENT_POSTED,2022-12-19T09:18:00-06:00,
L00106,PAYMENT_POSTED,2023-08-21T12:05:00-05:00,
L00107,PAYMENT_POSTED,2023-03-29T11:17:00-05:00,
L00108,PAYMENT_POSTED,2023-04-03T08:02:00-05:00,
L00109,CLOSED_NO_PAYMENT,,2023-08-25T09:37:00-05:00
L00110,PAYMENT_POSTED,2022-08-01T11:23:00-05:00,
L00111,PAYMENT_POSTED,2022-08-26T08:09:00-05:00,
L00112,PAYMENT_POSTED,2023-01-06T12:49:00-06:00,
L00113,PAYMENT_POSTED,2023-01-23T16:30:00-06:00,
L00114,STILL_OPEN,,
L00115,PAYMENT_POSTED,2023-06-19T08:28:00-05:00,
L00116,PAYMENT_POSTED,2022-12-05T14:06:00-06:00,
L00117,PAYMENT_POSTED,2023-09-20T15:48:00-05:00,
L00118,STILL_OPEN,,
L00119,PAYMENT_POSTED,2022-12-30T13:32:00-06:00,
L00120,PAYMENT_POSTED,2023-04-13T10:17:00-05:00,
L00121,PAYMENT_POSTED,2022-12-08T08:09:00-06:00,
L00122,PAYMENT_POSTED,2023-06-26T08:06:00-05:00,
L00123,PAYMENT_POSTED,2022-10-04T11:20:00-05:00,
L00124,PAYMENT_POSTED,2022-11-14T09:10:00-06:00,
L00125,PAYMENT_POSTED,2023-08-31T13:26:00-05:00,
L00126,PAYMENT_POSTED,2022-11-14T13:23:00-06:00,
L00127,PAYMENT_POSTED,2023-01-09T10:14:00-06:00,
L00128,PAYMENT_POSTED,2023-01-30T14:35:00-06:00,
L00129,PAYMENT_POSTED,2023-01-30T13:52:00-06:00,
L00130,PAYMENT_POSTED,2022-09-01T15:06:00-05:00,
L00131,PAYMENT_POSTED,2022-11-15T14:46:00-06:00,
L00132,PAYMENT_POSTED,2022-07-22T15:40:00-05:00,
L00133,PAYMENT_POSTED,2023-05-19T12:22:00-05:00,
L00134,PAYMENT_POSTED,2022-09-02T11:11:00-05:00,
L00135,PAYMENT_POSTED,2023-06-19T10:31:00-05:00,
L00136,PAYMENT_POSTED,2023-06-19T09:07:00-05:00,
L00137,PAYMENT_POSTED,2023-01-12T08:54:00-06:00,
L00138,PAYMENT_POSTED,2023-05-10T09:39:00-05:00,
L00139,PAYMENT_POSTED,2023-06-19T13:55:00-05:00,
L00140,PAYMENT_POSTED,2023-07-31T12:45:00-05:00,
L00141,PAYMENT_POSTED,2023-01-09T10:38:00-06:00,
L00142,PAYMENT_POSTED,2023-07-25T13:03:00-05:00,
L00143,PAYMENT_POSTED,2023-03-09T11:52:00-06:00,
L00144,PAYMENT_POSTED,2022-11-03T16:40:00-05:00,
L00145,PAYMENT_POSTED,2022-11-10T12:05:00-06:00,
L00146,STILL_OPEN,,
L00147,PAYMENT_POSTED,2023-08-21T08:11:00-05:00,
L00148,PAYMENT_POSTED,2022-12-15T15:59:00-06:00,
L00149,PAYMENT_POSTED,2022-10-03T15:25:00-05:00,
L00150,PAYMENT_POSTED,2023-10-09T11:11:00-05:00,
L00151,PAYMENT_POSTED,2022-09-14T09:06:00-05:00,
L00152,PAYMENT_POSTED,2023-07-17T13:58:00-05:00,
L00153,PAYMENT_POSTED,2023-07-06T08:05:00-05:00,
L00154,STILL_OPEN,,
L00155,PAYMENT_POSTED,2023-10-27T14:28:00-05:00,
L00156,PAYMENT_POSTED,2022-11-23T16:01:00-06:00,
L00157,PAYMENT_POSTED,2022-10-14T13:52:00-05:00,
L00158,STILL_OPEN,,
L00159,PAYMENT_POSTED,2022-12-12T16:02:00-06:00,
L00160,PAYMENT_POSTED,2023-08-23T11:31:00-05:00,
L00161,PAYMENT_POSTED,2023-10-09T09:54:00-05:00,
L00162,PAYMENT_POSTED,2023-02-23T16:10:00-06:00,
L00163,PAYMENT_POSTED,2023-10-02T11:00:00-05:00,
L00164,PAYMENT_POSTED,2023-01-30T14:59:00-06:00,
L00165,PAYMENT_POSTED,2023-01-25T11:28:00-06:00,
L00166,PAYMENT_POSTED,2023-04-10T12:33:00-05:00,
L00167,PAYMENT_POSTED,2023-08-03T09:29:00-05:00,
L00168,PAYMENT_POSTED,2022-11-03T11:21:00-05:00,
L00169,PAYMENT_POSTED,2023-02-03T13:28:00-06:00,
L00170,PAYMENT_POSTED,2023-05-01T12:12:00-05:00,
L00171,PAYMENT_POSTED,2022-11-01T10:44:00-05:00,
L00172,PAYMENT_POSTED,2022-11-21T12:25:00-06:00,
L00173,PAYMENT_POSTED,2023-03-28T14:49:00-05:00,
L00174,STILL_OPEN,,
L00175,PAYMENT_POSTED,2023-07-10T10:16:00-05:00,
L00176,STILL_OPEN,,
L00177,PAYMENT_POSTED,2023-04-19T14:19:00-05:00,
L00178,PAYMENT_POSTED,2022-08-25T09:52:00-05:00,
L00179,PAYMENT_POSTED,2023-04-20T11:37:00-05:00,
L00180,PAYMENT_POSTED,2023-09-04T13:50:00-05:00,
L00181,STILL_OPEN,,
L00182,CLOSED_NO_PAYMENT,,2022-11-02T08:05:00-05:00
L00183,PAYMENT_POSTED,2023-08-18T10:31:00-05:00,
L00184,PAYMENT_POSTED,2022-10-03T12:18:00-05:00,
L00185,PAYMENT_POSTED,2022-12-12T11:05:00-06:00,
L00186,PAYMENT_POSTED,2023-05-02T09:10:00-05:00,
L00187,PAYMENT_POSTED,2023-10-26T11:30:00-05:00,
L00188,PAYMENT_POSTED,2023-08-21T14:26:00-05:00,
L00189,PAYMENT_POSTED,2023-10-06T11:38:00-05:00,
L00190,PAYMENT_POSTED,2022-12-19T11:17:00-06:00,
L00191,PAYMENT_POSTED,2023-09-07T09:30:00-05:00,
L00192,PAYMENT_POSTED,2022-08-17T14:03:00-05:00,
L00193,PAYMENT_POSTED,2022-09-14T13:59:00-05:00,
L00194,PAYMENT_POSTED,2023-09-19T08:53:00-05:00,
L00195,PAYMENT_POSTED,2022-09-19T09:58:00-05:00,
L00196,PAYMENT_POSTED,2023-07-03T08:38:00-05:00,
L00197,PAYMENT_POSTED,2023-07-20T12:49:00-05:00,
L00198,PAYMENT_POSTED,2023-08-28T14:34:00-05:00,
L00199,PAYMENT_POSTED,2023-10-09T08:37:00-05:00,
L00200,PAYMENT_POSTED,2022-08-18T08:38:00-05:00,
L00201,PAYMENT_POSTED,2023-09-22T16:23:00-05:00,
L00202,PAYMENT_POSTED,2023-02-27T12:18:00-06:00,
L00203,PAYMENT_POSTED,2023-05-01T14:28:00-05:00,
L00204,PAYMENT_POSTED,2023-01-03T09:14:00-06:00,
L00205,CLOSED_NO_PAYMENT,,2023-06-29T14:25:00-05:00
L00206,PAYMENT_POSTED,2023-06-29T13:16:00-05:00,
L00207,PAYMENT_POSTED,2022-09-09T15:23:00-05:00,
L00208,PAYMENT_POSTED,2023-06-21T15:14:00-05:00,
L00209,STILL_OPEN,,
L00210,PAYMENT_POSTED,2023-10-25T15:48:00-05:00,
L00211,PAYMENT_POSTED,2023-08-23T15:40:00-05:00,
L00212,PAYMENT_POSTED,2023-05-29T11:41:00-05:00,
L00213,PAYMENT_POSTED,2023-07-25T10:55:00-05:00,
L00214,CLOSED_NO_PAYMENT,,2023-10-26T11:02:00-05:00
L00215,STILL_OPEN,,
L00216,PAYMENT_POSTED,2023-07-24T12:41:00-05:00,
L00217,PAYMENT_POSTED,2022-10-10T08:28:00-05:00,
L00218,PAYMENT_POSTED,2023-06-26T11:27:00-05:00,
L00219,PAYMENT_POSTED,2022-11-07T09:20:00-06:00,
L00220,PAYMENT_POSTED,2022-12-26T08:11:00-06:00,
L00221,PAYMENT_POSTED,2023-02-28T13:00:00-06:00,
L00222,CLOSED_NO_PAYMENT,,2023-10-23T13:55:00-05:00
L00223,PAYMENT_POSTED,2023-10-02T14:35:00-05:00,
L00224,PAYMENT_POSTED,2023-10-30T12:47:00-05:00,
L00225,PAYMENT_POSTED,2023-11-13T11:43:00-06:00,
L00226,PAYMENT_POSTED,2022-12-26T11:20:00-06:00,
L00227,PAYMENT_POSTED,2022-08-05T12:20:00-05:00,
L00228,PAYMENT_POSTED,2023-09-14T09:20:00-05:00,
L00229,PAYMENT_POSTED,2023-10-03T13:02:00-05:00,
L00230,PAYMENT_POSTED,2023-04-12T08:18:00-05:00,
L00231,PAYMENT_POSTED,2023-09-21T11:13:00-05:00,
L00232,PAYMENT_POSTED,2023-04-10T09:32:00-05:00,
L00233,PAYMENT_POSTED,2023-08-24T09:18:00-05:00,
L00234,PAYMENT_POSTED,2023-08-11T11:33:00-05:00,
L00235,PAYMENT_POSTED,2022-10-18T15:10:00-05:00,
L00236,PAYMENT_POSTED,2023-09-19T08:07:00-05:00,
L00237,PAYMENT_POSTED,2023-05-05T09:31:00-05:00,
L00238,STILL_OPEN,,
L00239,PAYMENT_POSTED,2023-01-09T10:14:00-06:00,
L00240,PAYMENT_POSTED,2022-09-09T13:17:00-05:00,
L00241,STILL_OPEN,,
L00242,PAYMENT_POSTED,2023-02-02T11:19:00-06:00,
L00243,STILL_OPEN,,
L00244,STILL_OPEN,,
L00245,PAYMENT_POSTED,2023-04-24T16:34:00-05:00,
L00246,PAYMENT_POSTED,2022-11-03T16:11:00-05:00,
L00247,PAYMENT_POSTED,2022-07-26T10:46:00-05:00,
L00248,PAYMENT_POSTED,2023-05-29T13:17:00-05:00,
L00249,PAYMENT_POSTED,2023-07-17T15:26:00-05:00,
L00250,PAYMENT_POSTED,2023-01-23T08:46:00-06:00,
L00251,PAYMENT_POSTED,2023-07-10T08:19:00-05:00,
L00252,PAYMENT_POSTED,2023-01-25T16:55:00-06:00,
L00253,PAYMENT_POSTED,2022-12-13T10:54:00-06:00,
L00254,PAYMENT_POSTED,2022-10-31T10:28:00-05:00,
L00255,PAYMENT_POSTED,2023-01-27T09:11:00-06:00,
L00256,PAYMENT_POSTED,2023-07-17T16:53:00-05:00,
L00257,PAYMENT_POSTED,2022-12-12T08:08:00-06:00,
L00258,PAYMENT_POSTED,2023-04-10T10:16:00-05:00,
L00259,PAYMENT_POSTED,2023-04-05T13:09:00-05:00,
L00260,PAYMENT_POSTED,2023-05-04T08:22:00-05:00,
L00261,PAYMENT_POSTED,2023-01-05T09:56:00-06:00,
L00262,PAYMENT_POSTED,2022-11-14T14:04:00-06:00,
L00263,PAYMENT_POSTED,2023-08-07T16:06:00-05:00,
L00264,PAYMENT_POSTED,2022-11-28T14:38:00-06:00,
L00265,PAYMENT_POSTED,2022-12-14T16:27:00-06:00,
L00266,PAYMENT_POSTED,2023-07-31T14:38:00-05:00,
L00267,PAYMENT_POSTED,2023-07-03T15:19:00-05:00,
L00268,PAYMENT_POSTED,2022-08-26T12:42:00-05:00,
L00269,PAYMENT_POSTED,2022-07-21T09:49:00-05:00,
L00270,PAYMENT_POSTED,2023-03-30T10:08:00-05:00,
L00271,PAYMENT_POSTED,2023-07-18T13:35:00-05:00,
L00272,PAYMENT_POSTED,2022-11-10T12:04:00-06:00,
L00273,PAYMENT_POSTED,2022-09-28T10:49:00-05:00,
L00274,STILL_OPEN,,
L00275,PAYMENT_POSTED,2023-09-28T08:47:00-05:00,
L00276,PAYMENT_POSTED,2022-10-31T12:46:00-05:00,
L00277,CLOSED_NO_PAYMENT,,2022-11-11T08:10:00-06:00
L00278,PAYMENT_POSTED,2022-08-15T08:03:00-05:00,
L00279,STILL_OPEN,,
L00280,PAYMENT_POSTED,2023-03-20T14:59:00-05:00,
L00281,STILL_OPEN,,
L00282,STILL_OPEN,,
L00283,PAYMENT_POSTED,2022-12-05T08:41:00-06:00,
L00284,PAYMENT_POSTED,2022-08-16T12:12:00-05:00,
L00285,PAYMENT_POSTED,2022-09-06T14:16:00-05:00,
L00286,PAYMENT_POSTED,2023-04-07T08:10:00-05:00,
L00287,PAYMENT_POSTED,2022-10-21T11:26:00-05:00,
L00288,CLOSED_NO_PAYMENT,,2022-12-12T14:16:00-06:00
L00289,PAYMENT_POSTED,2022-10-24T11:45:00-05:00,
L00290,PAYMENT_POSTED,2023-02-15T15:29:00-06:00,
L00291,PAYMENT_POSTED,2022-08-15T12:59:00-05:00,
L00292,PAYMENT_POSTED,2023-09-14T11:33:00-05:00,
L00293,PAYMENT_POSTED,2023-05-26T10:55:00-05:00,
L00294,PAYMENT_POSTED,2023-11-13T09:12:00-06:00,
L00295,PAYMENT_POSTED,2022-09-13T12:55:00-05:00,
L00296,PAYMENT_POSTED,2022-08-18T12:09:00-05:00,
L00297,PAYMENT_POSTED,2023-06-30T16:52:00-05:00,
L00298,PAYMENT_POSTED,2023-02-15T08:31:00-06:00,
L00299,CLOSED_NO_PAYMENT,,2023-09-25T08:20:00-05:00
L00300,PAYMENT_POSTED,2023-01-19T14:16:00-06:00,
L00301,PAYMENT_POSTED,2023-09-01T13:52:00-05:00,
L00302,PAYMENT_POSTED,2023-05-01T16:00:00-05:00,
L00303,STILL_OPEN,,
L00304,PAYMENT_POSTED,2022-10-12T13:39:00-05:00,
L00305,PAYMENT_POSTED,2022-08-01T10:08:00-05:00,
L00306,PAYMENT_POSTED,2023-04-26T09:02:00-05:00,
L00307,PAYMENT_POSTED,2023-09-06T09:22:00-05:00,
L00308,PAYMENT_POSTED,2023-09-04T13:58:00-05:00,
L00309,PAYMENT_POSTED,2023-04-12T13:19:00-05:00,
L00310,STILL_OPEN,,
L00311,PAYMENT_POSTED,2023-04-26T12:46:00-05:00,
L00312,STILL_OPEN,,
L00313,PAYMENT_POSTED,2023-10-02T08:14:00-05:00,
L00314,STILL_OPEN,,
L00315,PAYMENT_POSTED,2023-04-18T09:41:00-05:00,
L00316,PAYMENT_POSTED,2022-08-01T14:15:00-05:00,
L00317,PAYMENT_POSTED,2023-09-11T16:48:00-05:00,
L00318,PAYMENT_POSTED,2023-11-07T11:43:00-06:00,
L00319,PAYMENT_POSTED,2023-09-19T14:01:00-05:00,
L00320,PAYMENT_POSTED,2023-03-03T15:01:00-06:00,
L00321,PAYMENT_POSTED,2022-09-16T08:53:00-05:00,
L00322,CLOSED_NO_PAYMENT,,2023-09-01T08:33:00-05:00
L00323,PAYMENT_POSTED,2022-11-07T10:48:00-06:00,
L00324,STILL_OPEN,,
L00325,PAYMENT_POSTED,2023-03-31T12:56:00-05:00,
L00326,PAYMENT_POSTED,2023-01-20T16:06:00-06:00,
L00327,PAYMENT_POSTED,2022-09-26T11:17:00-05:00,
L00328,PAYMENT_POSTED,2023-04-21T14:04:00-05:00,
L00329,PAYMENT_POSTED,2023-06-13T14:50:00-05:00,
L00330,PAYMENT_POSTED,2023-03-15T15:00:00-05:00,
L00331,PAYMENT_POSTED,2023-10-02T15:47:00-05:00,
L00332,PAYMENT_POSTED,2022-09-29T08:27:00-05:00,
L00333,CLOSED_NO_PAYMENT,,2023-02-23T14:19:00-06:00
L00334,PAYMENT_POSTED,2023-05-01T16:01:00-05:00,
L00335,PAYMENT_POSTED,2022-08-18T14:19:00-05:00,
L00336,PAYMENT_POSTED,2023-04-10T15:40:00-05:00,
L00337,STILL_OPEN,,
L00338,PAYMENT_POSTED,2023-07-11T16:02:00-05:00,
L00339,PAYMENT_POSTED,2023-08-22T08:21:00-05:00,
L00340,PAYMENT_POSTED,2022-11-07T09:06:00-06:00,
L00341,PAYMENT_POSTED,2023-03-27T14:23:00-05:00,
L00342,PAYMENT_POSTED,2023-09-06T14:02:00-05:00,
L00343,PAYMENT_POSTED,2023-02-06T12:03:00-06:00,
L00344,PAYMENT_POSTED,2023-07-03T16:31:00-05:00,
L00345,PAYMENT_POSTED,2023-02-03T11:34:00-06:00,
L00346,PAYMENT_POSTED,2023-07-07T12:31:00-05:00,
L00347,PAYMENT_POSTED,2023-03-28T15:39:00-05:00,
L00348,PAYMENT_POSTED,2023-06-19T11:30:00-05:00,
L00349,PAYMENT_POSTED,2023-02-27T16:50:00-06:00,
L00350,PAYMENT_POSTED,2023-01-23T12:29:00-06:00,
L00351,PAYMENT_POSTED,2023-01-04T09:08:00-06:00,
L00352,PAYMENT_POSTED,2023-03-07T09:39:00-06:00,
L00353,PAYMENT_POSTED,2023-05-29T16:38:00-05:00,
L00354,CLOSED_NO_PAYMENT,,2022-11-07T08:47:00-06:00
L00355,PAYMENT_POSTED,2023-08-28T10:05:00-05:00,
L00356,CLOSED_NO_PAYMENT,,2023-05-17T15:27:00-05:00
L00357,PAYMENT_POSTED,2023-04-25T11:40:00-05:00,
L00358,PAYMENT_POSTED,2023-03-13T14:20:00-05:00,
L00359,PAYMENT_POSTED,2023-06-02T13:09:00-05:00,
L00360,PAYMENT_POSTED,2023-09-28T09:34:00-05:00,
L00361,PAYMENT_POSTED,2023-10-13T13:21:00-05:00,
L00362,PAYMENT_POSTED,2022-10-25T16:57:00-05:00,
L00363,PAYMENT_POSTED,2023-07-28T10:11:00-05:00,
L00364,PAYMENT_POSTED,2022-08-08T13:52:00-05:00,
L00365,PAYMENT_POSTED,2023-02-22T13:24:00-06:00,
L00366,PAYMENT_POSTED,2023-10-02T16:18:00-05:00,
L00367,PAYMENT_POSTED,2023-09-25T14:21:00-05:00,
L00368,PAYMENT_POSTED,2023-01-16T09:00:00-06:00,
L00369,PAYMENT_POSTED,2023-06-20T10:12:00-05:00,
L00370,PAYMENT_POSTED,2022-09-26T13:14:00-05:00,
L00371,PAYMENT_POSTED,2023-02-22T10:31:00-06:00,
L00372,PAYMENT_POSTED,2023-09-01T09:32:00-05:00,
L00373,PAYMENT_POSTED,2022-09-08T11:08:00-05:00,
L00374,PAYMENT_POSTED,2023-04-03T08:03:00-05:00,
L00375,PAYMENT_POSTED,2022-08-03T13:34:00-05:00,
L00376,PAYMENT_POSTED,2023-06-28T14:39:00-05:00,
L00377,PAYMENT_POSTED,2023-06-30T14:14:00-05:00,
L00378,PAYMENT_POSTED,2022-10-10T09:19:00-05:00,
L00379,PAYMENT_POSTED,2022-07-25T14:35:00-05:00,
L00380,PAYMENT_POSTED,2023-04-07T12:31:00-05:00,
L00381,PAYMENT_POSTED,2022-10-24T15:08:00-05:00,
L00382,PAYMENT_POSTED,2023-09-25T15:52:00-05:00,
L00383,PAYMENT_POSTED,2022-11-03T15:12:00-05:00,
L00384,PAYMENT_POSTED,2022-08-01T12:04:00-05:00,
L00385,PAYMENT_POSTED,2022-09-12T12:27:00-05:00,
L00386,PAYMENT_POSTED,2023-02-02T09:54:00-06:00,
L00387,STILL_OPEN,,
L00388,PAYMENT_POSTED,2023-04-10T16:11:00-05:00,
L00389,PAYMENT_POSTED,2023-08-17T12:48:00-05:00,
L00390,PAYMENT_POSTED,2022-09-15T13:15:00-05:00,
L00391,PAYMENT_POSTED,2023-09-25T12:03:00-05:00,
L00392,PAYMENT_POSTED,2023-01-26T15:10:00-06:00,
L00393,PAYMENT_POSTED,2022-10-31T12:10:00-05:00,
L00394,PAYMENT_POSTED,2022-08-01T08:33:00-05:00,
L00395,PAYMENT_POSTED,2022-10-31T08:48:00-05:00,
L00396,STILL_OPEN,,
L00397,CLOSED_NO_PAYMENT,,2023-04-24T10:29:00-05:00
L00398,PAYMENT_POSTED,2022-09-19T11:45:00-05:00,
L00399,PAYMENT_POSTED,2022-12-16T09:11:00-06:00,
L00400,PAYMENT_POSTED,2022-11-04T14:24:00-05:00,
L00401,PAYMENT_POSTED,2022-10-03T16:12:00-06:00,
L00402,PAYMENT_POSTED,2023-03-22T15:02:00-06:00,
L00403,PAYMENT_POSTED,2023-07-03T10:35:00-06:00,
L00404,STILL_OPEN,,
L00405,PAYMENT_POSTED,2022-10-18T09:43:00-06:00,
L00406,PAYMENT_POSTED,2022-08-15T14:05:00-06:00,
L00407,PAYMENT_POSTED,2023-07-24T08:50:00-06:00,
L00408,STILL_OPEN,,
L00409,PAYMENT_POSTED,2022-12-07T12:28:00-07:00,
L00410,PAYMENT_POSTED,2023-03-27T15:34:00-06:00,
L00411,CLOSED_NO_PAYMENT,,2022-08-18T16:47:00-06:00
L00412,PAYMENT_POSTED,2023-06-13T10:59:00-06:00,
L00413,STILL_OPEN,,
L00414,PAYMENT_POSTED,2023-03-08T10:50:00-07:00,
L00415,PAYMENT_POSTED,2022-11-25T13:21:00-07:00,
L00416,PAYMENT_POSTED,2023-09-15T09:23:00-06:00,
L00417,PAYMENT_POSTED,2023-08-28T16:48:00-06:00,
L00418,PAYMENT_POSTED,2023-08-09T16:08:00-06:00,
L00419,PAYMENT_POSTED,2022-09-28T11:52:00-06:00,
L00420,PAYMENT_POSTED,2023-08-09T14:13:00-06:00,
L00421,STILL_OPEN,,
L00422,CLOSED_NO_PAYMENT,,2023-12-27T15:54:00-07:00
L00423,PAYMENT_POSTED,2023-10-26T16:29:00-06:00,
L00424,STILL_OPEN,,
L00425,PAYMENT_POSTED,2023-07-12T08:02:00-06:00,
L00426,PAYMENT_POSTED,2022-09-28T16:38:00-06:00,
L00427,PAYMENT_POSTED,2022-09-09T13:18:00-06:00,
L00428,PAYMENT_POSTED,2023-04-26T08:41:00-06:00,
L00429,PAYMENT_POSTED,2023-01-13T13:39:00-07:00,
L00430,PAYMENT_POSTED,2023-04-24T12:45:00-06:00,
L00431,PAYMENT_POSTED,2022-11-22T16:33:00-07:00,
L00432,PAYMENT_POSTED,2023-05-03T14:45:00-06:00,
L00433,PAYMENT_POSTED,2022-10-26T10:51:00-06:00,
L00434,STILL_OPEN,,
L00435,CLOSED_NO_PAYMENT,,2023-04-14T15:39:00-06:00
L00436,STILL_OPEN,,
L00437,STILL_OPEN,,
L00438,PAYMENT_POSTED,2022-10-17T09:34:00-06:00,
L00439,PAYMENT_POSTED,2023-09-13T10:56:00-06:00,
L00440,PAYMENT_POSTED,2022-11-25T08:25:00-07:00,
L00441,STILL_OPEN,,
L00442,PAYMENT_POSTED,2023-10-09T08:04:00-06:00,
L00443,STILL_OPEN,,
L00444,PAYMENT_POSTED,2023-08-15T12:11:00-06:00,
L00445,PAYMENT_POSTED,2023-01-30T11:19:00-07:00,
L00446,PAYMENT_POSTED,2023-09-13T12:27:00-06:00,
L00447,PAYMENT_POSTED,2023-08-14T13:15:00-06:00,
L00448,PAYMENT_POSTED,2022-10-31T12:02:00-06:00,
L00449,PAYMENT_POSTED,2023-09-04T12:06:00-06:00,
L00450,PAYMENT_POSTED,2023-03-27T15:21:00-06:00,
L00451,PAYMENT_POSTED,2023-01-09T16:47:00-07:00,
L00452,PAYMENT_POSTED,2023-07-24T08:47:00-06:00,
L00453,PAYMENT_POSTED,2023-09-27T14:46:00-06:00,
L00454,STILL_OPEN,2023-12-27T16:46:00-07:00,
L00455,STILL_OPEN,,
L00456,PAYMENT_POSTED,2023-10-09T14:45:00-06:00,
L00457,CLOSED_NO_PAYMENT,,2023-11-07T11:09:00-07:00
L00458,PAYMENT_POSTED,2022-09-14T08:40:00-06:00,
L00459,PAYMENT_POSTED,2022-09-26T14:31:00-06:00,
L00460,PAYMENT_POSTED,2023-02-16T08:47:00-07:00,
L00461,PAYMENT_POSTED,2023-08-21T13:07:00-06:00,
L00462,PAYMENT_POSTED,2022-09-01T13:55:00-06:00,
L00463,PAYMENT_POSTED,2022-11-25T08:18:00-07:00,
L00464,PAYMENT_POSTED,2023-06-12T08:47:00-06:00,
L00465,STILL_OPEN,,
L00466,PAYMENT_POSTED,2022-09-07T12:13:00-06:00,
L00467,PAYMENT_POSTED,2023-07-13T14:45:00-06:00,
L00468,PAYMENT_POSTED,2023-04-10T08:04:00-06:00,
L00469,PAYMENT_POSTED,2022-10-10T08:53:00-06:00,
L00470,PAYMENT_POSTED,2022-11-08T09:53:00-07:00,
L00471,PAYMENT_POSTED,2023-08-11T10:03:00-06:00,
L00472,PAYMENT_POSTED,2022-07-22T14:33:00-06:00,
L00473,STILL_OPEN,,
L00474,PAYMENT_POSTED,2022-07-25T16:22:00-06:00,
L00475,PAYMENT_POSTED,2022-12-27T13:55:00-07:00,
L00476,STILL_OPEN,,
L00477,PAYMENT_POSTED,2022-07-21T10:00:00-06:00,
L00478,PAYMENT_POSTED,2022-07-14T13:19:00-06:00,
L00479,PAYMENT_POSTED,2023-07-07T11:34:00-06:00,
L00480,PAYMENT_POSTED,2023-08-07T10:48:00-06:00,
L00481,PAYMENT_POSTED,2023-09-11T12:10:00-06:00,
L00482,PAYMENT_POSTED,2023-02-02T15:09:00-07:00,
L00483,PAYMENT_POSTED,2022-09-07T14:40:00-06:00,
L00484,PAYMENT_POSTED,2023-04-20T09:25:00-06:00,
L00485,PAYMENT_POSTED,2023-09-04T12:29:00-06:00,
L00486,PAYMENT_POSTED,2022-12-26T14:14:00-07:00,
L00487,PAYMENT_POSTED,2022-08-22T12:30:00-06:00,
L00488,PAYMENT_POSTED,2023-08-02T09:10:00-06:00,
L00489,PAYMENT_POSTED,2023-05-09T15:42:00-06:00,
L00490,PAYMENT_POSTED,2022-11-22T09:30:00-07:00,
L00491,PAYMENT_POSTED,2022-08-24T14:01:00-06:00,
L00492,PAYMENT_POSTED,2023-07-06T14:55:00-06:00,
L00493,PAYMENT_POSTED,2022-11-08T10:12:00-07:00,
L00494,PAYMENT_POSTED,2023-02-20T15:14:00-07:00,
L00495,PAYMENT_POSTED,2023-06-29T14:10:00-06:00,
L00496,PAYMENT_POSTED,2022-09-29T14:48:00-06:00,
L00497,PAYMENT_POSTED,2023-01-02T13:42:00-07:00,
L00498,PAYMENT_POSTED,2022-12-06T15:13:00-07:00,
L00499,PAYMENT_POSTED,2022-12-12T14:13:00-07:00,
L00500,PAYMENT_POSTED,2023-01-26T11:56:00-07:00,
L00501,PAYMENT_POSTED,2023-02-03T11:13:00-07:00,
L00502,PAYMENT_POSTED,2022-11-14T16:04:00-07:00,
L00503,PAYMENT_POSTED,2023-01-05T13:02:00-07:00,
L00504,PAYMENT_POSTED,2023-07-03T16:48:00-06:00,
L00505,PAYMENT_POSTED,2023-07-03T16:36:00-06:00,
L00506,PAYMENT_POSTED,2023-09-11T09:21:00-06:00,
L00507,PAYMENT_POSTED,2022-10-24T13:42:00-06:00,
L00508,PAYMENT_POSTED,2023-10-10T08:09:00-06:00,
L00509,PAYMENT_POSTED,2023-07-24T09:05:00-06:00,
L00510,PAYMENT_POSTED,2023-07-07T10:20:00-06:00,
L00511,PAYMENT_POSTED,2022-10-03T11:42:00-06:00,
L00512,PAYMENT_POSTED,2023-03-01T15:46:00-07:00,
L00513,PAYMENT_POSTED,2023-05-08T14:18:00-06:00,
L00514,STILL_OPEN,,
L00515,PAYMENT_POSTED,2022-09-28T10:46:00-06:00,
L00516,PAYMENT_POSTED,2022-10-27T16:21:00-06:00,
L00517,PAYMENT_POSTED,2023-06-26T16:59:00-06:00,
L00518,PAYMENT_POSTED,2023-07-13T08:00:00-06:00,
L00519,PAYMENT_POSTED,2023-10-02T13:59:00-06:00,
L00520,PAYMENT_POSTED,2022-11-25T15:49:00-07:00,
L00521,PAYMENT_POSTED,2023-07-24T16:27:00-06:00,
L00522,PAYMENT_POSTED,2023-02-08T10:10:00-07:00,
L00523,STILL_OPEN,,
L00524,PAYMENT_POSTED,2023-07-10T10:45:00-06:00,
L00525,PAYMENT_POSTED,2023-02-13T09:48:00-07:00,
L00526,PAYMENT_POSTED,2023-07-31T11:18:00-06:00,
L00527,CLOSED_NO_PAYMENT,,2023-05-29T08:47:00-06:00
L00528,PAYMENT_POSTED,2022-10-10T14:20:00-06:00,
L00529,PAYMENT_POSTED,2023-03-02T11:11:00-07:00,
L00530,PAYMENT_POSTED,2023-03-20T08:56:00-06:00,
L00531,PAYMENT_POSTED,2023-08-07T13:11:00-06:00,
L00532,PAYMENT_POSTED,2022-08-15T09:56:00-06:00,
L00533,PAYMENT_POSTED,2023-05-19T12:04:00-06:00,
L00534,PAYMENT_POSTED,2023-06-23T13:01:00-06:00,
L00535,PAYMENT_POSTED,2023-01-27T16:27:00-07:00,
L00536,PAYMENT_POSTED,2023-04-24T10:02:00-06:00,
L00537,PAYMENT_POSTED,2022-10-10T11:02:00-06:00,
L00538,PAYMENT_POSTED,2022-09-26T11:35:00-06:00,
L00539,CLOSED_NO_PAYMENT,,2023-01-10T14:22:00-07:00
L00540,PAYMENT_POSTED,2023-06-29T09:20:00-06:00,
L00541,CLOSED_NO_PAYMENT,,2023-09-04T16:03:00-06:00
L00542,PAYMENT_POSTED,2023-08-28T12:16:00-06:00,
L00543,PAYMENT_POSTED,2023-01-19T09:47:00-07:00,
L00544,PAYMENT_POSTED,2023-08-28T08:45:00-06:00,
L00545,PAYMENT_POSTED,2023-10-09T12:42:00-06:00,
L00546,PAYMENT_POSTED,2023-08-21T11:04:00-06:00,
L00547,PAYMENT_POSTED,2023-08-01T16:26:00-06:00,
L00548,PAYMENT_POSTED,2023-07-27T10:38:00-06:00,
L00549,PAYMENT_POSTED,2023-10-02T15:55:00-06:00,
L00550,PAYMENT_POSTED,2023-09-07T11:04:00-06:00,
L00551,PAYMENT_POSTED,2023-02-02T13:20:00-07:00,
L00552,PAYMENT_POSTED,2022-12-19T15:35:00-07:00,
L00553,PAYMENT_POSTED,2023-06-21T11:16:00-06:00,
L00554,STILL_OPEN,,
L00555,PAYMENT_POSTED,2023-07-06T16:05:00-06:00,
L00556,PAYMENT_POSTED,2023-09-04T13:06:00-06:00,
L00557,PAYMENT_POSTED,2022-10-12T08:48:00-06:00,
L00558,PAYMENT_POSTED,2023-04-03T11:15:00-06:00,
L00559,PAYMENT_POSTED,2023-07-06T09:42:00-06:00,
L00560,PAYMENT_POSTED,2022-11-29T16:21:00-07:00,
L00561,PAYMENT_POSTED,2023-05-10T15:06:00-06:00,
L00562,PAYMENT_POSTED,2023-05-19T12:06:00-06:00,
L00563,PAYMENT_POSTED,2023-10-11T11:54:00-06:00,
L00564,PAYMENT_POSTED,2023-06-26T11:21:00-06:00,
L00565,PAYMENT_POSTED,2023-07-27T15:30:00-06:00,
L00566,STILL_OPEN,,
L00567,PAYMENT_POSTED,2023-10-17T11:11:00-06:00,
L00568,PAYMENT_POSTED,2023-06-23T14:48:00-06:00,
L00569,PAYMENT_POSTED,2023-05-22T08:06:00-06:00,
L00570,PAYMENT_POSTED,2023-07-20T12:25:00-06:00,
L00571,PAYMENT_POSTED,2023-06-19T15:01:00-06:00,
L00572,PAYMENT_POSTED,2023-08-22T09:46:00-06:00,
L00573,PAYMENT_POSTED,2023-05-10T12:44:00-06:00,
L00574,PAYMENT_POSTED,2022-08-22T08:07:00-06:00,
L00575,PAYMENT_POSTED,2023-03-17T16:04:00-06:00,
L00576,PAYMENT_POSTED,2022-08-03T11:09:00-06:00,
L00577,PAYMENT_POSTED,2023-10-09T15:25:00-06:00,
L00578,PAYMENT_POSTED,2023-07-17T14:20:00-06:00,
L00579,PAYMENT_POSTED,2023-03-27T10:39:00-06:00,
L00580,PAYMENT_POSTED,2023-07-03T12:55:00-06:00,
L00581,PAYMENT_POSTED,2023-09-27T08:55:00-06:00,
L00582,PAYMENT_POSTED,2023-04-03T11:30:00-06:00,
L00583,PAYMENT_POSTED,2022-09-20T09:54:00-06:00,
L00584,PAYMENT_POSTED,2023-10-09T12:55:00-06:00,
L00585,PAYMENT_POSTED,2023-03-23T08:16:00-06:00,
L00586,PAYMENT_POSTED,2023-02-14T15:11:00-07:00,
L00587,PAYMENT_POSTED,2023-03-13T10:46:00-06:00,
L00588,PAYMENT_POSTED,2022-11-14T16:33:00-07:00,
L00589,STILL_OPEN,,
L00590,STILL_OPEN,,
L00591,PAYMENT_POSTED,2023-06-28T09:37:00-06:00,
L00592,STILL_OPEN,,
L00593,STILL_OPEN,,
L00594,PAYMENT_POSTED,2023-04-17T12:15:00-06:00,
L00595,PAYMENT_POSTED,2023-05-29T16:36:00-06:00,
L00596,STILL_OPEN,,
L00597,PAYMENT_POSTED,2022-08-03T09:48:00-06:00,
L00598,PAYMENT_POSTED,2023-08-15T13:50:00-06:00,
L00599,PAYMENT_POSTED,2022-12-05T09:52:00-07:00,
L00600,PAYMENT_POSTED,2023-07-17T12:57:00-06:00,
L00601,PAYMENT_POSTED,2022-11-14T15:11:00-07:00,
L00602,PAYMENT_POSTED,2023-06-01T09:21:00-06:00,
L00603,PAYMENT_POSTED,2023-04-04T16:51:00-06:00,
L00604,STILL_OPEN,,
L00605,CLOSED_NO_PAYMENT,,2023-01-13T11:41:00-07:00
L00606,STILL_OPEN,,
L00607,PAYMENT_POSTED,2022-12-22T16:36:00-07:00,
L00608,PAYMENT_POSTED,2022-08-22T08:32:00-06:00,
L00609,PAYMENT_POSTED,2023-04-10T12:45:00-06:00,
L00610,STILL_OPEN,,
L00611,PAYMENT_POSTED,2022-07-06T14:31:00-06:00,
L00612,CLOSED_NO_PAYMENT,,2023-03-31T10:14:00-06:00
L00613,PAYMENT_POSTED,2022-12-19T09:28:00-07:00,
L00614,CLOSED_NO_PAYMENT,,2023-10-02T15:01:00-06:00
L00615,STILL_OPEN,,
L00616,PAYMENT_POSTED,2023-03-15T09:36:00-06:00,
L00617,PAYMENT_POSTED,2023-08-11T10:52:00-06:00,
L00618,PAYMENT_POSTED,2022-08-26T16:28:00-06:00,
L00619,PAYMENT_POSTED,2022-08-09T09:20:00-06:00,
L00620,STILL_OPEN,,
L00621,PAYMENT_POSTED,2023-02-24T10:12:00-07:00,
L00622,PAYMENT_POSTED,2023-08-28T14:03:00-06:00,
L00623,PAYMENT_POSTED,2023-02-08T12:25:00-07:00,
L00624,STILL_OPEN,,
L00625,PAYMENT_POSTED,2022-12-26T08:47:00-07:00,
L00626,PAYMENT_POSTED,2023-08-28T08:01:00-06:00,
L00627,PAYMENT_POSTED,2022-08-02T16:20:00-06:00,
L00628,PAYMENT_POSTED,2022-11-07T16:37:00-07:00,
L00629,PAYMENT_POSTED,2023-09-05T08:53:00-06:00,
L00630,PAYMENT_POSTED,2022-08-01T16:36:00-06:00,
L00631,PAYMENT_POSTED,2022-08-01T15:06:00-06:00,
L00632,PAYMENT_POSTED,2022-09-23T08:03:00-06:00,
L00633,PAYMENT_POSTED,2023-06-12T13:38:00-06:00,
L00634,PAYMENT_POSTED,2022-08-05T12:53:00-06:00,
L00635,PAYMENT_POSTED,2023-05-08T16:23:00-06:00,
L00636,PAYMENT_POSTED,2023-03-02T08:40:00-07:00,
L00637,STILL_OPEN,,
L00638,PAYMENT_POSTED,2023-07-12T16:47:00-06:00,
L00639,PAYMENT_POSTED,2023-06-01T11:07:00-06:00,
L00640,STILL_OPEN,,
L00641,PAYMENT_POSTED,2023-03-20T09:46:00-06:00,
L00642,PAYMENT_POSTED,2023-09-14T16:28:00-06:00,
L00643,STILL_OPEN,,
L00644,PAYMENT_POSTED,2023-05-18T12:35:00-06:00,
L00645,PAYMENT_POSTED,2023-08-07T16:54:00-06:00,
L00646,PAYMENT_POSTED,2023-01-06T15:15:00-07:00,
L00647,PAYMENT_POSTED,2023-02-13T11:58:00-07:00,
L00648,PAYMENT_POSTED,2022-11-21T16:22:00-07:00,
L00649,PAYMENT_POSTED,2023-06-19T10:43:00-06:00,
L00650,PAYMENT_POSTED,2023-09-06T11:57:00-06:00,
L00651,CLOSED_NO_PAYMENT,,2023-01-30T12:20:00-07:00
L00652,STILL_OPEN,,
L00653,PAYMENT_POSTED,2023-03-21T10:05:00-06:00,
L00654,PAYMENT_POSTED,2022-08-09T12:58:00-06:00,
L00655,PAYMENT_POSTED,2022-12-06T13:25:00-07:00,
L00656,PAYMENT_POSTED,2023-06-29T12:04:00-06:00,
L00657,PAYMENT_POSTED,2022-09-19T14:37:00-06:00,
L00658,PAYMENT_POSTED,2023-10-04T15:36:00-06:00,
L00659,CLOSED_NO_PAYMENT,,2023-01-18T12:41:00-07:00
L00660,PAYMENT_POSTED,2023-02-06T16:43:00-07:00,
L00661,PAYMENT_POSTED,2022-12-27T11:28:00-07:00,
L00662,PAYMENT_POSTED,2022-09-15T11:05:00-06:00,
L00663,PAYMENT_POSTED,2022-12-12T13:00:00-07:00,
L00664,PAYMENT_POSTED,2022-09-05T12:57:00-06:00,
L00665,STILL_OPEN,,
L00666,PAYMENT_POSTED,2023-05-22T09:00:00-06:00,
L00667,PAYMENT_POSTED,2023-05-29T16:43:00-06:00,
L00668,PAYMENT_POSTED,2023-06-21T12:34:00-06:00,
L00669,PAYMENT_POSTED,2023-09-25T15:05:00-06:00,
L00670,PAYMENT_POSTED,2022-11-24T13:11:00-07:00,
L00671,PAYMENT_POSTED,2022-10-20T13:01:00-06:00,
L00672,PAYMENT_POSTED,2023-07-06T10:28:00-06:00,
L00673,PAYMENT_POSTED,2022-08-16T09:44:00-06:00,
L00674,PAYMENT_POSTED,2023-08-24T13:45:00-06:00,
L00675,PAYMENT_POSTED,2023-04-05T10:21:00-06:00,
L00676,PAYMENT_POSTED,2023-09-06T09:51:00-06:00,
L00677,PAYMENT_POSTED,2023-05-18T09:39:00-06:00,
L00678,PAYMENT_POSTED,2022-12-05T09:52:00-07:00,
L00679,PAYMENT_POSTED,2023-04-13T10:32:00-06:00,
L00680,PAYMENT_POSTED,2023-04-10T10:54:00-06:00,
L00681,PAYMENT_POSTED,2023-07-27T08:53:00-06:00,
L00682,PAYMENT_POSTED,2022-12-19T10:31:00-07:00,
L00683,PAYMENT_POSTED,2023-01-10T16:59:00-07:00,
L00684,PAYMENT_POSTED,2023-06-08T09:12:00-06:00,
L00685,PAYMENT_POSTED,2023-03-06T10:40:00-07:00,
L00686,PAYMENT_POSTED,2023-08-04T13:00:00-06:00,
L00687,PAYMENT_POSTED,2023-03-06T13:24:00-07:00,
L00688,PAYMENT_POSTED,2022-10-05T13:10:00-06:00,
L00689,PAYMENT_POSTED,2023-06-26T13:25:00-06:00,
L00690,PAYMENT_POSTED,2023-07-17T15:02:00-06:00,
L00691,PAYMENT_POSTED,2023-08-14T16:53:00-06:00,
L00692,PAYMENT_POSTED,2023-01-23T10:44:00-07:00,
L00693,PAYMENT_POSTED,2023-09-13T16:52:00-06:00,
L00694,PAYMENT_POSTED,2023-08-25T15:28:00-06:00,
L00695,PAYMENT_POSTED,2023-04-24T09:57:00-06:00,
L00696,PAYMENT_POSTED,2023-02-23T10:47:00-07:00,
L00697,CLOSED_NO_PAYMENT,,2023-06-19T13:28:00-06:00
L00698,PAYMENT_POSTED,2023-01-05T15:07:00-07:00,
L00699,PAYMENT_POSTED,2023-07-14T11:09:00-06:00,
L00700,PAYMENT_POSTED,2023-07-13T16:22:00-06:00,
L00701,PAYMENT_POSTED,2022-12-22T12:59:00-07:00,
L00702,PAYMENT_POSTED,2023-02-23T08:48:00-07:00,
L00703,CLOSED_NO_PAYMENT,,2022-11-30T09:21:00-07:00
L00704,STILL_OPEN,,
L00705,STILL_OPEN,,
L00706,PAYMENT_POSTED,2022-10-25T14:19:00-06:00,
L00707,CLOSED_NO_PAYMENT,,2023-04-03T13:12:00-06:00
L00708,PAYMENT_POSTED,2023-10-05T16:05:00-06:00,
L00709,PAYMENT_POSTED,2022-08-29T14:41:00-06:00,
L00710,PAYMENT_POSTED,2023-04-17T13:14:00-06:00,
L00711,PAYMENT_POSTED,2023-07-17T12:20:00-06:00,
L00712,PAYMENT_POSTED,2023-01-10T10:36:00-07:00,
L00713,PAYMENT_POSTED,2023-02-09T10:12:00-07:00,
L00714,PAYMENT_POSTED,2022-09-26T14:50:00-06:00,
L00715,STILL_OPEN,,
L00716,STILL_OPEN,,
L00717,PAYMENT_POSTED,2023-03-14T16:21:00-06:00,
L00718,PAYMENT_POSTED,2023-10-02T14:15:00-06:00,
L00719,PAYMENT_POSTED,2022-09-28T14:38:00-06:00,
L00720,PAYMENT_POSTED,2022-07-25T12:08:00-06:00,
L00721,STILL_OPEN,,
L00722,PAYMENT_POSTED,2022-12-05T12:50:00-07:00,
L00723,PAYMENT_POSTED,2022-12-15T10:16:00-07:00,
L00724,PAYMENT_POSTED,2023-06-07T10:58:00-06:00,
L00725,PAYMENT_POSTED,2023-01-18T16:35:00-07:00,
L00726,STILL_OPEN,2023-12-05T10:25:00-07:00,
L00727,PAYMENT_POSTED,2023-09-26T15:53:00-06:00,
L00728,PAYMENT_POSTED,2023-05-22T13:23:00-06:00,
L00729,PAYMENT_POSTED,2023-02-06T15:43:00-07:00,
L00730,PAYMENT_POSTED,2022-07-27T08:01:00-06:00,
L00731,PAYMENT_POSTED,2023-05-18T14:48:00-06:00,
L00732,PAYMENT_POSTED,2022-09-07T14:20:00-06:00,
L00733,PAYMENT_POSTED,2022-11-03T11:49:00-06:00,
L00734,PAYMENT_POSTED,2023-04-14T14:01:00-06:00,
L00735,CLOSED_NO_PAYMENT,,2023-12-12T14:05:00-07:00
L00736,PAYMENT_POSTED,2023-03-06T13:16:00-07:00,
L00737,PAYMENT_POSTED,2022-12-06T13:25:00-07:00,
L00738,PAYMENT_POSTED,2023-04-06T16:03:00-06:00,
L00739,PAYMENT_POSTED,2023-06-14T11:48:00-06:00,
L00740,PAYMENT_POSTED,2023-06-09T16:06:00-06:00,
L00741,PAYMENT_POSTED,2022-09-28T15:35:00-06:00,
L00742,PAYMENT_POSTED,2023-01-23T16:29:00-07:00,
L00743,PAYMENT_POSTED,2023-10-23T10:29:00-06:00,
L00744,PAYMENT_POSTED,2023-09-27T11:55:00-06:00,
L00745,PAYMENT_POSTED,2022-10-26T15:55:00-06:00,
L00746,STILL_OPEN,,
L00747,PAYMENT_POSTED,2023-09-07T09:40:00-06:00,
L00748,PAYMENT_POSTED,2022-07-21T11:19:00-06:00,
L00749,PAYMENT_POSTED,2023-05-10T13:31:00-06:00,
L00750,PAYMENT_POSTED,2022-11-25T12:23:00-07:00,
L00751,PAYMENT_POSTED,2023-04-17T08:38:00-04:00,
L00752,CLOSED_NO_PAYMENT,,2023-12-04T12:20:00-05:00
L00753,PAYMENT_POSTED,2023-08-07T16:50:00-04:00,
L00754,STILL_OPEN,,
L00755,PAYMENT_POSTED,2022-09-12T08:01:00-04:00,
L00756,PAYMENT_POSTED,2022-11-21T10:58:00-05:00,
L00757,PAYMENT_POSTED,2023-05-12T08:28:00-04:00,
L00758,PAYMENT_POSTED,2022-10-19T10:29:00-04:00,
L00759,PAYMENT_POSTED,2023-05-01T14:54:00-04:00,
L00760,PAYMENT_POSTED,2023-05-04T13:50:00-04:00,
L00761,PAYMENT_POSTED,2023-09-19T15:21:00-04:00,
L00762,PAYMENT_POSTED,2023-05-16T16:16:00-04:00,
L00763,PAYMENT_POSTED,2023-03-15T13:52:00-04:00,
L00764,PAYMENT_POSTED,2022-09-21T10:29:00-04:00,
L00765,PAYMENT_POSTED,2022-09-05T08:54:00-04:00,
L00766,PAYMENT_POSTED,2023-07-03T14:35:00-04:00,
L00767,PAYMENT_POSTED,2022-12-19T10:49:00-05:00,
L00768,PAYMENT_POSTED,2022-09-06T08:38:00-04:00,
L00769,PAYMENT_POSTED,2023-05-30T11:08:00-04:00,
L00770,PAYMENT_POSTED,2023-05-15T15:57:00-04:00,
L00771,PAYMENT_POSTED,2023-07-06T16:57:00-04:00,
L00772,PAYMENT_POSTED,2023-02-07T16:11:00-05:00,
L00773,PAYMENT_POSTED,2023-08-14T14:24:00-04:00,
L00774,PAYMENT_POSTED,2023-03-31T14:59:00-04:00,
L00775,PAYMENT_POSTED,2023-05-22T09:02:00-04:00,
L00776,PAYMENT_POSTED,2023-01-23T15:50:00-05:00,
L00777,PAYMENT_POSTED,2022-12-19T14:30:00-05:00,
L00778,PAYMENT_POSTED,2023-02-28T08:14:00-05:00,
L00779,CLOSED_NO_PAYMENT,,2023-03-07T13:01:00-05:00
L00780,PAYMENT_POSTED,2023-08-23T09:46:00-04:00,
L00781,PAYMENT_POSTED,2022-10-24T16:03:00-04:00,
L00782,PAYMENT_POSTED,2022-11-08T08:36:00-05:00,
L00783,STILL_OPEN,,
L00784,PAYMENT_POSTED,2022-10-31T09:32:00-04:00,
L00785,PAYMENT_POSTED,2022-10-24T09:48:00-04:00,
L00786,CLOSED_NO_PAYMENT,,2022-12-27T13:23:00-05:00
L00787,STILL_OPEN,,
L00788,CLOSED_NO_PAYMENT,,2023-12-18T09:57:00-05:00
L00789,PAYMENT_POSTED,2022-11-25T11:17:00-05:00,
L00790,PAYMENT_POSTED,2023-06-09T09:33:00-04:00,
L00791,PAYMENT_POSTED,2023-06-19T13:03:00-04:00,
L00792,PAYMENT_POSTED,2023-05-03T10:49:00-04:00,
L00793,CLOSED_NO_PAYMENT,,2022-11-21T16:53:00-05:00
L00794,PAYMENT_POSTED,2023-05-19T16:01:00-04:00,
L00795,PAYMENT_POSTED,2022-10-24T10:15:00-04:00,
L00796,PAYMENT_POSTED,2022-08-09T10:23:00-04:00,
L00797,PAYMENT_POSTED,2022-11-18T14:38:00-05:00,
L00798,PAYMENT_POSTED,2022-10-17T14:28:00-04:00,
L00799,PAYMENT_POSTED,2023-01-09T10:16:00-05:00,
L00800,PAYMENT_POSTED,2023-05-15T14:45:00-04:00,
L00801,PAYMENT_POSTED,2023-10-16T10:49:00-04:00,
L00802,PAYMENT_POSTED,2023-04-05T09:47:00-04:00,
L00803,PAYMENT_POSTED,2023-04-03T15:55:00-04:00,
L00804,PAYMENT_POSTED,2022-09-14T13:55:00-04:00,
L00805,PAYMENT_POSTED,2023-07-25T12:08:00-04:00,
L00806,STILL_OPEN,,
L00807,PAYMENT_POSTED,2023-09-21T09:37:00-04:00,
L00808,STILL_OPEN,,
L00809,PAYMENT_POSTED,2023-03-21T10:38:00-04:00,
L00810,PAYMENT_POSTED,2023-03-21T11:15:00-04:00,
L00811,PAYMENT_POSTED,2023-01-16T12:32:00-05:00,
L00812,PAYMENT_POSTED,2023-07-10T13:44:00-04:00,
L00813,STILL_OPEN,,
L00814,PAYMENT_POSTED,2022-10-17T08:39:00-04:00,
L00815,STILL_OPEN,,
L00816,PAYMENT_POSTED,2022-09-12T14:12:00-04:00,
L00817,PAYMENT_POSTED,2023-07-20T11:46:00-04:00,
L00818,PAYMENT_POSTED,2022-11-14T12:15:00-05:00,
L00819,PAYMENT_POSTED,2022-09-19T15:17:00-04:00,
L00820,PAYMENT_POSTED,2023-08-04T10:12:00-04:00,
L00821,PAYMENT_POSTED,2023-10-18T12:33:00-04:00,
L00822,PAYMENT_POSTED,2023-06-20T16:16:00-04:00,
L00823,STILL_OPEN,,
L00824,PAYMENT_POSTED,2022-11-23T13:25:00-05:00,
L00825,PAYMENT_POSTED,2023-05-11T13:08:00-04:00,
L00826,PAYMENT_POSTED,2023-03-23T16:44:00-04:00,
L00827,PAYMENT_POSTED,2023-06-05T09:06:00-04:00,
L00828,CLOSED_NO_PAYMENT,,2023-02-22T14:39:00-05:00
L00829,PAYMENT_POSTED,2022-08-08T11:10:00-04:00,
L00830,PAYMENT_POSTED,2022-10-24T15:13:00-04:00,
L00831,PAYMENT_POSTED,2023-05-01T13:51:00-04:00,
L00832,STILL_OPEN,,
L00833,PAYMENT_POSTED,2022-08-03T08:25:00-04:00,
L00834,STILL_OPEN,,
L00835,PAYMENT_POSTED,2023-03-23T09:31:00-04:00,
L00836,PAYMENT_POSTED,2023-05-24T11:44:00-04:00,
L00837,PAYMENT_POSTED,2023-04-28T08:23:00-04:00,
L00838,PAYMENT_POSTED,2023-01-18T11:48:00-05:00,
L00839,PAYMENT_POSTED,2022-12-02T11:38:00-05:00,
L00840,PAYMENT_POSTED,2023-05-09T12:37:00-04:00,
L00841,PAYMENT_POSTED,2023-07-03T10:24:00-04:00,
L00842,PAYMENT_POSTED,2023-09-25T12:03:00-04:00,
L00843,CLOSED_NO_PAYMENT,,2023-05-22T14:46:00-04:00
L00844,PAYMENT_POSTED,2022-08-15T16:47:00-04:00,
L00845,PAYMENT_POSTED,2023-04-28T12:46:00-04:00,
L00846,PAYMENT_POSTED,2023-02-20T11:26:00-05:00,
L00847,PAYMENT_POSTED,2023-04-10T15:06:00-04:00,
L00848,PAYMENT_POSTED,2023-05-05T10:33:00-04:00,
L00849,PAYMENT_POSTED,2023-10-09T12:18:00-04:00,
L00850,PAYMENT_POSTED,2023-08-01T11:31:00-04:00,
L00851,PAYMENT_POSTED,2023-05-19T09:31:00-04:00,
L00852,PAYMENT_POSTED,2023-07-27T15:06:00-04:00,
L00853,PAYMENT_POSTED,2022-11-28T13:35:00-05:00,
L00854,PAYMENT_POSTED,2022-11-21T09:29:00-05:00,
L00855,PAYMENT_POSTED,2023-07-24T13:00:00-04:00,
L00856,PAYMENT_POSTED,2022-10-21T13:32:00-04:00,
L00857,STILL_OPEN,,
L00858,PAYMENT_POSTED,2022-10-05T15:47:00-04:00,
L00859,PAYMENT_POSTED,2023-07-31T15:16:00-04:00,
L00860,PAYMENT_POSTED,2022-11-21T13:21:00-05:00,
L00861,PAYMENT_POSTED,2022-12-23T11:31:00-05:00,
L00862,PAYMENT_POSTED,2023-07-26T14:04:00-04:00,
L00863,PAYMENT_POSTED,2023-02-14T10:17:00-05:00,
L00864,PAYMENT_POSTED,2023-03-27T16:01:00-04:00,
L00865,PAYMENT_POSTED,2023-03-22T15:26:00-04:00,
L00866,PAYMENT_POSTED,2022-11-21T11:49:00-05:00,
L00867,PAYMENT_POSTED,2023-02-13T09:11:00-05:00,
L00868,PAYMENT_POSTED,2023-01-16T11:34:00-05:00,
L00869,PAYMENT_POSTED,2023-04-12T14:37:00-04:00,
L00870,STILL_OPEN,,
L00871,PAYMENT_POSTED,2023-02-06T15:24:00-05:00,
L00872,PAYMENT_POSTED,2022-08-05T11:08:00-04:00,
L00873,STILL_OPEN,,
L00874,PAYMENT_POSTED,2023-06-26T12:02:00-04:00,
L00875,PAYMENT_POSTED,2023-04-25T11:42:00-04:00,
L00876,STILL_OPEN,,
L00877,PAYMENT_POSTED,2023-07-17T08:46:00-04:00,
L00878,PAYMENT_POSTED,2023-09-25T15:32:00-04:00,
L00879,PAYMENT_POSTED,2022-09-27T15:20:00-04:00,
L00880,CLOSED_NO_PAYMENT,,2023-04-03T08:53:00-04:00
L00881,PAYMENT_POSTED,2022-09-01T15:05:00-04:00,
L00882,PAYMENT_POSTED,2023-01-23T14:13:00-05:00,
L00883,PAYMENT_POSTED,2022-12-23T15:30:00-05:00,
L00884,PAYMENT_POSTED,2023-08-07T11:16:00-04:00,
L00885,STILL_OPEN,,
L00886,STILL_OPEN,,
L00887,PAYMENT_POSTED,2023-07-12T14:21:00-04:00,
L00888,PAYMENT_POSTED,2022-10-10T12:19:00-04:00,
L00889,PAYMENT_POSTED,2023-03-06T12:45:00-05:00,
L00890,PAYMENT_POSTED,2023-01-23T12:34:00-05:00,
L00891,CLOSED_NO_PAYMENT,,2023-04-24T11:53:00-04:00
L00892,PAYMENT_POSTED,2023-06-19T13:19:00-04:00,
L00893,CLOSED_NO_PAYMENT,,2022-11-07T11:35:00-05:00
L00894,PAYMENT_POSTED,2022-10-14T15:19:00-04:00,
L00895,PAYMENT_POSTED,2023-06-02T09:15:00-04:00,
L00896,PAYMENT_POSTED,2023-04-12T09:36:00-04:00,
L00897,PAYMENT_POSTED,2023-02-06T12:10:00-05:00,
L00898,PAYMENT_POSTED,2022-08-08T09:32:00-04:00,
L00899,PAYMENT_POSTED,2022-12-05T15:15:00-05:00,
L00900,PAYMENT_POSTED,2022-12-15T11:03:00-05:00,
L00901,PAYMENT_POSTED,2022-11-23T15:52:00-05:00,
L00902,PAYMENT_POSTED,2022-12-19T11:25:00-05:00,
L00903,CLOSED_NO_PAYMENT,,2022-11-14T09:42:00-05:00
L00904,PAYMENT_POSTED,2023-07-21T14:17:00-04:00,
L00905,PAYMENT_POSTED,2023-03-23T08:49:00-04:00,
L00906,PAYMENT_POSTED,2023-02-20T16:38:00-05:00,
L00907,PAYMENT_POSTED,2023-03-10T12:25:00-05:00,
L00908,PAYMENT_POSTED,2023-02-13T16:28:00-05:00,
L00909,PAYMENT_POSTED,2022-09-12T08:42:00-04:00,
L00910,STILL_OPEN,,
L00911,PAYMENT_POSTED,2023-05-01T11:19:00-04:00,
L00912,PAYMENT_POSTED,2023-08-28T10:29:00-04:00,
L00913,PAYMENT_POSTED,2023-02-23T11:46:00-05:00,
L00914,PAYMENT_POSTED,2023-02-08T14:35:00-05:00,
L00915,PAYMENT_POSTED,2023-06-07T16:06:00-04:00,
L00916,PAYMENT_POSTED,2023-09-14T14:59:00-04:00,
L00917,PAYMENT_POSTED,2023-03-06T09:47:00-05:00,
L00918,PAYMENT_POSTED,2022-10-26T08:21:00-04:00,
L00919,PAYMENT_POSTED,2023-02-13T13:13:00-05:00,
L00920,PAYMENT_POSTED,2023-01-10T13:25:00-05:00,
L00921,PAYMENT_POSTED,2022-08-19T08:57:00-04:00,
L00922,PAYMENT_POSTED,2023-06-19T08:46:00-04:00,
L00923,PAYMENT_POSTED,2022-11-29T10:40:00-05:00,
L00924,PAYMENT_POSTED,2023-02-23T15:10:00-05:00,
L00925,PAYMENT_POSTED,2023-04-28T08:13:00-04:00,
L00926,PAYMENT_POSTED,2023-10-09T12:19:00-04:00,
L00927,PAYMENT_POSTED,2022-09-29T13:00:00-04:00,
L00928,PAYMENT_POSTED,2022-10-19T10:41:00-04:00,
L00929,PAYMENT_POSTED,2023-10-09T16:10:00-04:00,
L00930,PAYMENT_POSTED,2022-12-15T15:07:00-05:00,
L00931,PAYMENT_POSTED,2023-03-09T13:40:00-05:00,
L00932,PAYMENT_POSTED,2023-08-21T11:32:00-04:00,
L00933,PAYMENT_POSTED,2023-10-05T09:36:00-04:00,
L00934,PAYMENT_POSTED,2022-11-14T08:16:00-05:00,
L00935,PAYMENT_POSTED,2022-10-07T10:12:00-04:00,
L00936,PAYMENT_POSTED,2022-12-12T11:42:00-05:00,
L00937,PAYMENT_POSTED,2023-08-03T16:20:00-04:00,
L00938,PAYMENT_POSTED,2023-09-26T10:51:00-04:00,
L00939,PAYMENT_POSTED,2023-09-11T09:36:00-04:00,
L00940,PAYMENT_POSTED,2023-08-21T11:51:00-04:00,
L00941,PAYMENT_POSTED,2022-09-08T16:03:00-04:00,
L00942,PAYMENT_POSTED,2022-08-17T13:43:00-04:00,
L00943,PAYMENT_POSTED,2022-12-09T13:28:00-05:00,
L00944,PAYMENT_POSTED,2023-04-07T14:04:00-04:00,
L00945,CLOSED_NO_PAYMENT,,2023-05-01T15:17:00-04:00
L00946,PAYMENT_POSTED,2023-06-13T09:12:00-04:00,
L00947,STILL_OPEN,,
L00948,PAYMENT_POSTED,2023-10-23T13:31:00-04:00,
L00949,PAYMENT_POSTED,2023-08-02T14:06:00-04:00,
L00950,PAYMENT_POSTED,2023-09-11T09:56:00-04:00,
L00951,STILL_OPEN,,
L00952,PAYMENT_POSTED,2023-03-20T14:12:00-04:00,
L00953,CLOSED_NO_PAYMENT,,2022-11-04T10:51:00-04:00
L00954,PAYMENT_POSTED,2022-07-21T15:31:00-04:00,
L00955,PAYMENT_POSTED,2023-08-25T13:00:00-04:00,
L00956,PAYMENT_POSTED,2023-02-14T14:16:00-05:00,
L00957,PAYMENT_POSTED,2023-05-02T14:16:00-04:00,
L00958,PAYMENT_POSTED,2023-04-03T13:20:00-04:00,
L00959,CLOSED_NO_PAYMENT,,2023-03-23T10:40:00-04:00
L00960,PAYMENT_POSTED,2023-03-07T14:30:00-05:00,
L00961,PAYMENT_POSTED,2023-01-02T16:17:00-05:00,
L00962,PAYMENT_POSTED,2023-01-30T10:42:00-05:00,
L00963,PAYMENT_POSTED,2022-11-10T13:28:00-05:00,
L00964,STILL_OPEN,,
L00965,PAYMENT_POSTED,2023-04-10T14:46:00-04:00,
L00966,PAYMENT_POSTED,2023-05-24T08:04:00-04:00,
L00967,PAYMENT_POSTED,2023-06-21T15:13:00-04:00,
L00968,PAYMENT_POSTED,2023-05-08T11:40:00-04:00,
L00969,PAYMENT_POSTED,2023-09-11T08:48:00-04:00,
L00970,PAYMENT_POSTED,2023-08-21T12:01:00-04:00,
L00971,PAYMENT_POSTED,2022-09-19T09:57:00-04:00,
L00972,PAYMENT_POSTED,2023-01-02T12:26:00-05:00,
L00973,PAYMENT_POSTED,2022-12-05T14:08:00-05:00,
L00974,PAYMENT_POSTED,2023-06-22T08:27:00-04:00,
L00975,PAYMENT_POSTED,2023-10-09T15:50:00-04:00,
L00976,STILL_OPEN,,
L00977,PAYMENT_POSTED,2022-09-12T13:08:00-04:00,
L00978,PAYMENT_POSTED,2023-08-30T11:41:00-04:00,
L00979,PAYMENT_POSTED,2022-08-23T16:17:00-04:00,
L00980,PAYMENT_POSTED,2023-01-09T15:41:00-05:00,
L00981,PAYMENT_POSTED,2022-09-29T15:29:00-04:00,
L00982,PAYMENT_POSTED,2022-08-29T14:16:00-04:00,
L00983,STILL_OPEN,,
L00984,PAYMENT_POSTED,2023-01-09T13:38:00-05:00,
L00985,PAYMENT_POSTED,2023-07-17T11:09:00-04:00,
L00986,PAYMENT_POSTED,2023-10-23T12:41:00-04:00,
L00987,STILL_OPEN,,
L00988,PAYMENT_POSTED,2022-09-28T10:58:00-04:00,
L00989,PAYMENT_POSTED,2023-07-28T13:55:00-04:00,
L00990,PAYMENT_POSTED,2023-06-05T09:41:00-04:00,
L00991,PAYMENT_POSTED,2023-04-24T12:46:00-04:00,
L00992,STILL_OPEN,,
L00993,PAYMENT_POSTED,2023-09-13T16:41:00-04:00,
L00994,STILL_OPEN,,
L00995,PAYMENT_POSTED,2023-02-09T16:21:00-05:00,
L00996,PAYMENT_POSTED,2022-11-24T09:13:00-05:00,
L00997,PAYMENT_POSTED,2022-07-19T13:52:00-04:00,
L00998,PAYMENT_POSTED,2023-03-06T09:21:00-05:00,
L00999,PAYMENT_POSTED,2023-06-01T15:44:00-04:00,
L01000,PAYMENT_POSTED,2023-02-24T10:34:00-05:00,
