allocation_id,payment_event_id,bill_record_id,allocated_amount_minor,currency,available_at,source_ref,org_token
AL000001,EV000002,CPL-R00001,10509,USD,2023-07-04T22:56:12-05:00,CPL/SRC/allocations/00002,PG
AL000002,EV000004,CPL-R00002,19826,USD,2023-10-09T05:58:31-05:00,CPL/SRC/allocations/00004,PG
AL000003,EV000006,CPL-R00003,8205,USD,2023-09-20T15:47:24-05:00,CPL/SRC/allocations/00006,PG
AL000004,EV000008,CPL-R00004,11081,USD,2023-03-26T07:55:36-05:00,CPL/SRC/allocations/00009,PG
AL000005,EV000008,CPL-R00005,6901,USD,2023-03-29T18:18:43-05:00,CPL/SRC/allocations/00009,PG
AL000006,EV000011,CPL-R00006,28312,USD,2023-06-16T08:10:00-05:00,CPL/SRC/allocations/00011,PG
AL000007,EV000013,CPL-R00007,14093,USD,2023-02-27T19:05:58-06:00,CPL/SRC/allocations/00013,PG
AL000008,EV000015,CPL-R00008,3971,USD,2023-03-21T15:48:25-05:00,CPL/SRC/allocations/00015,PG
AL000009,EV000017,CPL-R00009,16961,USD,2022-09-24T09:11:07-05:00,CPL/SRC/allocations/00017,PG
AL000010,EV000022,CPL-R00012,10995,USD,2023-03-27T11:36:04-05:00,CPL/SRC/allocations/00022,PG
AL000011,EV000024,CPL-R00013,3940,USD,2023-02-12T01:05:10-06:00,CPL/SRC/allocations/00024,PG
AL000012,EV000026,CPL-R00014,48973,USD,2023-09-07T19:26:57-05:00,CPL/SRC/allocations/00026,PG
AL000013,EV000028,CPL-R00015,103659,USD,2023-01-02T10:36:20-06:00,CPL/SRC/allocations/00028,PG
AL000014,EV000031,CPL-R00016,34747,USD,2022-11-16T21:47:22-06:00,CPL/SRC/allocations/00031,PG
AL000015,EV000033,CPL-R00017,24993,USD,2023-06-01T11:27:15-05:00,CPL/SRC/allocations/00033,PG
AL000016,EV000035,CPL-R00018,10274,USD,2023-03-07T18:21:10-06:00,CPL/SRC/allocations/00035,PG
AL000017,EV000037,CPL-R00019,10571,USD,2022-09-14T00:41:32-05:00,CPL/SRC/allocations/00037,PG
AL000018,EV000042,CPL-R00021,10400,USD,2023-08-12T14:47:45-05:00,CPL/SRC/allocations/00042,PG
AL000019,EV000044,CPL-R00022,29050,USD,2022-12-03T18:42:04-06:00,CPL/SRC/allocations/00044,PG
AL000020,EV000046,CPL-R00023,11730,USD,2023-01-13T21:09:06-06:00,CPL/SRC/allocations/00046,PG
AL000021,EV000048,CPL-R00024,12955,USD,2023-07-20T17:22:38-05:00,CPL/SRC/allocations/00048,PG
AL000022,EV000050,CPL-R00025,17485,USD,2022-10-17T18:32:38-05:00,CPL/SRC/allocations/00050,PG
AL000023,EV000052,CPL-R00026,12645,USD,2023-02-08T16:39:51-06:00,CPL/SRC/allocations/00052,PG
AL000024,EV000055,CPL-R00028,6577,USD,2023-05-31T11:54:00-05:00,CPL/SRC/allocations/00055,PG
AL000025,EV000057,CPL-R00029,9797,USD,2022-08-12T20:53:24-05:00,CPL/SRC/allocations/00057,PG
AL000026,EV000062,CPL-R00032,2324,USD,2023-10-11T16:37:34-05:00,CPL/SRC/allocations/00063,PG
AL000027,EV000062,CPL-R00033,1911,USD,2023-10-03T11:47:46-05:00,CPL/SRC/allocations/00063,PG
AL000028,EV000065,CPL-R00034,5352,USD,2022-07-13T11:19:13-05:00,CPL/SRC/allocations/00065,PG
AL000029,EV000069,CPL-R00036,4709,USD,2022-11-04T03:34:08-05:00,CPL/SRC/allocations/00069,PG
AL000030,EV000071,CPL-R00037,21896,USD,2023-01-15T15:48:56-06:00,CPL/SRC/allocations/00071,PG
AL000031,EV000073,CPL-R00038,8248,USD,2023-08-09T23:37:29-05:00,CPL/SRC/allocations/00073,PG
AL000032,EV000075,CPL-R00039,128550,USD,2022-12-21T20:02:32-06:00,CPL/SRC/allocations/00075,PG
AL000033,EV000077,CPL-R00040,8843,USD,2023-05-19T03:54:53-05:00,CPL/SRC/allocations/00077,PG
AL000034,EV000079,CPL-R00041,1895,USD,2023-01-20T11:24:21-06:00,CPL/SRC/allocations/00079,PG
AL000035,EV000081,CPL-R00042,39231,USD,2023-09-21T09:52:32-05:00,CPL/SRC/allocations/00081,PG
AL000036,EV000083,CPL-R00043,7991,USD,2023-09-20T03:34:48-05:00,CPL/SRC/allocations/00083,PG
AL000037,EV000085,CPL-R00044,263561,USD,2023-07-02T21:50:57-05:00,CPL/SRC/allocations/00085,PG
AL000038,EV000087,CPL-R00045,6809,USD,2023-06-05T09:45:25-05:00,CPL/SRC/allocations/00087,PG
AL000039,EV000091,CPL-R00047,8828,USD,2022-09-13T14:26:53-05:00,CPL/SRC/allocations/00091,PG
AL000040,EV000093,CPL-R00048,11392,USD,2023-02-13T16:51:44-06:00,CPL/SRC/allocations/00093,PG
AL000041,EV000098,CPL-R00051,31997,USD,2023-06-27T15:38:02-05:00,CPL/SRC/allocations/00098,PG
AL000042,EV000100,CPL-R00052,8195,USD,2022-08-30T21:19:29-05:00,CPL/SRC/allocations/00100,PG
AL000043,EV000103,CPL-R00054,10936,USD,2023-08-11T10:19:00-05:00,CPL/SRC/allocations/00103,PG
AL000044,EV000106,CPL-R00056,56587,USD,2022-11-28T16:58:55-06:00,CPL/SRC/allocations/00107,PG
AL000045,EV000106,CPL-R00057,51053,USD,2022-11-28T21:13:43-06:00,CPL/SRC/allocations/00107,PG
AL000046,EV000109,CPL-R00058,4517,USD,2023-05-08T02:11:58-05:00,CPL/SRC/allocations/00109,PG
AL000047,EV000111,CPL-R00059,13186,USD,2023-09-25T12:30:23-05:00,CPL/SRC/allocations/00111,PG
AL000048,EV000113,CPL-R00060,9810,USD,2023-09-25T02:11:00-05:00,CPL/SRC/allocations/00113,PG
AL000049,EV000115,CPL-R00061,7519,USD,2022-11-02T05:38:48-05:00,CPL/SRC/allocations/00115,PG
AL000050,EV000117,CPL-R00062,4845,USD,2022-09-27T16:14:48-05:00,CPL/SRC/allocations/00117,PG
AL000051,EV000119,CPL-R00063,6421,USD,2023-01-11T12:13:00-06:00,CPL/SRC/allocations/00119,PG
AL000052,EV000121,CPL-R00064,4349,USD,2022-08-22T21:47:28-05:00,CPL/SRC/allocations/00121,PG
AL000053,EV000123,CPL-R00065,10389,USD,2023-05-24T09:59:47-05:00,CPL/SRC/allocations/00123,PG
AL000054,EV000127,CPL-R00067,41279,USD,2023-01-03T00:58:54-06:00,CPL/SRC/allocations/00127,PG
AL000055,EV000130,CPL-R00069,39030,USD,2023-05-25T23:34:30-05:00,CPL/SRC/allocations/00130,PG
AL000056,EV000132,CPL-R00070,5958,USD,2023-07-28T15:11:21-05:00,CPL/SRC/allocations/00132,PG
AL000057,EV000138,CPL-R00074,2039,USD,2023-05-04T23:31:49-05:00,CPL/SRC/allocations/00138,PG
AL000058,EV000140,CPL-R00075,7945,USD,2023-07-22T16:20:45-05:00,CPL/SRC/allocations/00140,PG
AL000059,EV000142,CPL-R00076,115144,USD,2022-10-08T01:53:28-05:00,CPL/SRC/allocations/00142,PG
AL000060,EV000144,CPL-R00077,35932,USD,2023-06-25T06:53:35-05:00,CPL/SRC/allocations/00144,PG
AL000061,EV000147,CPL-R00079,12980,USD,2022-08-23T18:45:43-05:00,CPL/SRC/allocations/00147,PG
AL000062,EV000149,CPL-R00080,16615,USD,2023-09-05T09:50:29-05:00,CPL/SRC/allocations/00149,PG
AL000063,EV000151,CPL-R00081,2452,USD,2023-01-07T05:36:23-06:00,CPL/SRC/allocations/00151,PG
AL000064,EV000155,CPL-R00083,13098,USD,2023-09-14T15:45:40-05:00,CPL/SRC/allocations/00155,PG
AL000065,EV000157,CPL-R00084,2500,USD,2022-12-09T16:28:23-06:00,CPL/SRC/allocations/00157,PG
AL000066,EV000159,CPL-R00085,12606,USD,2023-02-24T10:48:23-06:00,CPL/SRC/allocations/00159,PG
AL000067,EV000161,CPL-R00086,5582,USD,2022-12-26T17:59:57-06:00,CPL/SRC/allocations/00162,PG
AL000068,EV000161,CPL-R00087,3063,USD,2022-12-28T20:48:47-06:00,CPL/SRC/allocations/00162,PG
AL000069,EV000166,CPL-R00089,19907,USD,2023-05-09T12:43:44-05:00,CPL/SRC/allocations/00166,PG
AL000070,EV000168,CPL-R00090,68799,USD,2023-07-05T20:31:23-05:00,CPL/SRC/allocations/00168,PG
AL000071,EV000170,CPL-R00091,13131,USD,2023-05-05T22:28:34-05:00,CPL/SRC/allocations/00171,PG
AL000072,EV000170,CPL-R00092,6405,USD,2023-05-01T16:35:24-05:00,CPL/SRC/allocations/00171,PG
AL000073,EV000173,CPL-R00093,24716,USD,2023-06-12T22:50:00-05:00,CPL/SRC/allocations/00173,PG
AL000074,EV000175,CPL-R00094,111892,USD,2023-06-02T18:39:53-05:00,CPL/SRC/allocations/00175,PG
AL000075,EV000179,CPL-R00096,13498,USD,2023-06-20T17:41:14-05:00,CPL/SRC/allocations/00179,PG
AL000076,EV000181,CPL-R00097,10190,USD,2022-11-23T11:20:23-06:00,CPL/SRC/allocations/00181,PG
AL000077,EV000183,CPL-R00098,46264,USD,2022-08-19T06:29:53-05:00,CPL/SRC/allocations/00183,PG
AL000078,EV000185,CPL-R00099,3535,USD,2022-10-28T11:58:22-05:00,CPL/SRC/allocations/00186,PG
AL000079,EV000185,CPL-R00100,3056,USD,2022-10-29T08:10:46-05:00,CPL/SRC/allocations/00186,PG
AL000080,EV000189,CPL-R00101,8890,USD,2023-05-03T16:12:23-05:00,CPL/SRC/allocations/00189,PG
AL000081,EV000191,CPL-R00102,4992,USD,2023-01-11T17:05:22-06:00,CPL/SRC/allocations/00191,PG
AL000082,EV000193,CPL-R00103,15811,USD,2022-08-08T18:25:50-05:00,CPL/SRC/allocations/00193,PG
AL000083,EV000195,CPL-R00104,5379,USD,2023-11-17T23:35:30-06:00,CPL/SRC/allocations/00195,PG
AL000084,EV000198,CPL-R00106,7144,USD,2023-08-09T04:11:19-05:00,CPL/SRC/allocations/00198,PG
AL000085,EV000200,CPL-R00107,31775,USD,2023-07-13T20:35:32-05:00,CPL/SRC/allocations/00200,PG
AL000086,EV000202,CPL-R00108,3388,USD,2022-08-09T12:20:56-05:00,CPL/SRC/allocations/00202,PG
AL000087,EV000204,CPL-R00109,10715,USD,2023-10-17T16:52:57-05:00,CPL/SRC/allocations/00204,PG
AL000088,EV000206,CPL-R00110,2178,USD,2022-10-03T12:28:33-05:00,CPL/SRC/allocations/00207,PG
AL000089,EV000206,CPL-R00111,2001,USD,2022-10-03T10:15:26-05:00,CPL/SRC/allocations/00207,PG
AL000090,EV000209,CPL-R00112,14882,USD,2023-09-21T13:39:26-05:00,CPL/SRC/allocations/00209,PG
AL000091,EV000217,CPL-R00117,2673,USD,2022-12-13T14:25:56-06:00,CPL/SRC/allocations/00217,PG
AL000092,EV000219,CPL-R00118,5807,USD,2022-10-31T01:01:33-05:00,CPL/SRC/allocations/00220,PG
AL000093,EV000219,CPL-R00119,3537,USD,2022-10-20T15:59:07-05:00,CPL/SRC/allocations/00220,PG
AL000094,EV000222,CPL-R00120,2793,USD,2023-04-24T01:30:33-05:00,CPL/SRC/allocations/00222,PG
AL000095,EV000225,CPL-R00122,38854,USD,2022-08-08T16:40:28-05:00,CPL/SRC/allocations/00225,PG
AL000096,EV000228,CPL-R00124,20052,USD,2022-10-10T21:29:22-05:00,CPL/SRC/allocations/00228,PG
AL000097,EV000230,CPL-R00125,2500,USD,2023-10-24T20:13:30-05:00,CPL/SRC/allocations/00230,PG
AL000098,EV000235,CPL-R00128,11860,USD,2022-07-25T14:09:32-05:00,CPL/SRC/allocations/00235,PG
AL000099,EV000238,CPL-R00130,41294,USD,2022-12-13T12:54:44-06:00,CPL/SRC/allocations/00239,PG
AL000100,EV000238,CPL-R00131,30145,USD,2022-12-17T20:05:49-06:00,CPL/SRC/allocations/00239,PG
AL000101,EV000241,CPL-R00132,4714,USD,2022-12-27T11:44:14-06:00,CPL/SRC/allocations/00241,PG
AL000102,EV000244,CPL-R00134,13543,USD,2023-08-21T10:43:19-05:00,CPL/SRC/allocations/00244,PG
AL000103,EV000246,CPL-R00135,12130,USD,2023-07-19T15:38:08-05:00,CPL/SRC/allocations/00246,PG
AL000104,EV000248,CPL-R00136,38455,USD,2023-01-10T14:10:32-06:00,CPL/SRC/allocations/00248,PG
AL000105,EV000250,CPL-R00137,6684,USD,2023-02-20T17:53:37-06:00,CPL/SRC/allocations/00250,PG
AL000106,EV000253,CPL-R00138,62968,USD,2022-09-07T18:10:57-05:00,CPL/SRC/allocations/00253,PG
AL000107,EV000255,CPL-R00139,27227,USD,2022-12-20T00:03:23-06:00,CPL/SRC/allocations/00255,PG
AL000108,EV000260,CPL-R00142,4484,USD,2023-08-07T14:15:21-05:00,CPL/SRC/allocations/00260,PG
AL000109,EV000262,CPL-R00143,3704,USD,2023-09-11T14:30:03-05:00,CPL/SRC/allocations/00262,PG
AL000110,EV000266,CPL-R00145,14530,USD,2023-06-14T15:16:29-05:00,CPL/SRC/allocations/00266,PG
AL000111,EV000270,CPL-R00147,17232,USD,2022-07-20T09:41:34-05:00,CPL/SRC/allocations/00270,PG
AL000112,EV000272,CPL-R00148,15222,USD,2023-10-05T21:25:05-05:00,CPL/SRC/allocations/00272,PG
AL000113,EV000274,CPL-R00149,4096,USD,2023-08-29T01:56:50-05:00,CPL/SRC/allocations/00274,PG
AL000114,EV000285,CPL-R00155,13342,USD,2022-10-09T11:32:19-05:00,CPL/SRC/allocations/00285,PG
AL000115,EV000287,CPL-R00156,6110,USD,2022-12-26T17:56:38-06:00,CPL/SRC/allocations/00287,PG
AL000116,EV000289,CPL-R00157,208962,USD,2023-03-29T18:09:42-05:00,CPL/SRC/allocations/00289,PG
AL000117,EV000291,CPL-R00158,15548,USD,2023-05-26T19:04:17-05:00,CPL/SRC/allocations/00291,PG
AL000118,EV000293,CPL-R00159,88965,USD,2023-01-16T10:20:53-06:00,CPL/SRC/allocations/00293,PG
AL000119,EV000295,CPL-R00160,54074,USD,2023-07-10T21:29:57-05:00,CPL/SRC/allocations/00295,PG
AL000120,EV000297,CPL-R00161,34467,USD,2023-11-01T22:31:48-05:00,CPL/SRC/allocations/00297,PG
AL000121,EV000301,CPL-R00163,12834,USD,2022-12-10T18:51:08-06:00,CPL/SRC/allocations/00301,PG
AL000122,EV000303,CPL-R00164,4951,USD,2023-04-01T10:56:21-05:00,CPL/SRC/allocations/00303,PG
AL000123,EV000305,CPL-R00165,5511,USD,2023-08-31T23:08:19-05:00,CPL/SRC/allocations/00305,PG
AL000124,EV000307,CPL-R00166,4345,USD,2023-01-04T11:27:56-06:00,CPL/SRC/allocations/00307,PG
AL000125,EV000309,CPL-R00167,26141,USD,2023-01-12T17:25:24-06:00,CPL/SRC/allocations/00309,PG
AL000126,EV000311,CPL-R00168,43946,USD,2023-03-30T13:40:11-05:00,CPL/SRC/allocations/00311,PG
AL000127,EV000313,CPL-R00169,7123,USD,2022-12-25T19:18:37-06:00,CPL/SRC/allocations/00313,PG
AL000128,EV000317,CPL-R00171,15354,USD,2023-02-12T00:51:20-06:00,CPL/SRC/allocations/00317,PG
AL000129,EV000319,CPL-R00172,385887,USD,2023-05-04T01:08:27-05:00,CPL/SRC/allocations/00319,PG
AL000130,EV000321,CPL-R00173,6783,USD,2022-11-22T16:24:09-06:00,CPL/SRC/allocations/00321,PG
AL000131,EV000325,CPL-R00175,24728,USD,2022-12-20T10:30:47-06:00,CPL/SRC/allocations/00325,PG
AL000132,EV000328,CPL-R00177,3237,USD,2022-12-19T08:44:37-06:00,CPL/SRC/allocations/00328,PG
AL000133,EV000330,CPL-R00178,11243,USD,2023-08-16T22:22:45-05:00,CPL/SRC/allocations/00330,PG
AL000134,EV000332,CPL-R00179,3795,USD,2022-12-26T18:34:57-06:00,CPL/SRC/allocations/00332,PG
AL000135,EV000334,CPL-R00180,29455,USD,2023-09-26T18:19:09-05:00,CPL/SRC/allocations/00334,PG
AL000136,EV000336,CPL-R00181,2834,USD,2023-10-09T16:33:30-05:00,CPL/SRC/allocations/00336,PG
AL000137,EV000338,CPL-R00182,7408,USD,2023-10-09T16:42:14-05:00,CPL/SRC/allocations/00338,PG
AL000138,EV000342,CPL-R00184,27581,USD,2022-11-07T11:17:47-06:00,CPL/SRC/allocations/00342,PG
AL000139,EV000344,CPL-R00185,37656,USD,2022-11-16T05:38:53-06:00,CPL/SRC/allocations/00344,PG
AL000140,EV000346,CPL-R00186,18142,USD,2023-06-01T21:23:11-05:00,CPL/SRC/allocations/00346,PG
AL000141,EV000348,CPL-R00187,6176,USD,2023-05-21T14:57:41-05:00,CPL/SRC/allocations/00348,PG
AL000142,EV000350,CPL-R00188,8085,USD,2022-10-22T03:54:58-05:00,CPL/SRC/allocations/00350,PG
AL000143,EV000352,CPL-R00189,6299,USD,2022-10-28T09:39:41-05:00,CPL/SRC/allocations/00352,PG
AL000144,EV000354,CPL-R00190,8314,USD,2022-09-15T08:48:55-05:00,CPL/SRC/allocations/00354,PG
AL000145,EV000358,CPL-R00192,36576,USD,2022-08-19T15:07:52-05:00,CPL/SRC/allocations/00358,PG
AL000146,EV000363,CPL-R00194,133797,USD,2022-09-27T08:48:14-05:00,CPL/SRC/allocations/00363,PG
AL000147,EV000365,CPL-R00195,66238,USD,2023-10-22T11:32:09-05:00,CPL/SRC/allocations/00365,PG
AL000148,EV000367,CPL-R00196,2686,USD,2023-10-15T07:27:21-05:00,CPL/SRC/allocations/00367,PG
AL000149,EV000369,CPL-R00197,8450,USD,2023-06-27T13:15:12-05:00,CPL/SRC/allocations/00369,PG
AL000150,EV000372,CPL-R00199,4023,USD,2022-10-14T10:49:27-05:00,CPL/SRC/allocations/00372,PG
AL000151,EV000374,CPL-R00200,10782,USD,2023-07-02T01:32:02-05:00,CPL/SRC/allocations/00374,PG
AL000152,EV000376,CPL-R00201,15308,USD,2023-10-09T11:17:59-05:00,CPL/SRC/allocations/00376,PG
AL000153,EV000378,CPL-R00202,13976,USD,2023-07-12T15:47:21-05:00,CPL/SRC/allocations/00378,PG
AL000154,EV000382,CPL-R00204,57629,USD,2023-04-27T00:49:50-05:00,CPL/SRC/allocations/00382,PG
AL000155,EV000384,CPL-R00205,3381,USD,2023-06-25T15:16:23-05:00,CPL/SRC/allocations/00384,PG
AL000156,EV000386,CPL-R00206,80070,USD,2023-10-02T13:41:01-05:00,CPL/SRC/allocations/00386,PG
AL000157,EV000388,CPL-R00207,9359,USD,2023-05-19T00:37:04-05:00,CPL/SRC/allocations/00388,PG
AL000158,EV000391,CPL-R00208,32938,USD,2023-03-29T21:02:55-05:00,CPL/SRC/allocations/00391,PG
AL000159,EV000393,CPL-R00209,11319,USD,2023-02-17T05:37:18-06:00,CPL/SRC/allocations/00393,PG
AL000160,EV000395,CPL-R00210,4831,USD,2023-02-17T16:37:30-06:00,CPL/SRC/allocations/00395,PG
AL000161,EV000398,CPL-R00212,20191,USD,2023-06-07T20:01:28-05:00,CPL/SRC/allocations/00398,PG
AL000162,EV000400,CPL-R00213,172661,USD,2023-08-20T03:53:08-05:00,CPL/SRC/allocations/00400,PG
AL000163,EV000402,CPL-R00214,42208,USD,2023-03-23T10:59:44-05:00,CPL/SRC/allocations/00402,PG
AL000164,EV000404,CPL-R00215,16403,USD,2023-07-21T15:49:37-05:00,CPL/SRC/allocations/00404,PG
AL000165,EV000406,CPL-R00216,33708,USD,2022-10-24T20:12:11-05:00,CPL/SRC/allocations/00406,PG
AL000166,EV000408,CPL-R00217,31930,USD,2023-04-19T16:56:34-05:00,CPL/SRC/allocations/00408,PG
AL000167,EV000410,CPL-R00218,6922,USD,2023-04-18T04:38:17-05:00,CPL/SRC/allocations/00410,PG
AL000168,EV000412,CPL-R00219,15426,USD,2023-02-08T16:49:22-06:00,CPL/SRC/allocations/00412,PG
AL000169,EV000416,CPL-R00221,11770,USD,2023-01-23T13:02:24-06:00,CPL/SRC/allocations/00416,PG
AL000170,EV000425,CPL-R00227,75280,USD,2023-08-15T10:25:04-05:00,CPL/SRC/allocations/00425,PG
AL000171,EV000427,CPL-R00228,9855,USD,2022-07-26T13:59:49-05:00,CPL/SRC/allocations/00427,PG
AL000172,EV000429,CPL-R00229,13229,USD,2022-12-27T15:06:21-06:00,CPL/SRC/allocations/00429,PG
AL000173,EV000431,CPL-R00230,2015,USD,2023-03-27T16:51:53-05:00,CPL/SRC/allocations/00431,PG
AL000174,EV000433,CPL-R00231,4609,USD,2022-09-26T14:59:48-05:00,CPL/SRC/allocations/00433,PG
AL000175,EV000436,CPL-R00233,8557,USD,2023-03-02T02:20:09-06:00,CPL/SRC/allocations/00437,PG
AL000176,EV000436,CPL-R00234,5074,USD,2023-02-27T13:10:02-06:00,CPL/SRC/allocations/00437,PG
AL000177,EV000439,CPL-R00235,2500,USD,2023-10-04T16:03:09-05:00,CPL/SRC/allocations/00439,PG
AL000178,EV000441,CPL-R00236,64819,USD,2023-03-16T13:49:44-05:00,CPL/SRC/allocations/00441,PG
AL000179,EV000443,CPL-R00237,3728,USD,2022-08-22T16:31:59-05:00,CPL/SRC/allocations/00443,PG
AL000180,EV000446,CPL-R00239,2626,USD,2023-05-08T14:49:20-05:00,CPL/SRC/allocations/00446,PG
AL000181,EV000449,CPL-R00241,18987,USD,2023-08-17T17:00:16-05:00,CPL/SRC/allocations/00449,PG
AL000182,EV000454,CPL-R00244,34136,USD,2022-10-04T03:11:57-05:00,CPL/SRC/allocations/00454,PG
AL000183,EV000458,CPL-R00246,6668,USD,2023-02-28T07:20:52-06:00,CPL/SRC/allocations/00458,PG
AL000184,EV000461,CPL-R00248,16772,USD,2023-04-14T02:20:18-05:00,CPL/SRC/allocations/00461,PG
AL000185,EV000465,CPL-R00251,44711,USD,2023-04-07T03:52:41-05:00,CPL/SRC/allocations/00465,PG
AL000186,EV000469,CPL-R00253,13664,USD,2023-02-21T12:42:22-06:00,CPL/SRC/allocations/00469,PG
AL000187,EV000474,CPL-R00256,3684,USD,2023-08-24T16:50:46-05:00,CPL/SRC/allocations/00474,PG
AL000188,EV000476,CPL-R00257,5046,USD,2023-03-06T06:27:39-06:00,CPL/SRC/allocations/00476,PG
AL000189,EV000478,CPL-R00258,29826,USD,2022-12-07T19:59:46-06:00,CPL/SRC/allocations/00478,PG
AL000190,EV000480,CPL-R00259,14736,USD,2023-01-02T15:17:20-06:00,CPL/SRC/allocations/00480,PG
AL000191,EV000483,CPL-R00261,9680,USD,2023-07-26T14:30:48-05:00,CPL/SRC/allocations/00483,PG
AL000192,EV000485,CPL-R00262,21026,USD,2022-09-02T15:38:36-05:00,CPL/SRC/allocations/00485,PG
AL000193,EV000487,CPL-R00263,14732,USD,2023-05-11T21:57:39-05:00,CPL/SRC/allocations/00487,PG
AL000194,EV000489,CPL-R00264,71355,USD,2022-11-19T03:19:00-06:00,CPL/SRC/allocations/00489,PG
AL000195,EV000493,CPL-R00266,27121,USD,2023-10-24T14:01:35-05:00,CPL/SRC/allocations/00493,PG
AL000196,EV000495,CPL-R00267,10865,USD,2023-03-13T14:37:05-05:00,CPL/SRC/allocations/00495,PG
AL000197,EV000497,CPL-R00268,31838,USD,2023-05-22T18:36:58-05:00,CPL/SRC/allocations/00497,PG
AL000198,EV000499,CPL-R00269,6929,USD,2022-08-22T17:14:42-05:00,CPL/SRC/allocations/00499,PG
AL000199,EV000501,CPL-R00270,8581,USD,2022-10-13T09:10:18-05:00,CPL/SRC/allocations/00501,PG
AL000200,EV000505,CPL-R00272,9081,USD,2023-07-07T04:19:04-05:00,CPL/SRC/allocations/00506,PG
AL000201,EV000505,CPL-R00273,5130,USD,2023-07-03T20:46:01-05:00,CPL/SRC/allocations/00506,PG
AL000202,EV000508,CPL-R00274,3643,USD,2023-03-29T16:09:24-05:00,CPL/SRC/allocations/00508,PG
AL000203,EV000510,CPL-R00275,22750,USD,2023-10-20T08:52:38-05:00,CPL/SRC/allocations/00510,PG
AL000204,EV000512,CPL-R00276,9169,USD,2022-11-08T12:44:11-06:00,CPL/SRC/allocations/00512,PG
AL000205,EV000515,CPL-R00278,4319,USD,2023-02-07T22:11:56-06:00,CPL/SRC/allocations/00515,PG
AL000206,EV000517,CPL-R00279,9216,USD,2022-12-26T17:28:13-06:00,CPL/SRC/allocations/00517,PG
AL000207,EV000519,CPL-R00280,121699,USD,2022-11-18T23:02:10-06:00,CPL/SRC/allocations/00519,PG
AL000208,EV000521,CPL-R00281,26635,USD,2023-08-21T14:45:33-05:00,CPL/SRC/allocations/00521,PG
AL000209,EV000524,CPL-R00283,2024,USD,2023-04-03T13:57:34-05:00,CPL/SRC/allocations/00525,PG
AL000210,EV000524,CPL-R00284,908,USD,2023-04-04T05:36:37-05:00,CPL/SRC/allocations/00525,PG
AL000211,EV000527,CPL-R00285,19070,USD,2022-11-30T21:38:51-06:00,CPL/SRC/allocations/00527,PG
AL000212,EV000529,CPL-R00286,6802,USD,2023-01-12T11:34:34-06:00,CPL/SRC/allocations/00529,PG
AL000213,EV000531,CPL-R00287,11964,USD,2023-01-06T18:08:41-06:00,CPL/SRC/allocations/00531,PG
AL000214,EV000533,CPL-R00288,20918,USD,2023-03-03T22:56:08-06:00,CPL/SRC/allocations/00533,PG
AL000215,EV000535,CPL-R00289,4222,USD,2023-01-29T11:16:55-06:00,CPL/SRC/allocations/00535,PG
AL000216,EV000537,CPL-R00290,12172,USD,2022-12-15T16:45:45-06:00,CPL/SRC/allocations/00537,PG
AL000217,EV000539,CPL-R00291,5708,USD,2023-11-08T17:50:18-06:00,CPL/SRC/allocations/00539,PG
AL000218,EV000541,CPL-R00292,18824,USD,2023-08-01T06:03:11-05:00,CPL/SRC/allocations/00541,PG
AL000219,EV000543,CPL-R00293,2657,USD,2023-02-27T13:18:30-06:00,CPL/SRC/allocations/00543,PG
AL000220,EV000549,CPL-R00296,53095,USD,2022-08-27T13:06:18-05:00,CPL/SRC/allocations/00550,PG
AL000221,EV000549,CPL-R00297,32887,USD,2022-08-25T16:26:22-05:00,CPL/SRC/allocations/00550,PG
AL000222,EV000552,CPL-R00298,196277,USD,2023-02-13T18:05:25-06:00,CPL/SRC/allocations/00552,PG
AL000223,EV000558,CPL-R00302,44533,USD,2022-09-02T14:23:09-05:00,CPL/SRC/allocations/00558,PG
AL000224,EV000560,CPL-R00303,6025,USD,2022-08-20T22:35:06-05:00,CPL/SRC/allocations/00560,PG
AL000225,EV000562,CPL-R00304,18490,USD,2022-10-06T22:53:48-05:00,CPL/SRC/allocations/00562,PG
AL000226,EV000564,CPL-R00305,17340,USD,2023-03-07T07:32:49-06:00,CPL/SRC/allocations/00564,PG
AL000227,EV000570,CPL-R00309,4197,USD,2023-10-02T13:21:02-05:00,CPL/SRC/allocations/00571,PG
AL000228,EV000570,CPL-R00310,3050,USD,2023-10-02T11:52:26-05:00,CPL/SRC/allocations/00571,PG
AL000229,EV000573,CPL-R00311,11433,USD,2022-08-06T16:53:45-05:00,CPL/SRC/allocations/00573,PG
AL000230,EV000575,CPL-R00312,67015,USD,2022-08-13T15:13:21-05:00,CPL/SRC/allocations/00575,PG
AL000231,EV000577,CPL-R00313,13257,USD,2022-12-13T20:13:46-06:00,CPL/SRC/allocations/00577,PG
AL000232,EV000580,CPL-R00314,13976,USD,2023-02-08T18:34:57-06:00,CPL/SRC/allocations/00580,PG
AL000233,EV000584,CPL-R00316,52509,USD,2023-09-04T08:10:56-05:00,CPL/SRC/allocations/00584,PG
AL000234,EV000586,CPL-R00317,46468,USD,2022-12-02T18:07:18-06:00,CPL/SRC/allocations/00586,PG
AL000235,EV000588,CPL-R00318,16363,USD,2022-09-07T16:23:34-05:00,CPL/SRC/allocations/00588,PG
AL000236,EV000591,CPL-R00320,13230,USD,2023-03-08T08:18:37-06:00,CPL/SRC/allocations/00591,PG
AL000237,EV000593,CPL-R00321,3710,USD,2023-03-10T19:29:51-06:00,CPL/SRC/allocations/00593,PG
AL000238,EV000595,CPL-R00322,10732,USD,2023-06-29T04:24:54-05:00,CPL/SRC/allocations/00595,PG
AL000239,EV000597,CPL-R00323,3948,USD,2023-05-18T11:28:40-05:00,CPL/SRC/allocations/00597,PG
AL000240,EV000599,CPL-R00324,17323,USD,2023-04-25T21:37:58-05:00,CPL/SRC/allocations/00599,PG
AL000241,EV000601,CPL-R00325,6771,USD,2023-09-13T14:52:56-05:00,CPL/SRC/allocations/00601,PG
AL000242,EV000603,CPL-R00326,57133,USD,2022-08-05T13:39:06-05:00,CPL/SRC/allocations/00603,PG
AL000243,EV000605,CPL-R00327,41460,USD,2023-10-23T14:04:15-05:00,CPL/SRC/allocations/00605,PG
AL000244,EV000608,CPL-R00329,48220,USD,2023-04-11T13:41:19-05:00,CPL/SRC/allocations/00608,PG
AL000245,EV000610,CPL-R00330,22112,USD,2023-08-10T09:54:17-05:00,CPL/SRC/allocations/00610,PG
AL000246,EV000612,CPL-R00331,15123,USD,2022-12-16T03:03:28-06:00,CPL/SRC/allocations/00612,PG
AL000247,EV000614,CPL-R00332,8756,USD,2023-05-12T07:41:39-05:00,CPL/SRC/allocations/00614,PG
AL000248,EV000619,CPL-R00335,15903,USD,2022-11-13T21:06:04-06:00,CPL/SRC/allocations/00620,PG
AL000249,EV000619,CPL-R00336,9684,USD,2022-11-18T01:18:20-06:00,CPL/SRC/allocations/00620,PG
AL000250,EV000624,CPL-R00339,7411,USD,2023-10-04T15:15:50-05:00,CPL/SRC/allocations/00624,PG
AL000251,EV000626,CPL-R00340,4617,USD,2023-05-25T15:22:37-05:00,CPL/SRC/allocations/00626,PG
AL000252,EV000628,CPL-R00341,32003,USD,2023-01-03T19:50:12-06:00,CPL/SRC/allocations/00628,PG
AL000253,EV000630,CPL-R00342,1750,USD,2022-11-30T13:36:05-06:00,CPL/SRC/allocations/00631,PG
AL000254,EV000630,CPL-R00343,780,USD,2022-12-02T10:35:34-06:00,CPL/SRC/allocations/00631,PG
AL000255,EV000633,CPL-R00344,5805,USD,2022-09-20T15:14:10-05:00,CPL/SRC/allocations/00633,PG
AL000256,EV000635,CPL-R00345,2863,USD,2023-10-25T19:49:06-05:00,CPL/SRC/allocations/00635,PG
AL000257,EV000637,CPL-R00346,24696,USD,2022-10-25T01:36:03-05:00,CPL/SRC/allocations/00637,PG
AL000258,EV000639,CPL-R00347,79622,USD,2022-10-13T12:47:58-05:00,CPL/SRC/allocations/00639,PG
AL000259,EV000641,CPL-R00348,15675,USD,2023-07-31T12:30:50-05:00,CPL/SRC/allocations/00641,PG
AL000260,EV000643,CPL-R00349,261072,USD,2023-09-11T14:09:55-05:00,CPL/SRC/allocations/00643,PG
AL000261,EV000645,CPL-R00350,295912,USD,2023-07-10T07:08:42-05:00,CPL/SRC/allocations/00645,PG
AL000262,EV000647,CPL-R00351,23406,USD,2023-03-13T14:43:13-05:00,CPL/SRC/allocations/00647,PG
AL000263,EV000649,CPL-R00352,3573,USD,2023-01-31T23:51:34-06:00,CPL/SRC/allocations/00649,PG
AL000264,EV000651,CPL-R00353,4045,USD,2023-05-04T15:07:23-05:00,CPL/SRC/allocations/00652,PG
AL000265,EV000651,CPL-R00354,4912,USD,2023-05-04T19:48:42-05:00,CPL/SRC/allocations/00652,PG
AL000266,EV000654,CPL-R00355,360003,USD,2022-12-28T12:05:49-06:00,CPL/SRC/allocations/00654,PG
AL000267,EV000656,CPL-R00356,6516,USD,2022-10-07T18:50:30-05:00,CPL/SRC/allocations/00656,PG
AL000268,EV000658,CPL-R00357,8415,USD,2023-01-15T13:40:00-06:00,CPL/SRC/allocations/00658,PG
AL000269,EV000661,CPL-R00359,11050,USD,2023-08-03T10:01:46-05:00,CPL/SRC/allocations/00661,PG
AL000270,EV000663,CPL-R00360,21860,USD,2023-03-18T12:03:04-05:00,CPL/SRC/allocations/00663,PG
AL000271,EV000665,CPL-R00361,2500,USD,2023-06-02T17:21:52-05:00,CPL/SRC/allocations/00665,PG
AL000272,EV000667,CPL-R00362,6142,USD,2022-08-22T22:35:28-05:00,CPL/SRC/allocations/00667,PG
AL000273,EV000669,CPL-R00363,8228,USD,2022-08-31T17:48:49-05:00,CPL/SRC/allocations/00669,PG
AL000274,EV000672,CPL-R00365,7966,USD,2023-06-08T19:39:34-05:00,CPL/SRC/allocations/00672,PG
AL000275,EV000674,CPL-R00366,3049,USD,2023-06-21T18:21:43-05:00,CPL/SRC/allocations/00674,PG
AL000276,EV000678,CPL-R00368,71136,USD,2022-11-21T16:32:40-06:00,CPL/SRC/allocations/00679,PG
AL000277,EV000678,CPL-R00369,48805,USD,2022-12-05T10:22:44-06:00,CPL/SRC/allocations/00679,PG
AL000278,EV000681,CPL-R00370,4762,USD,2023-04-06T10:05:11-05:00,CPL/SRC/allocations/00681,PG
AL000279,EV000687,CPL-R00373,39880,USD,2023-10-03T09:53:50-05:00,CPL/SRC/allocations/00687,PG
AL000280,EV000692,CPL-R00376,18843,USD,2023-07-20T02:34:53-05:00,CPL/SRC/allocations/00692,PG
AL000281,EV000695,CPL-R00378,40571,USD,2023-04-23T13:03:00-05:00,CPL/SRC/allocations/00696,PG
AL000282,EV000695,CPL-R00379,19621,USD,2023-04-22T09:14:19-05:00,CPL/SRC/allocations/00696,PG
AL000283,EV000700,CPL-R00381,35387,USD,2023-01-23T13:01:55-06:00,CPL/SRC/allocations/00700,PG
AL000284,EV000702,CPL-R00382,12953,USD,2023-08-07T22:09:53-05:00,CPL/SRC/allocations/00702,PG
AL000285,EV000704,CPL-R00383,35102,USD,2023-03-08T18:45:41-06:00,CPL/SRC/allocations/00704,PG
AL000286,EV000709,CPL-R00385,5057,USD,2022-11-13T06:40:20-06:00,CPL/SRC/allocations/00710,PG
AL000287,EV000709,CPL-R00386,5367,USD,2022-11-04T21:49:36-05:00,CPL/SRC/allocations/00710,PG
AL000288,EV000712,CPL-R00387,12938,USD,2023-01-25T18:10:45-06:00,CPL/SRC/allocations/00712,PG
AL000289,EV000714,CPL-R00388,61223,USD,2023-11-03T17:10:39-05:00,CPL/SRC/allocations/00714,PG
AL000290,EV000720,CPL-R00391,6926,USD,2022-08-11T09:26:47-05:00,CPL/SRC/allocations/00720,PG
AL000291,EV000722,CPL-R00392,15284,USD,2023-05-18T10:07:54-05:00,CPL/SRC/allocations/00722,PG
AL000292,EV000724,CPL-R00393,4988,USD,2023-06-12T17:42:42-05:00,CPL/SRC/allocations/00725,PG
AL000293,EV000724,CPL-R00394,3435,USD,2023-06-12T17:57:35-05:00,CPL/SRC/allocations/00725,PG
AL000294,EV000727,CPL-R00395,8581,USD,2023-07-05T19:24:28-05:00,CPL/SRC/allocations/00727,PG
AL000295,EV000729,CPL-R00396,9005,USD,2023-02-20T03:47:22-06:00,CPL/SRC/allocations/00729,PG
AL000296,EV000731,CPL-R00397,26032,USD,2023-03-21T20:25:59-05:00,CPL/SRC/allocations/00731,PG
AL000297,EV000733,CPL-R00398,32305,USD,2022-10-05T22:09:19-05:00,CPL/SRC/allocations/00733,PG
AL000298,EV000735,CPL-R00399,5071,USD,2023-01-23T04:07:35-06:00,CPL/SRC/allocations/00736,PG
AL000299,EV000735,CPL-R00400,3907,USD,2023-01-13T15:41:12-06:00,CPL/SRC/allocations/00736,PG
AL000300,EV000738,CPL-R00401,17084,USD,2022-07-23T15:00:07-05:00,CPL/SRC/allocations/00738,PG
AL000301,EV000740,CPL-R00402,10225,USD,2023-02-23T16:05:35-06:00,CPL/SRC/allocations/00741,PG
AL000302,EV000740,CPL-R00403,11064,USD,2023-02-26T09:35:24-06:00,CPL/SRC/allocations/00741,PG
AL000303,EV000743,CPL-R00404,7732,USD,2023-07-10T03:55:50-05:00,CPL/SRC/allocations/00743,PG
AL000304,EV000746,CPL-R00406,3985,USD,2023-03-02T06:42:51-06:00,CPL/SRC/allocations/00746,PG
AL000305,EV000749,CPL-R00408,33159,USD,2023-05-17T06:31:40-05:00,CPL/SRC/allocations/00749,PG
AL000306,EV000751,CPL-R00409,5029,USD,2022-10-17T11:15:01-05:00,CPL/SRC/allocations/00751,PG
AL000307,EV000753,CPL-R00410,12874,USD,2023-02-20T18:04:59-06:00,CPL/SRC/allocations/00753,PG
AL000308,EV000755,CPL-R00411,23713,USD,2023-03-22T16:19:49-05:00,CPL/SRC/allocations/00755,PG
AL000309,EV000757,CPL-R00412,9662,USD,2023-04-08T08:34:25-05:00,CPL/SRC/allocations/00757,PG
AL000310,EV000759,CPL-R00413,7336,USD,2022-09-14T13:10:59-05:00,CPL/SRC/allocations/00759,PG
AL000311,EV000761,CPL-R00414,9507,USD,2022-11-26T15:31:45-06:00,CPL/SRC/allocations/00761,PG
AL000312,EV000763,CPL-R00415,11172,USD,2023-04-03T06:04:08-05:00,CPL/SRC/allocations/00763,PG
AL000313,EV000765,CPL-R00416,42252,USD,2023-09-04T17:49:25-05:00,CPL/SRC/allocations/00765,PG
AL000314,EV000771,CPL-R00419,22354,USD,2023-05-01T16:45:53-05:00,CPL/SRC/allocations/00771,PG
AL000315,EV000785,CPL-R00427,14564,USD,2023-01-19T03:00:14-06:00,CPL/SRC/allocations/00785,PG
AL000316,EV000787,CPL-R00428,111619,USD,2023-06-12T18:00:55-05:00,CPL/SRC/allocations/00787,PG
AL000317,EV000789,CPL-R00429,5699,USD,2023-04-10T15:01:45-05:00,CPL/SRC/allocations/00789,PG
AL000318,EV000794,CPL-R00432,24324,USD,2023-09-09T10:03:33-05:00,CPL/SRC/allocations/00794,PG
AL000319,EV000796,CPL-R00433,53823,USD,2023-08-10T15:33:21-05:00,CPL/SRC/allocations/00796,PG
AL000320,EV000799,CPL-R00435,6196,USD,2023-05-23T12:26:45-05:00,CPL/SRC/allocations/00799,PG
AL000321,EV000801,CPL-R00436,12085,USD,2023-06-17T05:18:35-05:00,CPL/SRC/allocations/00801,PG
AL000322,EV000803,CPL-R00437,16921,USD,2022-08-29T15:38:42-05:00,CPL/SRC/allocations/00803,PG
AL000323,EV000806,CPL-R00439,25666,USD,2023-06-28T00:02:31-05:00,CPL/SRC/allocations/00806,PG
AL000324,EV000808,CPL-R00440,11184,USD,2023-09-05T05:10:21-05:00,CPL/SRC/allocations/00808,PG
AL000325,EV000810,CPL-R00441,20034,USD,2022-07-27T01:02:22-05:00,CPL/SRC/allocations/00810,PG
AL000326,EV000812,CPL-R00442,5977,USD,2022-10-10T16:16:09-05:00,CPL/SRC/allocations/00812,PG
AL000327,EV000814,CPL-R00443,9168,USD,2023-08-01T14:35:58-05:00,CPL/SRC/allocations/00814,PG
AL000328,EV000816,CPL-R00444,11355,USD,2022-09-16T11:27:45-05:00,CPL/SRC/allocations/00816,PG
AL000329,EV000820,CPL-R00446,22599,USD,2022-12-03T14:46:58-06:00,CPL/SRC/allocations/00820,PG
AL000330,EV000822,CPL-R00447,9867,USD,2022-09-12T23:55:11-05:00,CPL/SRC/allocations/00822,PG
AL000331,EV000825,CPL-R00449,11349,USD,2022-08-01T11:09:25-05:00,CPL/SRC/allocations/00825,PG
AL000332,EV000827,CPL-R00450,10637,USD,2022-10-28T08:10:38-05:00,CPL/SRC/allocations/00827,PG
AL000333,EV000829,CPL-R00451,10890,USD,2023-06-29T09:28:43-05:00,CPL/SRC/allocations/00829,PG
AL000334,EV000831,CPL-R00452,22434,USD,2023-03-23T21:40:15-05:00,CPL/SRC/allocations/00831,PG
AL000335,EV000833,CPL-R00453,24625,USD,2023-01-11T22:23:04-06:00,CPL/SRC/allocations/00833,PG
AL000336,EV000835,CPL-R00454,146285,USD,2022-11-04T12:59:58-05:00,CPL/SRC/allocations/00835,PG
AL000337,EV000837,CPL-R00455,15596,USD,2022-08-27T14:54:51-05:00,CPL/SRC/allocations/00837,PG
AL000338,EV000839,CPL-R00456,9369,USD,2022-08-15T02:02:21-05:00,CPL/SRC/allocations/00839,PG
AL000339,EV000841,CPL-R00457,8690,USD,2023-05-15T14:03:25-05:00,CPL/SRC/allocations/00841,PG
AL000340,EV000843,CPL-R00458,8775,USD,2023-02-01T22:51:14-06:00,CPL/SRC/allocations/00843,PG
AL000341,EV000845,CPL-R00459,9886,USD,2023-05-22T16:12:44-05:00,CPL/SRC/allocations/00845,PG
AL000342,EV000847,CPL-R00460,58306,USD,2023-03-20T20:26:42-05:00,CPL/SRC/allocations/00847,PG
AL000343,EV000850,CPL-R00462,19674,USD,2023-04-13T20:29:13-05:00,CPL/SRC/allocations/00850,PG
AL000344,EV000852,CPL-R00463,3106,USD,2023-08-07T17:49:58-05:00,CPL/SRC/allocations/00853,PG
AL000345,EV000852,CPL-R00464,1993,USD,2023-08-03T15:45:06-05:00,CPL/SRC/allocations/00853,PG
AL000346,EV000855,CPL-R00465,4643,USD,2022-11-07T18:32:52-06:00,CPL/SRC/allocations/00855,PG
AL000347,EV000857,CPL-R00466,7120,USD,2022-08-27T13:27:06-05:00,CPL/SRC/allocations/00857,PG
AL000348,EV000861,CPL-R00468,3059,USD,2023-05-26T14:47:50-05:00,CPL/SRC/allocations/00861,PG
AL000349,EV000863,CPL-R00469,18219,USD,2022-11-16T11:28:59-06:00,CPL/SRC/allocations/00863,PG
AL000350,EV000871,TRI-R00474,8394,USD,2023-03-21T20:39:20-06:00,TRI/SRC/allocations/00871,PG
AL000351,EV000873,TRI-R00475,24364,USD,2023-05-18T13:19:00-06:00,TRI/SRC/allocations/00873,PG
AL000352,EV000875,TRI-R00476,12841,USD,2022-09-16T14:29:39-06:00,TRI/SRC/allocations/00875,PG
AL000353,EV000877,TRI-R00477,11345,USD,2022-12-30T15:04:06-07:00,TRI/SRC/allocations/00877,PG
AL000354,EV000880,TRI-R00479,5404,USD,2023-05-24T20:28:41-06:00,TRI/SRC/allocations/00880,PG
AL000355,EV000882,TRI-R00480,2942,USD,2023-01-26T16:01:03-07:00,TRI/SRC/allocations/00882,PG
AL000356,EV000886,TRI-R00482,4264,USD,2023-08-17T10:45:40-06:00,TRI/SRC/allocations/00886,PG
AL000357,EV000888,TRI-R00483,42295,USD,2023-05-08T15:50:04-06:00,TRI/SRC/allocations/00888,PG
AL000358,EV000892,TRI-R00486,4186,USD,2023-03-23T06:46:51-06:00,TRI/SRC/allocations/00892,PG
AL000359,EV000895,TRI-R00488,13022,USD,2023-02-07T23:10:35-07:00,TRI/SRC/allocations/00895,PG
AL000360,EV000898,TRI-R00490,12017,USD,2022-08-16T10:32:07-06:00,TRI/SRC/allocations/00898,PG
AL000361,EV000900,TRI-R00491,17504,USD,2022-09-09T14:08:09-06:00,TRI/SRC/allocations/00900,PG
AL000362,EV000904,TRI-R00493,27473,USD,2022-07-30T09:02:11-06:00,TRI/SRC/allocations/00904,PG
AL000363,EV000907,TRI-R00495,4190,USD,2023-03-30T23:51:05-06:00,TRI/SRC/allocations/00907,PG
AL000364,EV000909,TRI-R00496,93256,USD,2023-08-15T20:49:16-06:00,TRI/SRC/allocations/00910,PG
AL000365,EV000909,TRI-R00497,89031,USD,2023-08-17T04:22:28-06:00,TRI/SRC/allocations/00910,PG
AL000366,EV000912,TRI-R00498,92461,USD,2023-03-06T13:14:04-07:00,TRI/SRC/allocations/00912,PG
AL000367,EV000915,TRI-R00500,6887,USD,2022-12-06T12:38:34-07:00,TRI/SRC/allocations/00915,PG
AL000368,EV000917,TRI-R00501,7694,USD,2023-04-20T22:19:55-06:00,TRI/SRC/allocations/00917,PG
AL000369,EV000921,TRI-R00503,4557,USD,2022-12-01T19:59:38-07:00,TRI/SRC/allocations/00922,PG
AL000370,EV000921,TRI-R00504,2416,USD,2022-12-22T14:33:00-07:00,TRI/SRC/allocations/00922,PG
AL000371,EV000926,TRI-R00506,3165,USD,2023-10-03T18:31:26-06:00,TRI/SRC/allocations/00926,PG
AL000372,EV000928,TRI-R00507,32765,USD,2022-09-23T09:16:07-06:00,TRI/SRC/allocations/00928,PG
AL000373,EV000930,TRI-R00508,11095,USD,2023-09-18T04:46:52-06:00,TRI/SRC/allocations/00930,PG
AL000374,EV000932,TRI-R00509,10379,USD,2023-08-10T16:36:21-06:00,TRI/SRC/allocations/00932,PG
AL000375,EV000934,TRI-R00510,34377,USD,2023-07-19T13:40:14-06:00,TRI/SRC/allocations/00934,PG
AL000376,EV000936,TRI-R00511,27853,USD,2023-08-25T09:47:34-06:00,TRI/SRC/allocations/00936,PG
AL000377,EV000938,TRI-R00512,10099,USD,2023-01-31T14:18:25-07:00,TRI/SRC/allocations/00938,PG
AL000378,EV000940,TRI-R00513,13621,USD,2023-04-13T23:29:00-06:00,TRI/SRC/allocations/00940,PG
AL000379,EV000947,TRI-R00517,7748,USD,2022-08-28T22:55:07-06:00,TRI/SRC/allocations/00947,PG
AL000380,EV000949,TRI-R00518,54313,USD,2023-06-01T06:10:15-06:00,TRI/SRC/allocations/00949,PG
AL000381,EV000951,TRI-R00519,39172,USD,2022-08-01T13:55:09-06:00,TRI/SRC/allocations/00951,PG
AL000382,EV000953,TRI-R00520,7344,USD,2023-08-17T15:10:36-06:00,TRI/SRC/allocations/00953,PG
AL000383,EV000955,TRI-R00521,1509,USD,2023-02-05T04:21:35-07:00,TRI/SRC/allocations/00956,PG
AL000384,EV000955,TRI-R00522,1761,USD,2023-02-03T14:55:36-07:00,TRI/SRC/allocations/00956,PG
AL000385,EV000958,TRI-R00523,2500,USD,2022-07-27T15:50:23-06:00,TRI/SRC/allocations/00958,PG
AL000386,EV000960,TRI-R00524,13087,USD,2022-09-09T12:43:04-06:00,TRI/SRC/allocations/00960,PG
AL000387,EV000962,TRI-R00525,13508,USD,2023-02-28T19:29:27-07:00,TRI/SRC/allocations/00962,PG
AL000388,EV000965,TRI-R00527,8106,USD,2023-09-25T14:43:51-06:00,TRI/SRC/allocations/00965,PG
AL000389,EV000969,TRI-R00530,8661,USD,2023-01-31T18:57:39-07:00,TRI/SRC/allocations/00969,PG
AL000390,EV000973,TRI-R00532,28972,USD,2023-04-04T19:55:40-06:00,TRI/SRC/allocations/00973,PG
AL000391,EV000976,TRI-R00534,2964,USD,2022-11-10T13:42:34-07:00,TRI/SRC/allocations/00976,PG
AL000392,EV000978,TRI-R00535,12772,USD,2023-09-21T06:42:38-06:00,TRI/SRC/allocations/00978,PG
AL000393,EV000981,TRI-R00537,94649,USD,2023-04-26T19:04:52-06:00,TRI/SRC/allocations/00981,PG
AL000394,EV000983,TRI-R00538,19638,USD,2023-08-31T22:30:58-06:00,TRI/SRC/allocations/00983,PG
AL000395,EV000986,TRI-R00540,9109,USD,2023-09-19T11:10:10-06:00,TRI/SRC/allocations/00986,PG
AL000396,EV000988,TRI-R00541,46756,USD,2022-09-09T01:52:42-06:00,TRI/SRC/allocations/00988,PG
AL000397,EV000992,TRI-R00543,14992,USD,2023-08-25T23:07:36-06:00,TRI/SRC/allocations/00992,PG
AL000398,EV000994,TRI-R00544,12205,USD,2022-12-01T18:14:24-07:00,TRI/SRC/allocations/00994,PG
AL000399,EV000996,TRI-R00545,45068,USD,2023-01-03T21:58:50-07:00,TRI/SRC/allocations/00996,PG
AL000400,EV000998,TRI-R00546,42583,USD,2023-09-14T09:10:53-06:00,TRI/SRC/allocations/00998,PG
AL000401,EV001000,TRI-R00547,44890,USD,2023-08-08T15:57:02-06:00,TRI/SRC/allocations/01000,PG
AL000402,EV001006,TRI-R00550,116462,USD,2023-07-12T11:25:52-06:00,TRI/SRC/allocations/01006,PG
AL000403,EV001008,TRI-R00551,35505,USD,2023-10-23T12:34:39-06:00,TRI/SRC/allocations/01008,PG
AL000404,EV001011,TRI-R00553,5652,USD,2022-11-05T03:53:58-06:00,TRI/SRC/allocations/01011,PG
AL000405,EV001013,TRI-R00554,3604,USD,2023-04-19T16:34:31-06:00,TRI/SRC/allocations/01013,PG
AL000406,EV001017,TRI-R00556,4145,USD,2023-03-14T17:10:10-06:00,TRI/SRC/allocations/01018,PG
AL000407,EV001017,TRI-R00557,4399,USD,2023-03-13T20:14:36-06:00,TRI/SRC/allocations/01018,PG
AL000408,EV001022,TRI-R00559,4109,USD,2022-08-12T06:48:55-06:00,TRI/SRC/allocations/01022,PG
AL000409,EV001024,TRI-R00560,10343,USD,2022-10-24T23:26:56-06:00,TRI/SRC/allocations/01024,PG
AL000410,EV001026,TRI-R00561,7489,USD,2023-01-20T13:21:42-07:00,TRI/SRC/allocations/01026,PG
AL000411,EV001030,TRI-R00563,61138,USD,2022-07-27T17:11:54-06:00,TRI/SRC/allocations/01030,PG
AL000412,EV001032,TRI-R00564,3620,USD,2022-12-30T16:00:10-07:00,TRI/SRC/allocations/01032,PG
AL000413,EV001034,TRI-R00565,18811,USD,2023-09-14T23:43:43-06:00,TRI/SRC/allocations/01034,PG
AL000414,EV001036,TRI-R00566,10159,USD,2023-06-19T03:07:01-06:00,TRI/SRC/allocations/01037,PG
AL000415,EV001036,TRI-R00567,9839,USD,2023-06-16T01:59:34-06:00,TRI/SRC/allocations/01037,PG
AL000416,EV001039,TRI-R00568,5085,USD,2023-05-26T21:51:39-06:00,TRI/SRC/allocations/01039,PG
AL000417,EV001041,TRI-R00569,11256,USD,2023-02-05T20:31:28-07:00,TRI/SRC/allocations/01041,PG
AL000418,EV001043,TRI-R00570,38586,USD,2023-10-05T16:45:22-06:00,TRI/SRC/allocations/01043,PG
AL000419,EV001045,TRI-R00571,4820,USD,2023-01-17T13:05:46-07:00,TRI/SRC/allocations/01045,PG
AL000420,EV001049,TRI-R00573,14359,USD,2023-02-15T01:28:24-07:00,TRI/SRC/allocations/01049,PG
AL000421,EV001053,TRI-R00575,8990,USD,2023-03-22T20:31:59-06:00,TRI/SRC/allocations/01053,PG
AL000422,EV001059,TRI-R00578,24302,USD,2023-06-19T20:01:25-06:00,TRI/SRC/allocations/01059,PG
AL000423,EV001061,TRI-R00579,63868,USD,2023-07-31T19:03:20-06:00,TRI/SRC/allocations/01061,PG
AL000424,EV001063,TRI-R00580,2426,USD,2023-07-01T09:42:36-06:00,TRI/SRC/allocations/01063,PG
AL000425,EV001065,TRI-R00581,18630,USD,2022-08-29T14:33:36-06:00,TRI/SRC/allocations/01065,PG
AL000426,EV001067,TRI-R00582,16717,USD,2023-03-10T04:39:38-07:00,TRI/SRC/allocations/01067,PG
AL000427,EV001069,TRI-R00583,18565,USD,2023-02-02T17:37:27-07:00,TRI/SRC/allocations/01069,PG
AL000428,EV001072,TRI-R00585,10938,USD,2023-07-02T12:24:47-06:00,TRI/SRC/allocations/01072,PG
AL000429,EV001074,TRI-R00586,2833,USD,2023-02-20T16:42:05-07:00,TRI/SRC/allocations/01074,PG
AL000430,EV001076,TRI-R00587,5588,USD,2023-08-24T12:19:32-06:00,TRI/SRC/allocations/01077,PG
AL000431,EV001076,TRI-R00588,2887,USD,2023-08-24T20:12:53-06:00,TRI/SRC/allocations/01077,PG
AL000432,EV001079,TRI-R00589,143683,USD,2022-11-17T12:28:00-07:00,TRI/SRC/allocations/01079,PG
AL000433,EV001083,TRI-R00591,16244,USD,2022-08-30T00:52:07-06:00,TRI/SRC/allocations/01084,PG
AL000434,EV001083,TRI-R00592,7792,USD,2022-08-20T20:13:15-06:00,TRI/SRC/allocations/01084,PG
AL000435,EV001086,TRI-R00593,20764,USD,2023-01-08T00:19:11-07:00,TRI/SRC/allocations/01086,PG
AL000436,EV001088,TRI-R00594,7464,USD,2023-05-11T19:12:38-06:00,TRI/SRC/allocations/01089,PG
AL000437,EV001088,TRI-R00595,5597,USD,2023-05-11T22:22:37-06:00,TRI/SRC/allocations/01089,PG
AL000438,EV001091,TRI-R00596,8386,USD,2023-03-18T14:57:33-06:00,TRI/SRC/allocations/01091,PG
AL000439,EV001093,TRI-R00597,35892,USD,2022-12-12T14:39:28-07:00,TRI/SRC/allocations/01093,PG
AL000440,EV001095,TRI-R00598,11055,USD,2023-03-16T21:43:34-06:00,TRI/SRC/allocations/01095,PG
AL000441,EV001097,TRI-R00599,38002,USD,2023-07-04T15:06:23-06:00,TRI/SRC/allocations/01097,PG
AL000442,EV001099,TRI-R00600,9037,USD,2022-08-13T00:37:56-06:00,TRI/SRC/allocations/01099,PG
AL000443,EV001101,TRI-R00601,9961,USD,2022-08-13T04:31:59-06:00,TRI/SRC/allocations/01101,PG
AL000444,EV001103,TRI-R00602,14157,USD,2023-04-21T12:50:18-06:00,TRI/SRC/allocations/01103,PG
AL000445,EV001105,TRI-R00603,27493,USD,2022-09-14T11:37:30-06:00,TRI/SRC/allocations/01105,PG
AL000446,EV001109,TRI-R00605,2909,USD,2023-08-18T16:25:13-06:00,TRI/SRC/allocations/01109,PG
AL000447,EV001111,TRI-R00606,47911,USD,2022-09-24T09:16:05-06:00,TRI/SRC/allocations/01111,PG
AL000448,EV001114,TRI-R00608,8286,USD,2022-10-11T03:27:36-06:00,TRI/SRC/allocations/01114,PG
AL000449,EV001116,TRI-R00609,8185,USD,2023-10-02T19:13:38-06:00,TRI/SRC/allocations/01116,PG
AL000450,EV001118,TRI-R00610,10753,USD,2022-10-07T17:32:33-06:00,TRI/SRC/allocations/01118,PG
AL000451,EV001124,TRI-R00613,205940,USD,2022-07-16T23:52:22-06:00,TRI/SRC/allocations/01124,PG
AL000452,EV001128,TRI-R00615,19547,USD,2023-02-13T14:57:18-07:00,TRI/SRC/allocations/01128,PG
AL000453,EV001130,TRI-R00616,14075,USD,2022-10-13T12:34:49-06:00,TRI/SRC/allocations/01130,PG
AL000454,EV001132,TRI-R00617,14502,USD,2023-11-06T20:09:17-07:00,TRI/SRC/allocations/01132,PG
AL000455,EV001134,TRI-R00618,7354,USD,2022-12-19T13:50:22-07:00,TRI/SRC/allocations/01134,PG
AL000456,EV001137,TRI-R00619,2829,USD,2023-10-09T17:35:06-06:00,TRI/SRC/allocations/01137,PG
AL000457,EV001139,TRI-R00620,14829,USD,2023-02-25T02:07:14-07:00,TRI/SRC/allocations/01140,PG
AL000458,EV001139,TRI-R00621,7373,USD,2023-02-27T20:13:41-07:00,TRI/SRC/allocations/01140,PG
AL000459,EV001142,TRI-R00622,13156,USD,2023-02-06T11:32:47-07:00,TRI/SRC/allocations/01142,PG
AL000460,EV001144,TRI-R00623,15375,USD,2022-07-27T19:08:54-06:00,TRI/SRC/allocations/01144,PG
AL000461,EV001146,TRI-R00624,9482,USD,2023-04-19T18:53:34-06:00,TRI/SRC/allocations/01146,PG
AL000462,EV001149,TRI-R00625,6257,USD,2023-04-09T20:55:13-06:00,TRI/SRC/allocations/01150,PG
AL000463,EV001149,TRI-R00626,2975,USD,2023-04-09T15:05:41-06:00,TRI/SRC/allocations/01150,PG
AL000464,EV001152,TRI-R00627,15887,USD,2023-03-17T08:57:01-06:00,TRI/SRC/allocations/01152,PG
AL000465,EV001154,TRI-R00628,16781,USD,2022-09-28T17:14:51-06:00,TRI/SRC/allocations/01154,PG
AL000466,EV001156,TRI-R00629,14576,USD,2023-02-09T14:52:27-07:00,TRI/SRC/allocations/01156,PG
AL000467,EV001159,TRI-R00631,10040,USD,2023-06-05T20:17:57-06:00,TRI/SRC/allocations/01159,PG
AL000468,EV001161,TRI-R00632,7171,USD,2023-07-03T14:48:54-06:00,TRI/SRC/allocations/01161,PG
AL000469,EV001164,TRI-R00634,50813,USD,2023-10-17T16:40:21-06:00,TRI/SRC/allocations/01164,PG
AL000470,EV001166,TRI-R00635,9341,USD,2023-04-24T18:10:47-06:00,TRI/SRC/allocations/01166,PG
AL000471,EV001168,TRI-R00636,3905,USD,2023-05-18T03:02:11-06:00,TRI/SRC/allocations/01168,PG
AL000472,EV001170,TRI-R00637,3178,USD,2023-08-06T05:24:18-06:00,TRI/SRC/allocations/01170,PG
AL000473,EV001173,TRI-R00639,7340,USD,2023-02-21T12:40:49-07:00,TRI/SRC/allocations/01173,PG
AL000474,EV001175,TRI-R00640,6597,USD,2023-04-19T15:42:06-06:00,TRI/SRC/allocations/01175,PG
AL000475,EV001177,TRI-R00641,5657,USD,2023-07-10T22:50:01-06:00,TRI/SRC/allocations/01177,PG
AL000476,EV001181,TRI-R00643,72884,USD,2022-08-19T01:41:18-06:00,TRI/SRC/allocations/01181,PG
AL000477,EV001185,TRI-R00645,33772,USD,2023-07-17T22:33:22-06:00,TRI/SRC/allocations/01185,PG
AL000478,EV001187,TRI-R00646,151112,USD,2022-08-24T01:35:14-06:00,TRI/SRC/allocations/01187,PG
AL000479,EV001191,TRI-R00648,39535,USD,2023-04-05T16:03:43-06:00,TRI/SRC/allocations/01191,PG
AL000480,EV001193,TRI-R00649,9476,USD,2023-05-10T09:52:09-06:00,TRI/SRC/allocations/01193,PG
AL000481,EV001196,TRI-R00651,3032,USD,2023-06-14T21:16:36-06:00,TRI/SRC/allocations/01196,PG
AL000482,EV001199,TRI-R00653,4610,USD,2022-09-17T08:04:26-06:00,TRI/SRC/allocations/01199,PG
AL000483,EV001201,TRI-R00654,160233,USD,2023-09-25T05:39:17-06:00,TRI/SRC/allocations/01201,PG
AL000484,EV001203,TRI-R00655,8447,USD,2022-10-24T18:16:47-06:00,TRI/SRC/allocations/01203,PG
AL000485,EV001205,TRI-R00656,6175,USD,2023-10-07T18:43:27-06:00,TRI/SRC/allocations/01205,PG
AL000486,EV001207,TRI-R00657,13665,USD,2023-08-15T14:01:19-06:00,TRI/SRC/allocations/01207,PG
AL000487,EV001209,TRI-R00658,48537,USD,2023-06-23T11:01:02-06:00,TRI/SRC/allocations/01209,PG
AL000488,EV001211,TRI-R00659,15020,USD,2023-05-26T01:59:57-06:00,TRI/SRC/allocations/01211,PG
AL000489,EV001213,TRI-R00660,3526,USD,2023-01-12T10:59:50-07:00,TRI/SRC/allocations/01213,PG
AL000490,EV001215,TRI-R00661,2196,USD,2022-12-13T19:33:43-07:00,TRI/SRC/allocations/01215,PG
AL000491,EV001217,TRI-R00662,6415,USD,2022-11-27T02:19:33-07:00,TRI/SRC/allocations/01217,PG
AL000492,EV001219,TRI-R00663,5438,USD,2023-07-03T14:30:19-06:00,TRI/SRC/allocations/01219,PG
AL000493,EV001221,TRI-R00664,187722,USD,2022-07-15T15:58:50-06:00,TRI/SRC/allocations/01221,PG
AL000494,EV001223,TRI-R00665,4162,USD,2023-02-20T15:17:40-07:00,TRI/SRC/allocations/01223,PG
AL000495,EV001225,TRI-R00666,3972,USD,2022-11-17T19:09:41-07:00,TRI/SRC/allocations/01225,PG
AL000496,EV001227,TRI-R00667,4506,USD,2023-04-24T14:59:08-06:00,TRI/SRC/allocations/01227,PG
AL000497,EV001229,TRI-R00668,21784,USD,2023-09-07T21:20:50-06:00,TRI/SRC/allocations/01229,PG
AL000498,EV001231,TRI-R00669,35876,USD,2023-03-03T19:25:38-07:00,TRI/SRC/allocations/01231,PG
AL000499,EV001233,TRI-R00670,22038,USD,2023-08-28T13:57:13-06:00,TRI/SRC/allocations/01233,PG
AL000500,EV001238,TRI-R00673,20402,USD,2023-09-20T14:53:45-06:00,TRI/SRC/allocations/01239,PG
AL000501,EV001238,TRI-R00674,22541,USD,2023-09-23T03:45:38-06:00,TRI/SRC/allocations/01239,PG
AL000502,EV001241,TRI-R00675,19924,USD,2022-09-11T21:11:12-06:00,TRI/SRC/allocations/01241,PG
AL000503,EV001247,TRI-R00680,26388,USD,2023-06-05T14:20:00-06:00,TRI/SRC/allocations/01247,PG
AL000504,EV001249,TRI-R00681,3987,USD,2022-08-24T08:15:50-06:00,TRI/SRC/allocations/01249,PG
AL000505,EV001253,TRI-R00684,26069,USD,2023-04-10T17:15:07-06:00,TRI/SRC/allocations/01253,PG
AL000506,EV001256,TRI-R00686,8412,USD,2023-05-29T16:36:19-06:00,TRI/SRC/allocations/01256,PG
AL000507,EV001258,TRI-R00687,28096,USD,2022-08-09T22:21:26-06:00,TRI/SRC/allocations/01258,PG
AL000508,EV001260,TRI-R00688,14274,USD,2022-11-30T13:44:34-07:00,TRI/SRC/allocations/01260,PG
AL000509,EV001266,TRI-R00691,5613,USD,2022-10-05T00:42:03-06:00,TRI/SRC/allocations/01266,PG
AL000510,EV001268,TRI-R00692,15557,USD,2022-10-03T13:44:49-06:00,TRI/SRC/allocations/01268,PG
AL000511,EV001272,TRI-R00694,36828,USD,2023-04-03T19:28:59-06:00,TRI/SRC/allocations/01272,PG
AL000512,EV001274,TRI-R00695,26272,USD,2023-08-21T20:34:33-06:00,TRI/SRC/allocations/01274,PG
AL000513,EV001276,TRI-R00696,28848,USD,2022-12-30T17:08:30-07:00,TRI/SRC/allocations/01276,PG
AL000514,EV001278,TRI-R00697,16400,USD,2023-08-05T04:14:54-06:00,TRI/SRC/allocations/01278,PG
AL000515,EV001280,TRI-R00698,69274,USD,2022-10-31T16:39:55-06:00,TRI/SRC/allocations/01280,PG
AL000516,EV001282,TRI-R00699,5209,USD,2023-08-09T08:36:31-06:00,TRI/SRC/allocations/01282,PG
AL000517,EV001284,TRI-R00700,8174,USD,2022-10-27T19:00:27-06:00,TRI/SRC/allocations/01284,PG
AL000518,EV001286,TRI-R00701,13418,USD,2023-09-25T18:00:38-06:00,TRI/SRC/allocations/01286,PG
AL000519,EV001288,TRI-R00702,89599,USD,2023-07-09T12:47:02-06:00,TRI/SRC/allocations/01288,PG
AL000520,EV001292,TRI-R00704,9571,USD,2023-07-03T16:55:40-06:00,TRI/SRC/allocations/01292,PG
AL000521,EV001296,TRI-R00707,75543,USD,2023-03-20T16:02:54-06:00,TRI/SRC/allocations/01296,PG
AL000522,EV001298,TRI-R00708,9555,USD,2022-11-24T09:10:36-07:00,TRI/SRC/allocations/01298,PG
AL000523,EV001301,TRI-R00710,3588,USD,2022-09-16T22:36:13-06:00,TRI/SRC/allocations/01302,PG
AL000524,EV001301,TRI-R00711,2159,USD,2022-09-16T16:57:12-06:00,TRI/SRC/allocations/01302,PG
AL000525,EV001304,TRI-R00712,20075,USD,2023-07-12T20:07:39-06:00,TRI/SRC/allocations/01304,PG
AL000526,EV001307,TRI-R00714,5087,USD,2022-09-17T11:09:09-06:00,TRI/SRC/allocations/01307,PG
AL000527,EV001309,TRI-R00715,1865,USD,2022-10-12T15:40:09-06:00,TRI/SRC/allocations/01310,PG
AL000528,EV001309,TRI-R00716,1727,USD,2022-10-14T03:00:14-06:00,TRI/SRC/allocations/01310,PG
AL000529,EV001312,TRI-R00717,48359,USD,2022-09-28T13:17:38-06:00,TRI/SRC/allocations/01312,PG
AL000530,EV001314,TRI-R00718,14465,USD,2023-08-23T11:19:54-06:00,TRI/SRC/allocations/01314,PG
AL000531,EV001317,TRI-R00720,8430,USD,2023-07-23T19:13:32-06:00,TRI/SRC/allocations/01317,PG
AL000532,EV001319,TRI-R00721,5619,USD,2023-03-12T15:39:57-06:00,TRI/SRC/allocations/01319,PG
AL000533,EV001321,TRI-R00722,74883,USD,2022-09-30T14:39:26-06:00,TRI/SRC/allocations/01321,PG
AL000534,EV001329,TRI-R00727,9081,USD,2023-04-26T12:50:28-06:00,TRI/SRC/allocations/01329,PG
AL000535,EV001331,TRI-R00728,12413,USD,2022-11-28T21:02:23-07:00,TRI/SRC/allocations/01331,PG
AL000536,EV001333,TRI-R00729,19881,USD,2023-02-10T15:56:56-07:00,TRI/SRC/allocations/01333,PG
AL000537,EV001335,TRI-R00730,11350,USD,2023-02-06T09:43:57-07:00,TRI/SRC/allocations/01335,PG
AL000538,EV001338,TRI-R00732,20240,USD,2023-03-23T11:07:40-06:00,TRI/SRC/allocations/01338,PG
AL000539,EV001340,TRI-R00733,43522,USD,2022-10-21T20:35:34-06:00,TRI/SRC/allocations/01340,PG
AL000540,EV001342,TRI-R00734,11163,USD,2022-11-25T09:20:45-07:00,TRI/SRC/allocations/01342,PG
AL000541,EV001344,TRI-R00735,6771,USD,2022-09-30T14:02:11-06:00,TRI/SRC/allocations/01345,PG
AL000542,EV001344,TRI-R00736,3222,USD,2022-09-30T15:24:57-06:00,TRI/SRC/allocations/01345,PG
AL000543,EV001347,TRI-R00737,80285,USD,2023-10-18T06:54:58-06:00,TRI/SRC/allocations/01347,PG
AL000544,EV001349,TRI-R00738,2569,USD,2023-05-08T21:36:50-06:00,TRI/SRC/allocations/01349,PG
AL000545,EV001351,TRI-R00739,9171,USD,2022-10-23T02:45:51-06:00,TRI/SRC/allocations/01351,PG
AL000546,EV001354,TRI-R00741,17622,USD,2023-09-21T10:16:07-06:00,TRI/SRC/allocations/01354,PG
AL000547,EV001356,TRI-R00742,8307,USD,2023-03-16T11:17:55-06:00,TRI/SRC/allocations/01356,PG
AL000548,EV001358,TRI-R00743,8257,USD,2022-08-02T09:40:04-06:00,TRI/SRC/allocations/01358,PG
AL000549,EV001360,TRI-R00744,37525,USD,2022-08-01T16:08:26-06:00,TRI/SRC/allocations/01360,PG
AL000550,EV001362,TRI-R00745,23832,USD,2023-07-31T20:51:56-06:00,TRI/SRC/allocations/01362,PG
AL000551,EV001364,TRI-R00746,100891,USD,2023-08-04T16:17:44-06:00,TRI/SRC/allocations/01364,PG
AL000552,EV001366,TRI-R00747,4919,USD,2023-02-09T20:04:23-07:00,TRI/SRC/allocations/01366,PG
AL000553,EV001368,TRI-R00748,55112,USD,2023-01-24T20:05:35-07:00,TRI/SRC/allocations/01368,PG
AL000554,EV001370,TRI-R00749,10537,USD,2022-10-31T16:27:54-06:00,TRI/SRC/allocations/01370,PG
AL000555,EV001372,TRI-R00750,8223,USD,2023-06-08T19:18:12-06:00,TRI/SRC/allocations/01372,PG
AL000556,EV001374,TRI-R00751,38885,USD,2023-07-25T18:09:11-06:00,TRI/SRC/allocations/01374,PG
AL000557,EV001376,TRI-R00752,9519,USD,2022-11-25T20:29:19-07:00,TRI/SRC/allocations/01376,PG
AL000558,EV001378,TRI-R00753,5718,USD,2023-01-16T09:50:00-07:00,TRI/SRC/allocations/01378,PG
AL000559,EV001382,TRI-R00755,18079,USD,2023-05-01T03:23:57-06:00,TRI/SRC/allocations/01382,PG
AL000560,EV001384,TRI-R00756,6570,USD,2023-04-19T01:54:26-06:00,TRI/SRC/allocations/01384,PG
AL000561,EV001386,TRI-R00757,20944,USD,2023-09-28T13:47:17-06:00,TRI/SRC/allocations/01386,PG
AL000562,EV001389,TRI-R00759,7929,USD,2023-04-10T23:24:45-06:00,TRI/SRC/allocations/01389,PG
AL000563,EV001394,TRI-R00762,3322,USD,2023-07-07T11:25:52-06:00,TRI/SRC/allocations/01394,PG
AL000564,EV001396,TRI-R00763,8726,USD,2023-09-14T00:34:37-06:00,TRI/SRC/allocations/01396,PG
AL000565,EV001398,TRI-R00764,14613,USD,2023-05-15T15:52:55-06:00,TRI/SRC/allocations/01398,PG
AL000566,EV001400,TRI-R00765,12820,USD,2022-11-14T21:15:38-07:00,TRI/SRC/allocations/01400,PG
AL000567,EV001405,TRI-R00768,4513,USD,2023-09-08T15:16:34-06:00,TRI/SRC/allocations/01405,PG
AL000568,EV001407,TRI-R00769,48278,USD,2022-11-02T08:16:07-06:00,TRI/SRC/allocations/01407,PG
AL000569,EV001409,TRI-R00770,7355,USD,2023-09-13T16:33:30-06:00,TRI/SRC/allocations/01410,PG
AL000570,EV001409,TRI-R00771,4489,USD,2023-09-13T11:05:36-06:00,TRI/SRC/allocations/01410,PG
AL000571,EV001412,TRI-R00772,12197,USD,2022-09-05T11:40:42-06:00,TRI/SRC/allocations/01412,PG
AL000572,EV001414,TRI-R00773,13537,USD,2023-05-29T21:38:15-06:00,TRI/SRC/allocations/01414,PG
AL000573,EV001416,TRI-R00774,10334,USD,2023-10-04T16:50:12-06:00,TRI/SRC/allocations/01416,PG
AL000574,EV001421,TRI-R00777,12665,USD,2023-06-06T10:09:17-06:00,TRI/SRC/allocations/01421,PG
AL000575,EV001423,TRI-R00778,17745,USD,2023-02-14T23:07:52-07:00,TRI/SRC/allocations/01423,PG
AL000576,EV001430,TRI-R00782,12867,USD,2022-08-08T11:51:31-06:00,TRI/SRC/allocations/01431,PG
AL000577,EV001430,TRI-R00783,6029,USD,2022-08-14T22:23:02-06:00,TRI/SRC/allocations/01431,PG
AL000578,EV001434,TRI-R00785,11884,USD,2023-09-04T16:11:28-06:00,TRI/SRC/allocations/01434,PG
AL000579,EV001438,TRI-R00787,122144,USD,2023-01-04T17:16:15-07:00,TRI/SRC/allocations/01438,PG
AL000580,EV001440,TRI-R00788,7199,USD,2022-10-06T18:33:41-06:00,TRI/SRC/allocations/01440,PG
AL000581,EV001442,TRI-R00789,97624,USD,2023-01-30T20:04:33-07:00,TRI/SRC/allocations/01442,PG
AL000582,EV001445,TRI-R00791,15106,USD,2022-09-03T04:21:42-06:00,TRI/SRC/allocations/01446,PG
AL000583,EV001445,TRI-R00792,8141,USD,2022-08-22T20:07:19-06:00,TRI/SRC/allocations/01446,PG
AL000584,EV001448,TRI-R00793,20272,USD,2023-03-27T01:44:14-06:00,TRI/SRC/allocations/01448,PG
AL000585,EV001452,TRI-R00796,86897,USD,2022-10-17T12:31:38-06:00,TRI/SRC/allocations/01452,PG
AL000586,EV001457,TRI-R00799,9609,USD,2022-08-17T06:34:03-06:00,TRI/SRC/allocations/01457,PG
AL000587,EV001459,TRI-R00800,16807,USD,2023-05-10T03:57:06-06:00,TRI/SRC/allocations/01460,PG
AL000588,EV001459,TRI-R00801,14108,USD,2023-05-11T02:18:41-06:00,TRI/SRC/allocations/01460,PG
AL000589,EV001462,TRI-R00802,34401,USD,2022-08-27T19:47:34-06:00,TRI/SRC/allocations/01462,PG
AL000590,EV001464,TRI-R00803,4532,USD,2023-07-20T05:59:49-06:00,TRI/SRC/allocations/01464,PG
AL000591,EV001466,TRI-R00804,5601,USD,2023-11-09T17:42:52-07:00,TRI/SRC/allocations/01466,PG
AL000592,EV001468,TRI-R00805,9075,USD,2022-11-17T13:27:52-07:00,TRI/SRC/allocations/01468,PG
AL000593,EV001470,TRI-R00806,29900,USD,2022-12-21T08:35:42-07:00,TRI/SRC/allocations/01470,PG
AL000594,EV001472,TRI-R00807,26516,USD,2023-07-18T20:38:54-06:00,TRI/SRC/allocations/01472,PG
AL000595,EV001477,TRI-R00810,9000,USD,2023-04-22T23:01:21-06:00,TRI/SRC/allocations/01477,PG
AL000596,EV001479,TRI-R00811,8795,USD,2023-07-03T11:45:14-06:00,TRI/SRC/allocations/01479,PG
AL000597,EV001483,TRI-R00813,7610,USD,2023-08-18T17:39:20-06:00,TRI/SRC/allocations/01483,PG
AL000598,EV001485,TRI-R00814,41236,USD,2023-05-21T22:24:31-06:00,TRI/SRC/allocations/01485,PG
AL000599,EV001487,TRI-R00815,34869,USD,2022-10-23T16:13:59-06:00,TRI/SRC/allocations/01487,PG
AL000600,EV001489,TRI-R00816,25027,USD,2023-05-29T14:42:47-06:00,TRI/SRC/allocations/01489,PG
AL000601,EV001493,TRI-R00818,19863,USD,2023-07-28T18:34:21-06:00,TRI/SRC/allocations/01493,PG
AL000602,EV001495,TRI-R00819,4266,USD,2023-05-19T18:39:39-06:00,TRI/SRC/allocations/01495,PG
AL000603,EV001497,TRI-R00820,28261,USD,2023-01-17T08:02:26-07:00,TRI/SRC/allocations/01497,PG
AL000604,EV001500,TRI-R00822,29129,USD,2023-09-25T12:28:01-06:00,TRI/SRC/allocations/01500,PG
AL000605,EV001502,TRI-R00823,4008,USD,2022-08-20T14:28:53-06:00,TRI/SRC/allocations/01502,PG
AL000606,EV001504,TRI-R00824,29660,USD,2023-08-28T04:38:31-06:00,TRI/SRC/allocations/01504,PG
AL000607,EV001507,TRI-R00826,6146,USD,2022-10-29T08:05:08-06:00,TRI/SRC/allocations/01507,PG
AL000608,EV001509,TRI-R00827,56454,USD,2023-03-10T02:27:47-07:00,TRI/SRC/allocations/01509,PG
AL000609,EV001511,TRI-R00828,91122,USD,2023-04-17T11:58:17-06:00,TRI/SRC/allocations/01511,PG
AL000610,EV001513,TRI-R00829,5390,USD,2022-11-03T23:01:45-06:00,TRI/SRC/allocations/01513,PG
AL000611,EV001515,TRI-R00830,4534,USD,2022-12-11T09:20:51-07:00,TRI/SRC/allocations/01516,PG
AL000612,EV001515,TRI-R00831,4898,USD,2022-12-25T20:30:21-07:00,TRI/SRC/allocations/01516,PG
AL000613,EV001521,TRI-R00834,128609,USD,2022-11-29T21:05:16-07:00,TRI/SRC/allocations/01521,PG
AL000614,EV001523,TRI-R00835,7885,USD,2023-06-09T18:26:55-06:00,TRI/SRC/allocations/01523,PG
AL000615,EV001525,TRI-R00836,15433,USD,2023-04-03T16:21:41-06:00,TRI/SRC/allocations/01525,PG
AL000616,EV001527,TRI-R00837,3106,USD,2023-09-05T15:10:06-06:00,TRI/SRC/allocations/01527,PG
AL000617,EV001531,TRI-R00839,7968,USD,2022-11-01T16:44:39-06:00,TRI/SRC/allocations/01531,PG
AL000618,EV001534,TRI-R00841,3253,USD,2022-09-01T14:08:28-06:00,TRI/SRC/allocations/01534,PG
AL000619,EV001537,TRI-R00842,10011,USD,2023-08-30T17:37:04-06:00,TRI/SRC/allocations/01537,PG
AL000620,EV001539,TRI-R00843,34263,USD,2023-08-22T23:29:31-06:00,TRI/SRC/allocations/01539,PG
AL000621,EV001542,TRI-R00845,7536,USD,2023-08-15T21:05:41-06:00,TRI/SRC/allocations/01542,PG
AL000622,EV001545,TRI-R00847,69531,USD,2023-06-07T07:36:05-06:00,TRI/SRC/allocations/01545,PG
AL000623,EV001548,TRI-R00849,15371,USD,2022-12-12T13:49:33-07:00,TRI/SRC/allocations/01548,PG
AL000624,EV001550,TRI-R00850,43216,USD,2023-02-09T23:40:12-07:00,TRI/SRC/allocations/01551,PG
AL000625,EV001550,TRI-R00851,28968,USD,2023-02-08T17:24:44-07:00,TRI/SRC/allocations/01551,PG
AL000626,EV001557,TRI-R00855,36732,USD,2022-07-18T19:04:08-06:00,TRI/SRC/allocations/01557,PG
AL000627,EV001559,TRI-R00856,7328,USD,2023-07-20T05:48:12-06:00,TRI/SRC/allocations/01559,PG
AL000628,EV001561,TRI-R00857,8731,USD,2022-09-03T12:11:55-06:00,TRI/SRC/allocations/01561,PG
AL000629,EV001563,TRI-R00858,1647,USD,2022-10-17T18:49:50-06:00,TRI/SRC/allocations/01563,PG
AL000630,EV001566,TRI-R00860,4072,USD,2023-01-10T23:11:37-07:00,TRI/SRC/allocations/01567,PG
AL000631,EV001566,TRI-R00861,2204,USD,2023-01-09T14:23:22-07:00,TRI/SRC/allocations/01567,PG
AL000632,EV001571,TRI-R00863,20021,USD,2023-03-24T12:28:38-06:00,TRI/SRC/allocations/01571,PG
AL000633,EV001573,TRI-R00864,3009,USD,2022-11-21T13:13:40-07:00,TRI/SRC/allocations/01573,PG
AL000634,EV001575,TRI-R00865,36082,USD,2022-10-16T00:08:09-06:00,TRI/SRC/allocations/01575,PG
AL000635,EV001577,TRI-R00866,13605,USD,2023-05-11T16:01:49-06:00,TRI/SRC/allocations/01577,PG
AL000636,EV001579,TRI-R00867,29572,USD,2023-05-29T15:45:55-06:00,TRI/SRC/allocations/01579,PG
AL000637,EV001581,TRI-R00868,36765,USD,2022-11-02T07:14:50-06:00,TRI/SRC/allocations/01581,PG
AL000638,EV001585,TRI-R00870,24672,USD,2023-04-03T14:05:07-06:00,TRI/SRC/allocations/01585,PG
AL000639,EV001587,TRI-R00871,23581,USD,2022-07-25T17:45:28-06:00,TRI/SRC/allocations/01587,PG
AL000640,EV001592,TRI-R00874,7536,USD,2022-11-18T02:28:48-07:00,TRI/SRC/allocations/01592,PG
AL000641,EV001594,TRI-R00875,14050,USD,2022-11-28T13:29:56-07:00,TRI/SRC/allocations/01594,PG
AL000642,EV001596,TRI-R00876,9458,USD,2023-07-19T06:07:02-06:00,TRI/SRC/allocations/01596,PG
AL000643,EV001598,TRI-R00877,229046,USD,2023-04-09T08:27:06-06:00,TRI/SRC/allocations/01598,PG
AL000644,EV001600,TRI-R00878,8258,USD,2023-04-27T08:41:09-06:00,TRI/SRC/allocations/01600,PG
AL000645,EV001604,TRI-R00880,4091,USD,2022-08-16T22:00:29-06:00,TRI/SRC/allocations/01604,PG
AL000646,EV001606,TRI-R00881,7127,USD,2022-08-10T03:46:13-06:00,TRI/SRC/allocations/01606,PG
AL000647,EV001608,TRI-R00882,36239,USD,2022-12-05T19:50:14-07:00,TRI/SRC/allocations/01608,PG
AL000648,EV001610,TRI-R00883,31299,USD,2022-11-15T07:03:12-07:00,TRI/SRC/allocations/01610,PG
AL000649,EV001612,NDX-R00884,15469,USD,2023-03-09T14:20:33-05:00,NDX/SRC/allocations/01612,PG
AL000650,EV001614,NDX-R00885,25105,USD,2023-08-06T03:11:51-04:00,NDX/SRC/allocations/01614,PG
AL000651,EV001616,NDX-R00886,14661,USD,2023-02-22T10:19:22-05:00,NDX/SRC/allocations/01616,PG
AL000652,EV001618,NDX-R00887,12261,USD,2023-04-24T19:11:54-04:00,NDX/SRC/allocations/01618,PG
AL000653,EV001620,NDX-R00888,3404,USD,2022-11-07T11:59:21-05:00,NDX/SRC/allocations/01620,PG
AL000654,EV001622,NDX-R00889,4980,USD,2023-04-07T12:03:18-04:00,NDX/SRC/allocations/01622,PG
AL000655,EV001626,NDX-R00891,20279,USD,2023-04-05T14:46:37-04:00,NDX/SRC/allocations/01626,PG
AL000656,EV001628,NDX-R00892,4554,USD,2023-05-31T15:11:25-04:00,NDX/SRC/allocations/01628,PG
AL000657,EV001632,NDX-R00894,35003,USD,2023-05-16T03:50:12-04:00,NDX/SRC/allocations/01632,PG
AL000658,EV001634,NDX-R00895,2454,USD,2022-11-18T04:21:29-05:00,NDX/SRC/allocations/01634,PG
AL000659,EV001636,NDX-R00896,10388,USD,2023-02-03T21:21:19-05:00,NDX/SRC/allocations/01636,PG
AL000660,EV001638,NDX-R00897,1959,USD,2023-10-05T12:58:32-04:00,NDX/SRC/allocations/01639,PG
AL000661,EV001638,NDX-R00898,1322,USD,2023-10-08T17:50:37-04:00,NDX/SRC/allocations/01639,PG
AL000662,EV001641,NDX-R00899,8224,USD,2023-10-05T16:08:26-04:00,NDX/SRC/allocations/01641,PG
AL000663,EV001643,NDX-R00900,16742,USD,2022-12-15T09:14:09-05:00,NDX/SRC/allocations/01643,PG
AL000664,EV001645,NDX-R00901,59203,USD,2023-10-23T17:32:30-04:00,NDX/SRC/allocations/01645,PG
AL000665,EV001649,NDX-R00903,10824,USD,2022-12-16T23:03:27-05:00,NDX/SRC/allocations/01649,PG
AL000666,EV001651,NDX-R00904,7100,USD,2022-09-01T15:12:09-04:00,NDX/SRC/allocations/01651,PG
AL000667,EV001653,NDX-R00905,10881,USD,2023-04-22T00:08:27-04:00,NDX/SRC/allocations/01653,PG
AL000668,EV001655,NDX-R00906,9743,USD,2023-08-07T10:40:33-04:00,NDX/SRC/allocations/01655,PG
AL000669,EV001661,NDX-R00909,5776,USD,2023-02-23T13:37:55-05:00,NDX/SRC/allocations/01661,PG
AL000670,EV001664,NDX-R00911,4504,USD,2023-03-09T21:23:31-05:00,NDX/SRC/allocations/01664,PG
AL000671,EV001666,NDX-R00912,32941,USD,2023-03-31T01:18:32-04:00,NDX/SRC/allocations/01667,PG
AL000672,EV001666,NDX-R00913,17661,USD,2023-04-08T20:15:34-04:00,NDX/SRC/allocations/01667,PG
AL000673,EV001669,NDX-R00914,22351,USD,2023-05-24T22:25:35-04:00,NDX/SRC/allocations/01669,PG
AL000674,EV001671,NDX-R00915,19447,USD,2022-11-20T23:19:55-05:00,NDX/SRC/allocations/01671,PG
AL000675,EV001673,NDX-R00916,41458,USD,2022-12-17T05:34:41-05:00,NDX/SRC/allocations/01673,PG
AL000676,EV001675,NDX-R00917,87689,USD,2022-10-11T01:55:48-04:00,NDX/SRC/allocations/01675,PG
AL000677,EV001677,NDX-R00918,13621,USD,2023-09-21T17:15:56-04:00,NDX/SRC/allocations/01677,PG
AL000678,EV001683,NDX-R00921,23170,USD,2023-06-05T23:28:52-04:00,NDX/SRC/allocations/01683,PG
AL000679,EV001686,NDX-R00923,63130,USD,2023-09-28T11:56:15-04:00,NDX/SRC/allocations/01686,PG
AL000680,EV001688,NDX-R00924,30289,USD,2023-09-30T08:11:17-04:00,NDX/SRC/allocations/01688,PG
AL000681,EV001692,NDX-R00926,5068,USD,2022-10-24T19:36:39-04:00,NDX/SRC/allocations/01692,PG
AL000682,EV001694,NDX-R00927,9257,USD,2022-12-12T03:07:30-05:00,NDX/SRC/allocations/01694,PG
AL000683,EV001696,NDX-R00928,44990,USD,2023-06-03T04:20:41-04:00,NDX/SRC/allocations/01696,PG
AL000684,EV001700,NDX-R00931,18265,USD,2022-07-29T18:48:19-04:00,NDX/SRC/allocations/01700,PG
AL000685,EV001702,NDX-R00932,2736,USD,2023-04-28T20:30:48-04:00,NDX/SRC/allocations/01702,PG
AL000686,EV001704,NDX-R00933,3706,USD,2022-09-26T20:10:46-04:00,NDX/SRC/allocations/01704,PG
AL000687,EV001706,NDX-R00934,70015,USD,2022-09-20T14:05:57-04:00,NDX/SRC/allocations/01706,PG
AL000688,EV001708,NDX-R00935,3487,USD,2023-06-20T19:54:46-04:00,NDX/SRC/allocations/01708,PG
AL000689,EV001710,NDX-R00936,7569,USD,2023-01-28T09:59:08-05:00,NDX/SRC/allocations/01710,PG
AL000690,EV001712,NDX-R00937,127580,USD,2023-03-18T11:06:39-04:00,NDX/SRC/allocations/01712,PG
AL000691,EV001714,NDX-R00938,75341,USD,2023-01-06T15:43:48-05:00,NDX/SRC/allocations/01714,PG
AL000692,EV001716,NDX-R00939,7925,USD,2022-11-13T12:40:43-05:00,NDX/SRC/allocations/01716,PG
AL000693,EV001719,NDX-R00941,39437,USD,2023-09-05T19:36:24-04:00,NDX/SRC/allocations/01719,PG
AL000694,EV001721,NDX-R00942,16328,USD,2023-07-12T15:22:19-04:00,NDX/SRC/allocations/01721,PG
AL000695,EV001723,NDX-R00943,35319,USD,2023-05-14T18:02:23-04:00,NDX/SRC/allocations/01723,PG
AL000696,EV001725,NDX-R00944,3890,USD,2022-11-22T17:27:44-05:00,NDX/SRC/allocations/01725,PG
AL000697,EV001727,NDX-R00945,66093,USD,2023-01-30T15:19:28-05:00,NDX/SRC/allocations/01727,PG
AL000698,EV001729,NDX-R00946,4640,USD,2023-07-21T23:01:51-04:00,NDX/SRC/allocations/01729,PG
AL000699,EV001731,NDX-R00947,38486,USD,2023-01-25T15:28:36-05:00,NDX/SRC/allocations/01731,PG
AL000700,EV001733,NDX-R00948,3226,USD,2023-10-21T07:41:26-04:00,NDX/SRC/allocations/01733,PG
AL000701,EV001735,NDX-R00949,22129,USD,2023-03-15T18:33:21-04:00,NDX/SRC/allocations/01735,PG
AL000702,EV001737,NDX-R00950,2500,USD,2022-08-08T09:06:00-04:00,NDX/SRC/allocations/01737,PG
AL000703,EV001739,NDX-R00951,8512,USD,2022-12-02T19:10:33-05:00,NDX/SRC/allocations/01739,PG
AL000704,EV001741,NDX-R00952,47436,USD,2022-07-27T17:58:07-04:00,NDX/SRC/allocations/01741,PG
AL000705,EV001743,NDX-R00953,3699,USD,2023-09-25T13:34:09-04:00,NDX/SRC/allocations/01743,PG
AL000706,EV001745,NDX-R00954,8510,USD,2023-09-22T13:25:03-04:00,NDX/SRC/allocations/01745,PG
AL000707,EV001747,NDX-R00955,15775,USD,2022-10-04T16:58:25-04:00,NDX/SRC/allocations/01747,PG
AL000708,EV001751,NDX-R00957,10764,USD,2022-08-04T16:29:49-04:00,NDX/SRC/allocations/01751,PG
AL000709,EV001757,NDX-R00960,31242,USD,2023-04-02T01:10:23-04:00,NDX/SRC/allocations/01757,PG
AL000710,EV001759,NDX-R00961,10365,USD,2023-07-17T13:06:23-04:00,NDX/SRC/allocations/01759,PG
AL000711,EV001761,NDX-R00962,8360,USD,2023-02-27T13:26:42-05:00,NDX/SRC/allocations/01761,PG
AL000712,EV001763,NDX-R00963,39510,USD,2022-10-26T12:32:41-04:00,NDX/SRC/allocations/01763,PG
AL000713,EV001765,NDX-R00964,115351,USD,2022-09-08T22:24:01-04:00,NDX/SRC/allocations/01765,PG
AL000714,EV001767,NDX-R00965,5796,USD,2023-09-27T09:17:00-04:00,NDX/SRC/allocations/01767,PG
AL000715,EV001769,NDX-R00966,15973,USD,2022-10-14T21:04:42-04:00,NDX/SRC/allocations/01769,PG
AL000716,EV001774,NDX-R00969,9235,USD,2022-11-26T09:58:11-05:00,NDX/SRC/allocations/01774,PG
AL000717,EV001776,NDX-R00970,12811,USD,2022-10-10T14:48:51-04:00,NDX/SRC/allocations/01776,PG
AL000718,EV001779,NDX-R00971,15950,USD,2023-08-07T10:29:07-04:00,NDX/SRC/allocations/01779,PG
AL000719,EV001781,NDX-R00972,30792,USD,2023-10-17T19:59:13-04:00,NDX/SRC/allocations/01781,PG
AL000720,EV001783,NDX-R00973,60003,USD,2023-01-31T22:05:03-05:00,NDX/SRC/allocations/01783,PG
AL000721,EV001786,NDX-R00975,17877,USD,2023-05-07T05:10:07-04:00,NDX/SRC/allocations/01786,PG
AL000722,EV001788,NDX-R00976,16892,USD,2023-04-06T07:33:00-04:00,NDX/SRC/allocations/01788,PG
AL000723,EV001790,NDX-R00977,16703,USD,2022-08-09T17:12:21-04:00,NDX/SRC/allocations/01790,PG
AL000724,EV001792,NDX-R00978,5423,USD,2023-05-26T16:10:01-04:00,NDX/SRC/allocations/01793,PG
AL000725,EV001792,NDX-R00979,4745,USD,2023-05-26T20:39:34-04:00,NDX/SRC/allocations/01793,PG
AL000726,EV001795,NDX-R00980,15629,USD,2023-07-25T14:43:39-04:00,NDX/SRC/allocations/01795,PG
AL000727,EV001797,NDX-R00981,8316,USD,2023-06-30T14:41:22-04:00,NDX/SRC/allocations/01797,PG
AL000728,EV001799,NDX-R00982,14936,USD,2023-01-13T16:23:38-05:00,NDX/SRC/allocations/01799,PG
AL000729,EV001801,NDX-R00983,12331,USD,2023-08-10T09:01:46-04:00,NDX/SRC/allocations/01801,PG
AL000730,EV001803,NDX-R00984,84355,USD,2022-10-23T01:56:48-04:00,NDX/SRC/allocations/01803,PG
AL000731,EV001808,NDX-R00987,2948,USD,2022-10-08T07:18:45-04:00,NDX/SRC/allocations/01808,PG
AL000732,EV001810,NDX-R00988,4244,USD,2023-03-20T17:15:19-04:00,NDX/SRC/allocations/01810,PG
AL000733,EV001814,NDX-R00990,8383,USD,2023-06-13T22:35:02-04:00,NDX/SRC/allocations/01814,PG
AL000734,EV001816,NDX-R00991,8192,USD,2023-07-18T14:22:25-04:00,NDX/SRC/allocations/01816,PG
AL000735,EV001819,NDX-R00993,3581,USD,2023-06-26T11:21:48-04:00,NDX/SRC/allocations/01819,PG
AL000736,EV001821,NDX-R00994,3309,USD,2022-12-27T16:01:05-05:00,NDX/SRC/allocations/01821,PG
AL000737,EV001823,NDX-R00995,12493,USD,2022-08-19T17:41:24-04:00,NDX/SRC/allocations/01823,PG
AL000738,EV001826,NDX-R00997,39488,USD,2023-04-20T22:25:12-04:00,NDX/SRC/allocations/01826,PG
AL000739,EV001828,NDX-R00998,4518,USD,2023-04-11T23:29:46-04:00,NDX/SRC/allocations/01828,PG
AL000740,EV001830,NDX-R00999,24287,USD,2023-03-20T19:46:44-04:00,NDX/SRC/allocations/01830,PG
AL000741,EV001832,NDX-R01000,32473,USD,2023-02-15T11:55:59-05:00,NDX/SRC/allocations/01832,PG
AL000742,EV001834,NDX-R01001,43193,USD,2022-10-12T13:27:22-04:00,NDX/SRC/allocations/01834,PG
AL000743,EV001836,NDX-R01002,28157,USD,2022-11-02T17:08:10-04:00,NDX/SRC/allocations/01836,PG
AL000744,EV001838,NDX-R01003,12568,USD,2022-09-08T16:32:01-04:00,NDX/SRC/allocations/01838,PG
AL000745,EV001840,NDX-R01004,5813,USD,2022-12-17T20:08:15-05:00,NDX/SRC/allocations/01840,PG
AL000746,EV001842,NDX-R01005,6914,USD,2023-09-18T19:07:43-04:00,NDX/SRC/allocations/01842,PG
AL000747,EV001844,NDX-R01006,5602,USD,2023-04-21T19:16:26-04:00,NDX/SRC/allocations/01844,PG
AL000748,EV001848,NDX-R01008,6878,USD,2023-02-25T12:11:03-05:00,NDX/SRC/allocations/01848,PG
AL000749,EV001852,NDX-R01010,40364,USD,2022-12-27T00:35:02-05:00,NDX/SRC/allocations/01852,PG
AL000750,EV001854,NDX-R01011,17380,USD,2023-02-20T17:46:41-05:00,NDX/SRC/allocations/01854,PG
AL000751,EV001858,NDX-R01013,5940,USD,2022-09-12T12:41:00-04:00,NDX/SRC/allocations/01858,PG
AL000752,EV001860,NDX-R01014,88749,USD,2023-02-27T20:41:55-05:00,NDX/SRC/allocations/01860,PG
AL000753,EV001862,NDX-R01015,67395,USD,2022-12-19T17:22:29-05:00,NDX/SRC/allocations/01862,PG
AL000754,EV001865,NDX-R01017,38563,USD,2022-09-26T10:24:41-04:00,NDX/SRC/allocations/01865,PG
AL000755,EV001870,NDX-R01020,10733,USD,2023-01-18T05:39:31-05:00,NDX/SRC/allocations/01870,PG
AL000756,EV001874,NDX-R01023,7972,USD,2023-10-17T17:44:41-04:00,NDX/SRC/allocations/01874,PG
AL000757,EV001876,NDX-R01024,141637,USD,2023-07-19T20:00:02-04:00,NDX/SRC/allocations/01876,PG
AL000758,EV001879,NDX-R01026,8543,USD,2023-06-13T08:31:42-04:00,NDX/SRC/allocations/01879,PG
AL000759,EV001883,NDX-R01028,22779,USD,2023-08-10T11:36:59-04:00,NDX/SRC/allocations/01883,PG
AL000760,EV001885,NDX-R01029,6851,USD,2023-07-28T16:10:02-04:00,NDX/SRC/allocations/01885,PG
AL000761,EV001889,NDX-R01031,105796,USD,2022-10-28T04:28:47-04:00,NDX/SRC/allocations/01889,PG
AL000762,EV001891,NDX-R01032,9389,USD,2023-10-02T17:28:52-04:00,NDX/SRC/allocations/01891,PG
AL000763,EV001897,NDX-R01036,2184,USD,2023-06-19T10:32:24-04:00,NDX/SRC/allocations/01897,PG
AL000764,EV001899,NDX-R01037,5585,USD,2023-07-07T20:56:45-04:00,NDX/SRC/allocations/01899,PG
AL000765,EV001901,NDX-R01038,11939,USD,2023-04-07T20:13:07-04:00,NDX/SRC/allocations/01901,PG
AL000766,EV001903,NDX-R01039,5709,USD,2022-08-29T17:00:34-04:00,NDX/SRC/allocations/01903,PG
AL000767,EV001909,NDX-R01042,9429,USD,2022-12-20T01:32:15-05:00,NDX/SRC/allocations/01909,PG
AL000768,EV001912,NDX-R01044,5843,USD,2022-09-07T23:32:10-04:00,NDX/SRC/allocations/01913,PG
AL000769,EV001912,NDX-R01045,5735,USD,2022-09-08T14:21:37-04:00,NDX/SRC/allocations/01913,PG
AL000770,EV001915,NDX-R01046,3219,USD,2022-07-12T10:24:16-04:00,NDX/SRC/allocations/01915,PG
AL000771,EV001917,NDX-R01047,9506,USD,2023-09-15T21:26:01-04:00,NDX/SRC/allocations/01917,PG
AL000772,EV001921,NDX-R01050,8773,USD,2023-04-11T16:50:04-04:00,NDX/SRC/allocations/01921,PG
AL000773,EV001924,NDX-R01052,4515,USD,2023-09-07T21:25:59-04:00,NDX/SRC/allocations/01924,PG
AL000774,EV001927,NDX-R01053,127509,USD,2023-10-06T23:09:38-04:00,NDX/SRC/allocations/01927,PG
AL000775,EV001932,NDX-R01056,9550,USD,2023-10-24T22:52:03-04:00,NDX/SRC/allocations/01932,PG
AL000776,EV001934,NDX-R01057,17573,USD,2022-10-31T17:33:32-04:00,NDX/SRC/allocations/01934,PG
AL000777,EV001937,NDX-R01059,63267,USD,2022-08-26T08:19:43-04:00,NDX/SRC/allocations/01937,PG
AL000778,EV001939,NDX-R01060,60455,USD,2022-08-04T11:48:34-04:00,NDX/SRC/allocations/01939,PG
AL000779,EV001943,NDX-R01062,170958,USD,2022-10-06T14:56:25-04:00,NDX/SRC/allocations/01943,PG
AL000780,EV001945,NDX-R01063,13855,USD,2023-04-05T01:23:32-04:00,NDX/SRC/allocations/01945,PG
AL000781,EV001947,NDX-R01064,20823,USD,2022-12-01T15:46:08-05:00,NDX/SRC/allocations/01947,PG
AL000782,EV001949,NDX-R01065,12160,USD,2022-07-25T20:16:23-04:00,NDX/SRC/allocations/01949,PG
AL000783,EV001951,NDX-R01066,13217,USD,2022-10-11T23:36:00-04:00,NDX/SRC/allocations/01951,PG
AL000784,EV001953,NDX-R01067,7126,USD,2023-08-08T12:45:42-04:00,NDX/SRC/allocations/01953,PG
AL000785,EV001956,NDX-R01069,4892,USD,2022-12-29T11:32:47-05:00,NDX/SRC/allocations/01956,PG
AL000786,EV001958,NDX-R01070,37535,USD,2022-10-21T23:47:51-04:00,NDX/SRC/allocations/01958,PG
AL000787,EV001960,NDX-R01071,47044,USD,2023-09-28T14:01:13-04:00,NDX/SRC/allocations/01960,PG
AL000788,EV001963,NDX-R01073,12524,USD,2023-10-20T23:01:58-04:00,NDX/SRC/allocations/01963,PG
AL000789,EV001966,NDX-R01075,6809,USD,2022-12-31T00:12:53-05:00,NDX/SRC/allocations/01967,PG
AL000790,EV001966,NDX-R01076,7511,USD,2022-12-19T18:21:06-05:00,NDX/SRC/allocations/01967,PG
AL000791,EV001969,NDX-R01077,7478,USD,2022-12-12T12:05:00-05:00,NDX/SRC/allocations/01969,PG
AL000792,EV001971,NDX-R01078,7191,USD,2022-11-25T12:03:08-05:00,NDX/SRC/allocations/01971,PG
AL000793,EV001973,NDX-R01079,13172,USD,2023-08-02T06:25:02-04:00,NDX/SRC/allocations/01973,PG
AL000794,EV001978,NDX-R01082,17911,USD,2023-05-18T19:31:37-04:00,NDX/SRC/allocations/01978,PG
AL000795,EV001982,NDX-R01084,6745,USD,2023-02-08T13:49:06-05:00,NDX/SRC/allocations/01982,PG
AL000796,EV001984,NDX-R01085,48005,USD,2022-12-30T10:34:13-05:00,NDX/SRC/allocations/01984,PG
AL000797,EV001987,NDX-R01087,22367,USD,2023-09-07T17:56:19-04:00,NDX/SRC/allocations/01987,PG
AL000798,EV001992,NDX-R01090,11692,USD,2023-08-29T15:55:29-04:00,NDX/SRC/allocations/01992,PG
AL000799,EV001994,NDX-R01091,19325,USD,2023-06-23T17:07:32-04:00,NDX/SRC/allocations/01994,PG
AL000800,EV001996,NDX-R01092,7047,USD,2022-11-22T07:02:36-05:00,NDX/SRC/allocations/01996,PG
AL000801,EV002000,NDX-R01094,24300,USD,2023-05-31T16:16:34-04:00,NDX/SRC/allocations/02000,PG
AL000802,EV002005,NDX-R01097,5130,USD,2023-03-27T16:29:54-04:00,NDX/SRC/allocations/02005,PG
AL000803,EV002007,NDX-R01098,3473,USD,2023-08-10T08:49:42-04:00,NDX/SRC/allocations/02007,PG
AL000804,EV002013,NDX-R01101,63673,USD,2023-03-07T14:05:35-05:00,NDX/SRC/allocations/02013,PG
AL000805,EV002019,NDX-R01105,155382,USD,2023-04-26T11:18:39-04:00,NDX/SRC/allocations/02019,PG
AL000806,EV002021,NDX-R01106,24599,USD,2023-02-02T16:19:08-05:00,NDX/SRC/allocations/02021,PG
AL000807,EV002023,NDX-R01107,4736,USD,2023-08-07T13:57:54-04:00,NDX/SRC/allocations/02023,PG
AL000808,EV002025,NDX-R01108,7648,USD,2022-10-24T10:35:08-04:00,NDX/SRC/allocations/02026,PG
AL000809,EV002025,NDX-R01109,9048,USD,2022-10-24T15:09:46-04:00,NDX/SRC/allocations/02026,PG
AL000810,EV002028,NDX-R01110,95169,USD,2023-03-06T16:44:16-05:00,NDX/SRC/allocations/02028,PG
AL000811,EV002031,NDX-R01112,34869,USD,2023-07-17T18:38:24-04:00,NDX/SRC/allocations/02031,PG
AL000812,EV002033,NDX-R01113,2421,USD,2022-08-15T16:59:48-04:00,NDX/SRC/allocations/02033,PG
AL000813,EV002035,NDX-R01114,109731,USD,2023-10-20T16:19:43-04:00,NDX/SRC/allocations/02035,PG
AL000814,EV002038,NDX-R01116,5732,USD,2023-09-11T22:59:36-04:00,NDX/SRC/allocations/02038,PG
AL000815,EV002040,NDX-R01117,18335,USD,2023-04-15T18:20:57-04:00,NDX/SRC/allocations/02040,PG
AL000816,EV002042,NDX-R01118,27386,USD,2023-11-13T09:52:47-05:00,NDX/SRC/allocations/02042,PG
AL000817,EV002044,NDX-R01119,6277,USD,2023-07-20T21:43:45-04:00,NDX/SRC/allocations/02044,PG
AL000818,EV002048,NDX-R01121,10659,USD,2022-12-09T14:45:01-05:00,NDX/SRC/allocations/02048,PG
AL000819,EV002052,NDX-R01123,2296,USD,2023-06-14T08:37:42-04:00,NDX/SRC/allocations/02052,PG
AL000820,EV002054,NDX-R01124,10931,USD,2023-08-14T12:43:59-04:00,NDX/SRC/allocations/02054,PG
AL000821,EV002056,NDX-R01125,9609,USD,2022-11-28T18:40:06-05:00,NDX/SRC/allocations/02056,PG
AL000822,EV002058,NDX-R01126,160020,USD,2022-12-27T07:31:03-05:00,NDX/SRC/allocations/02058,PG
AL000823,EV002060,NDX-R01127,21894,USD,2022-10-25T11:43:58-04:00,NDX/SRC/allocations/02060,PG
AL000824,EV002062,NDX-R01128,17488,USD,2023-04-17T20:13:39-04:00,NDX/SRC/allocations/02063,PG
AL000825,EV002062,NDX-R01129,11583,USD,2023-04-27T23:11:05-04:00,NDX/SRC/allocations/02063,PG
AL000826,EV002066,NDX-R01131,8853,USD,2022-11-12T02:30:50-05:00,NDX/SRC/allocations/02066,PG
AL000827,EV002068,NDX-R01132,10219,USD,2023-03-27T18:04:47-04:00,NDX/SRC/allocations/02068,PG
AL000828,EV002070,NDX-R01133,25241,USD,2022-09-29T18:25:31-04:00,NDX/SRC/allocations/02070,PG
AL000829,EV002076,NDX-R01137,3226,USD,2022-12-06T02:49:59-05:00,NDX/SRC/allocations/02076,PG
AL000830,EV002078,NDX-R01138,4920,USD,2023-01-01T05:45:20-05:00,NDX/SRC/allocations/02078,PG
AL000831,EV002080,NDX-R01139,5104,USD,2023-09-29T10:39:16-04:00,NDX/SRC/allocations/02080,PG
AL000832,EV002083,NDX-R01141,27038,USD,2022-11-14T17:49:34-05:00,NDX/SRC/allocations/02083,PG
AL000833,EV002085,NDX-R01142,58563,USD,2023-04-24T22:16:48-04:00,NDX/SRC/allocations/02085,PG
AL000834,EV002087,NDX-R01143,23596,USD,2023-05-22T15:44:37-04:00,NDX/SRC/allocations/02087,PG
AL000835,EV002089,NDX-R01144,10088,USD,2022-08-15T15:36:42-04:00,NDX/SRC/allocations/02089,PG
AL000836,EV002091,NDX-R01145,7982,USD,2022-10-20T12:49:24-04:00,NDX/SRC/allocations/02091,PG
AL000837,EV002093,NDX-R01146,10901,USD,2023-07-30T18:07:18-04:00,NDX/SRC/allocations/02093,PG
AL000838,EV002097,NDX-R01148,4506,USD,2023-03-20T20:40:51-04:00,NDX/SRC/allocations/02097,PG
AL000839,EV002101,NDX-R01150,19611,USD,2023-10-24T05:27:07-04:00,NDX/SRC/allocations/02101,PG
AL000840,EV002103,NDX-R01151,2800,USD,2023-07-18T20:53:01-04:00,NDX/SRC/allocations/02103,PG
AL000841,EV002105,NDX-R01152,14805,USD,2022-11-25T06:54:09-05:00,NDX/SRC/allocations/02106,PG
AL000842,EV002105,NDX-R01153,6924,USD,2022-11-24T23:43:45-05:00,NDX/SRC/allocations/02106,PG
AL000843,EV002111,NDX-R01156,5867,USD,2022-11-28T13:38:40-05:00,NDX/SRC/allocations/02111,PG
AL000844,EV002113,NDX-R01157,59442,USD,2023-06-13T10:12:04-04:00,NDX/SRC/allocations/02113,PG
AL000845,EV002115,NDX-R01158,5598,USD,2023-09-28T17:36:16-04:00,NDX/SRC/allocations/02115,PG
AL000846,EV002118,NDX-R01160,7285,USD,2023-04-28T23:49:49-04:00,NDX/SRC/allocations/02118,PG
