allocation_id,payment_event_id,bill_record_id,allocated_amount_minor,currency,available_at,source_ref
AL000001,EV000002,CPL-R00001,17521,USD,2022-08-18T15:02:17-05:00,CPL/demo/allocations/00002
AL000002,EV000004,CPL-R00002,13320,USD,2023-07-18T15:10:29-05:00,CPL/demo/allocations/00004
AL000003,EV000007,CPL-R00004,19217,USD,2023-06-28T12:18:00-05:00,CPL/demo/allocations/00007
AL000004,EV000009,CPL-R00005,20106,USD,2023-07-20T14:23:29-05:00,CPL/demo/allocations/00009
AL000005,EV000011,CPL-R00006,11958,USD,2022-08-08T22:11:50-05:00,CPL/demo/allocations/00011
AL000006,EV000015,CPL-R00008,8036,USD,2023-03-31T18:38:31-05:00,CPL/demo/allocations/00015
AL000007,EV000017,CPL-R00009,5411,USD,2023-10-02T13:25:00-05:00,CPL/demo/allocations/00017
AL000008,EV000024,CPL-R00013,5004,USD,2023-10-23T17:55:39-05:00,CPL/demo/allocations/00024
AL000009,EV000026,CPL-R00014,12124,USD,2022-11-18T11:20:10-06:00,CPL/demo/allocations/00026
AL000010,EV000029,CPL-R00016,7726,USD,2022-10-03T12:39:20-05:00,CPL/demo/allocations/00029
AL000011,EV000031,CPL-R00017,13092,USD,2022-08-29T21:53:09-05:00,CPL/demo/allocations/00031
AL000012,EV000033,CPL-R00018,11939,USD,2022-10-21T22:06:35-05:00,CPL/demo/allocations/00033
AL000013,EV000035,CPL-R00019,10456,USD,2023-02-24T00:48:37-06:00,CPL/demo/allocations/00035
AL000014,EV000039,CPL-R00022,6559,USD,2022-12-30T03:53:52-06:00,CPL/demo/allocations/00039
AL000015,EV000041,CPL-R00023,9072,USD,2023-07-04T15:33:12-05:00,CPL/demo/allocations/00041
AL000016,EV000043,CPL-R00024,10731,USD,2023-10-06T19:37:01-05:00,CPL/demo/allocations/00043
AL000017,EV000045,CPL-R00025,27610,USD,2022-07-21T22:20:24-05:00,CPL/demo/allocations/00045
AL000018,EV000050,CPL-R00028,37472,USD,2023-03-16T01:07:48-05:00,CPL/demo/allocations/00050
AL000019,EV000054,CPL-R00031,59848,USD,2023-08-01T17:05:58-05:00,CPL/demo/allocations/00054
AL000020,EV000056,CPL-R00032,5056,USD,2023-07-26T08:31:03-05:00,CPL/demo/allocations/00056
AL000021,EV000058,CPL-R00033,18704,USD,2023-04-06T14:53:46-05:00,CPL/demo/allocations/00058
AL000022,EV000060,CPL-R00034,36864,USD,2023-09-14T05:51:17-05:00,CPL/demo/allocations/00060
AL000023,EV000064,CPL-R00036,13410,USD,2022-12-13T18:58:11-06:00,CPL/demo/allocations/00065
AL000024,EV000064,CPL-R00037,8294,USD,2022-12-12T22:16:09-06:00,CPL/demo/allocations/00065
AL000025,EV000068,CPL-R00039,2848,USD,2023-09-21T14:31:51-05:00,CPL/demo/allocations/00068
AL000026,EV000070,CPL-R00040,4953,USD,2023-09-06T21:42:47-05:00,CPL/demo/allocations/00071
AL000027,EV000070,CPL-R00041,3614,USD,2023-09-04T10:31:53-05:00,CPL/demo/allocations/00071
AL000028,EV000077,CPL-R00044,15119,USD,2022-12-06T18:51:23-06:00,CPL/demo/allocations/00077
AL000029,EV000081,CPL-R00047,91583,USD,2023-07-17T21:29:33-05:00,CPL/demo/allocations/00081
AL000030,EV000083,CPL-R00048,20133,USD,2023-05-05T09:30:37-05:00,CPL/demo/allocations/00083
AL000031,EV000085,CPL-R00049,11012,USD,2023-02-20T23:52:29-06:00,CPL/demo/allocations/00085
AL000032,EV000087,CPL-R00050,8452,USD,2023-01-19T12:28:53-06:00,CPL/demo/allocations/00088
AL000033,EV000087,CPL-R00051,6458,USD,2023-01-22T17:21:38-06:00,CPL/demo/allocations/00088
AL000034,EV000092,CPL-R00053,13485,USD,2022-10-26T23:39:24-05:00,CPL/demo/allocations/00092
AL000035,EV000094,CPL-R00054,18312,USD,2023-07-27T20:47:00-05:00,CPL/demo/allocations/00094
AL000036,EV000096,CPL-R00055,15058,USD,2023-08-04T06:14:11-05:00,CPL/demo/allocations/00096
AL000037,EV000098,CPL-R00056,22887,USD,2022-10-15T06:34:33-05:00,CPL/demo/allocations/00098
AL000038,EV000100,CPL-R00057,11493,USD,2023-01-24T16:43:07-06:00,CPL/demo/allocations/00100
AL000039,EV000102,CPL-R00058,16246,USD,2023-02-16T17:04:35-06:00,CPL/demo/allocations/00102
AL000040,EV000105,CPL-R00060,9561,USD,2022-08-23T21:58:48-05:00,CPL/demo/allocations/00105
AL000041,EV000107,CPL-R00061,26519,USD,2022-12-19T17:12:38-06:00,CPL/demo/allocations/00107
AL000042,EV000113,CPL-R00065,9049,USD,2023-06-26T15:47:01-05:00,CPL/demo/allocations/00113
AL000043,EV000116,CPL-R00066,14090,USD,2023-05-15T16:47:33-05:00,CPL/demo/allocations/00116
AL000044,EV000118,CPL-R00067,16355,USD,2023-01-03T16:46:26-06:00,CPL/demo/allocations/00118
AL000045,EV000123,CPL-R00070,3442,USD,2023-07-27T23:10:03-05:00,CPL/demo/allocations/00123
AL000046,EV000125,CPL-R00071,27743,USD,2022-08-26T02:01:23-05:00,CPL/demo/allocations/00125
AL000047,EV000127,CPL-R00072,9306,USD,2022-10-15T07:19:57-05:00,CPL/demo/allocations/00127
AL000048,EV000129,CPL-R00073,17702,USD,2023-03-03T16:10:01-06:00,CPL/demo/allocations/00129
AL000049,EV000133,CPL-R00075,3605,USD,2022-10-25T18:51:59-05:00,CPL/demo/allocations/00133
AL000050,EV000135,CPL-R00076,3531,USD,2023-02-06T09:57:00-06:00,CPL/demo/allocations/00136
AL000051,EV000135,CPL-R00077,2876,USD,2023-02-07T14:02:16-06:00,CPL/demo/allocations/00136
AL000052,EV000138,CPL-R00078,6403,USD,2022-07-29T17:47:35-05:00,CPL/demo/allocations/00138
AL000053,EV000140,CPL-R00079,78367,USD,2023-04-24T17:27:42-05:00,CPL/demo/allocations/00140
AL000054,EV000142,CPL-R00080,39561,USD,2023-03-12T07:48:25-05:00,CPL/demo/allocations/00142
AL000055,EV000144,CPL-R00081,77734,USD,2023-05-15T18:01:22-05:00,CPL/demo/allocations/00144
AL000056,EV000146,CPL-R00082,11877,USD,2023-04-01T10:19:57-05:00,CPL/demo/allocations/00146
AL000057,EV000148,CPL-R00083,23001,USD,2023-06-19T17:34:13-05:00,CPL/demo/allocations/00148
AL000058,EV000150,CPL-R00084,12480,USD,2023-02-03T17:00:36-06:00,CPL/demo/allocations/00150
AL000059,EV000152,CPL-R00085,5261,USD,2022-10-03T13:21:02-05:00,CPL/demo/allocations/00152
AL000060,EV000154,CPL-R00086,2695,USD,2023-02-21T10:18:06-06:00,CPL/demo/allocations/00154
AL000061,EV000156,CPL-R00087,4011,USD,2022-10-19T23:00:57-05:00,CPL/demo/allocations/00156
AL000062,EV000158,CPL-R00088,39371,USD,2022-12-21T18:10:43-06:00,CPL/demo/allocations/00158
AL000063,EV000160,CPL-R00089,11487,USD,2023-05-13T02:53:28-05:00,CPL/demo/allocations/00160
AL000064,EV000162,CPL-R00090,13916,USD,2022-10-12T17:27:21-05:00,CPL/demo/allocations/00162
AL000065,EV000166,CPL-R00092,4000,USD,2022-12-10T15:21:14-06:00,CPL/demo/allocations/00167
AL000066,EV000166,CPL-R00093,3818,USD,2022-12-18T07:14:20-06:00,CPL/demo/allocations/00167
AL000067,EV000169,CPL-R00094,4630,USD,2023-03-13T19:09:03-05:00,CPL/demo/allocations/00169
AL000068,EV000173,CPL-R00096,14050,USD,2023-06-01T23:05:10-05:00,CPL/demo/allocations/00173
AL000069,EV000175,CPL-R00097,12282,USD,2022-08-24T01:40:16-05:00,CPL/demo/allocations/00175
AL000070,EV000177,CPL-R00098,4441,USD,2022-11-07T19:27:52-06:00,CPL/demo/allocations/00177
AL000071,EV000179,CPL-R00099,44257,USD,2023-07-06T05:52:33-05:00,CPL/demo/allocations/00179
AL000072,EV000182,CPL-R00101,6653,USD,2022-11-04T18:03:04-05:00,CPL/demo/allocations/00182
AL000073,EV000184,CPL-R00102,11115,USD,2023-10-28T19:49:23-05:00,CPL/demo/allocations/00184
AL000074,EV000186,CPL-R00103,4922,USD,2023-03-09T16:41:19-06:00,CPL/demo/allocations/00186
AL000075,EV000188,CPL-R00104,7672,USD,2022-11-28T11:27:22-06:00,CPL/demo/allocations/00188
AL000076,EV000190,CPL-R00105,68883,USD,2022-12-16T21:17:37-06:00,CPL/demo/allocations/00190
AL000077,EV000195,CPL-R00107,1515,USD,2022-09-09T17:13:18-05:00,CPL/demo/allocations/00196
AL000078,EV000195,CPL-R00108,1431,USD,2022-09-06T20:08:51-05:00,CPL/demo/allocations/00196
AL000079,EV000200,CPL-R00110,7203,USD,2023-05-23T08:54:59-05:00,CPL/demo/allocations/00200
AL000080,EV000202,CPL-R00111,8036,USD,2022-08-06T19:26:51-05:00,CPL/demo/allocations/00202
AL000081,EV000206,CPL-R00113,3877,USD,2023-08-09T03:29:16-05:00,CPL/demo/allocations/00207
AL000082,EV000206,CPL-R00114,3362,USD,2023-08-09T08:57:15-05:00,CPL/demo/allocations/00207
AL000083,EV000209,CPL-R00115,11564,USD,2022-09-07T17:47:41-05:00,CPL/demo/allocations/00209
AL000084,EV000211,CPL-R00116,1707,USD,2022-12-16T06:33:04-06:00,CPL/demo/allocations/00212
AL000085,EV000211,CPL-R00117,1898,USD,2022-12-05T18:26:47-06:00,CPL/demo/allocations/00212
AL000086,EV000214,CPL-R00118,13668,USD,2023-10-10T17:58:32-05:00,CPL/demo/allocations/00214
AL000087,EV000216,CPL-R00119,29758,USD,2023-03-10T20:02:28-06:00,CPL/demo/allocations/00216
AL000088,EV000218,CPL-R00120,3763,USD,2022-12-20T22:23:46-06:00,CPL/demo/allocations/00218
AL000089,EV000220,CPL-R00121,7230,USD,2023-08-21T15:05:35-05:00,CPL/demo/allocations/00220
AL000090,EV000222,CPL-R00122,2255,USD,2023-03-29T16:54:00-05:00,CPL/demo/allocations/00222
AL000091,EV000224,CPL-R00123,3067,USD,2023-04-03T10:48:41-05:00,CPL/demo/allocations/00224
AL000092,EV000228,CPL-R00125,36736,USD,2022-08-01T17:31:10-05:00,CPL/demo/allocations/00228
AL000093,EV000230,CPL-R00126,3413,USD,2022-08-26T12:44:06-05:00,CPL/demo/allocations/00230
AL000094,EV000234,CPL-R00128,16260,USD,2023-01-06T15:19:47-06:00,CPL/demo/allocations/00234
AL000095,EV000237,CPL-R00130,2014,USD,2023-01-24T02:34:37-06:00,CPL/demo/allocations/00237
AL000096,EV000240,CPL-R00132,4375,USD,2023-06-19T20:48:43-05:00,CPL/demo/allocations/00240
AL000097,EV000242,CPL-R00133,6194,USD,2022-12-05T18:52:44-06:00,CPL/demo/allocations/00242
AL000098,EV000245,CPL-R00135,27835,USD,2023-09-26T15:50:40-05:00,CPL/demo/allocations/00246
AL000099,EV000245,CPL-R00136,22725,USD,2023-09-20T16:19:16-05:00,CPL/demo/allocations/00246
AL000100,EV000249,CPL-R00138,8823,USD,2023-03-01T03:33:04-06:00,CPL/demo/allocations/00249
AL000101,EV000251,CPL-R00139,6791,USD,2023-04-13T15:15:46-05:00,CPL/demo/allocations/00251
AL000102,EV000253,CPL-R00140,8575,USD,2022-12-08T11:48:49-06:00,CPL/demo/allocations/00254
AL000103,EV000253,CPL-R00141,10210,USD,2022-12-08T14:18:52-06:00,CPL/demo/allocations/00254
AL000104,EV000256,CPL-R00142,4214,USD,2023-06-28T08:54:10-05:00,CPL/demo/allocations/00256
AL000105,EV000258,CPL-R00143,18238,USD,2022-10-08T00:20:07-05:00,CPL/demo/allocations/00258
AL000106,EV000260,CPL-R00144,16357,USD,2022-11-18T06:30:26-06:00,CPL/demo/allocations/00260
AL000107,EV000262,CPL-R00145,23242,USD,2023-09-07T11:59:58-05:00,CPL/demo/allocations/00262
AL000108,EV000264,CPL-R00146,61626,USD,2022-11-16T18:59:41-06:00,CPL/demo/allocations/00264
AL000109,EV000266,CPL-R00147,12015,USD,2023-03-13T19:34:23-05:00,CPL/demo/allocations/00266
AL000110,EV000268,CPL-R00148,3662,USD,2023-01-30T21:21:14-06:00,CPL/demo/allocations/00268
AL000111,EV000270,CPL-R00149,3584,USD,2023-01-31T23:03:26-06:00,CPL/demo/allocations/00270
AL000112,EV000272,CPL-R00150,21001,USD,2022-09-11T05:18:34-05:00,CPL/demo/allocations/00272
AL000113,EV000274,CPL-R00151,8319,USD,2022-11-15T16:48:01-06:00,CPL/demo/allocations/00274
AL000114,EV000278,CPL-R00153,4642,USD,2023-05-19T14:24:17-05:00,CPL/demo/allocations/00278
AL000115,EV000280,CPL-R00154,8402,USD,2022-09-02T14:33:38-05:00,CPL/demo/allocations/00280
AL000116,EV000282,CPL-R00155,8505,USD,2023-06-25T08:29:23-05:00,CPL/demo/allocations/00282
AL000117,EV000284,CPL-R00156,11285,USD,2023-06-27T10:28:06-05:00,CPL/demo/allocations/00284
AL000118,EV000287,CPL-R00158,51927,USD,2023-01-12T10:55:57-06:00,CPL/demo/allocations/00287
AL000119,EV000292,CPL-R00160,46710,USD,2023-05-15T07:16:47-05:00,CPL/demo/allocations/00292
AL000120,EV000294,CPL-R00161,88901,USD,2023-06-21T20:22:57-05:00,CPL/demo/allocations/00294
AL000121,EV000296,CPL-R00162,7364,USD,2023-07-31T19:38:29-05:00,CPL/demo/allocations/00297
AL000122,EV000296,CPL-R00163,8209,USD,2023-08-03T11:05:29-05:00,CPL/demo/allocations/00297
AL000123,EV000299,CPL-R00164,14766,USD,2023-01-13T05:41:01-06:00,CPL/demo/allocations/00299
AL000124,EV000301,CPL-R00165,13891,USD,2023-07-27T21:49:57-05:00,CPL/demo/allocations/00301
AL000125,EV000303,CPL-R00166,10213,USD,2023-03-09T12:37:36-06:00,CPL/demo/allocations/00303
AL000126,EV000305,CPL-R00167,6287,USD,2022-11-07T07:03:07-06:00,CPL/demo/allocations/00305
AL000127,EV000307,CPL-R00168,13450,USD,2022-11-10T18:19:15-06:00,CPL/demo/allocations/00307
AL000128,EV000312,CPL-R00171,11371,USD,2022-12-15T16:17:43-06:00,CPL/demo/allocations/00312
AL000129,EV000314,CPL-R00172,78150,USD,2022-10-03T18:17:42-05:00,CPL/demo/allocations/00314
AL000130,EV000316,CPL-R00173,8644,USD,2023-10-09T12:10:08-05:00,CPL/demo/allocations/00316
AL000131,EV000318,CPL-R00174,4946,USD,2022-09-20T21:52:41-05:00,CPL/demo/allocations/00318
AL000132,EV000320,CPL-R00175,9972,USD,2023-07-25T03:17:58-05:00,CPL/demo/allocations/00320
AL000133,EV000322,CPL-R00176,16297,USD,2023-07-13T17:42:49-05:00,CPL/demo/allocations/00322
AL000134,EV000326,CPL-R00179,7837,USD,2023-10-27T18:42:41-05:00,CPL/demo/allocations/00326
AL000135,EV000328,CPL-R00180,25818,USD,2022-11-25T04:11:30-06:00,CPL/demo/allocations/00328
AL000136,EV000330,CPL-R00181,180890,USD,2022-10-14T21:11:53-05:00,CPL/demo/allocations/00330
AL000137,EV000333,CPL-R00183,17431,USD,2022-12-12T21:20:17-06:00,CPL/demo/allocations/00333
AL000138,EV000335,CPL-R00184,5828,USD,2023-08-23T16:19:37-05:00,CPL/demo/allocations/00336
AL000139,EV000335,CPL-R00185,3065,USD,2023-08-23T13:06:02-05:00,CPL/demo/allocations/00336
AL000140,EV000338,CPL-R00186,34939,USD,2023-10-12T05:23:10-05:00,CPL/demo/allocations/00338
AL000141,EV000340,CPL-R00187,36457,USD,2023-03-09T04:35:39-06:00,CPL/demo/allocations/00340
AL000142,EV000342,CPL-R00188,2500,USD,2023-10-06T16:34:30-05:00,CPL/demo/allocations/00342
AL000143,EV000344,CPL-R00189,28725,USD,2023-01-30T15:12:49-06:00,CPL/demo/allocations/00344
AL000144,EV000346,CPL-R00190,91373,USD,2023-01-25T15:40:06-06:00,CPL/demo/allocations/00346
AL000145,EV000348,CPL-R00191,16453,USD,2023-04-10T16:10:16-05:00,CPL/demo/allocations/00348
AL000146,EV000350,CPL-R00192,23893,USD,2023-08-04T06:02:54-05:00,CPL/demo/allocations/00350
AL000147,EV000355,CPL-R00195,8665,USD,2023-02-05T22:53:55-06:00,CPL/demo/allocations/00355
AL000148,EV000357,CPL-R00196,10091,USD,2023-05-01T19:14:52-05:00,CPL/demo/allocations/00357
AL000149,EV000359,CPL-R00197,32480,USD,2022-11-05T22:39:08-05:00,CPL/demo/allocations/00359
AL000150,EV000362,CPL-R00199,6298,USD,2022-11-23T05:24:10-06:00,CPL/demo/allocations/00362
AL000151,EV000364,CPL-R00200,16787,USD,2023-03-30T23:09:35-05:00,CPL/demo/allocations/00364
AL000152,EV000367,CPL-R00202,6855,USD,2023-07-10T12:19:52-05:00,CPL/demo/allocations/00367
AL000153,EV000370,CPL-R00204,9757,USD,2023-04-21T22:26:38-05:00,CPL/demo/allocations/00370
AL000154,EV000372,CPL-R00205,4423,USD,2022-08-25T12:10:38-05:00,CPL/demo/allocations/00372
AL000155,EV000374,CPL-R00206,25566,USD,2023-04-20T17:07:58-05:00,CPL/demo/allocations/00374
AL000156,EV000376,CPL-R00207,10316,USD,2023-09-06T14:22:49-05:00,CPL/demo/allocations/00376
AL000157,EV000381,CPL-R00210,13169,USD,2023-08-30T16:09:40-05:00,CPL/demo/allocations/00381
AL000158,EV000383,CPL-R00211,6626,USD,2022-10-24T12:18:00-05:00,CPL/demo/allocations/00384
AL000159,EV000383,CPL-R00212,4743,USD,2022-10-03T13:52:00-05:00,CPL/demo/allocations/00384
AL000160,EV000387,CPL-R00214,7987,USD,2022-12-16T09:13:29-06:00,CPL/demo/allocations/00387
AL000161,EV000391,CPL-R00216,4258,USD,2023-05-03T07:08:11-05:00,CPL/demo/allocations/00391
AL000162,EV000394,CPL-R00218,94295,USD,2023-10-26T14:42:09-05:00,CPL/demo/allocations/00394
AL000163,EV000396,CPL-R00219,12660,USD,2023-08-21T22:03:55-05:00,CPL/demo/allocations/00396
AL000164,EV000398,CPL-R00220,11211,USD,2023-10-06T16:51:43-05:00,CPL/demo/allocations/00398
AL000165,EV000401,CPL-R00222,3321,USD,2022-12-19T16:02:25-06:00,CPL/demo/allocations/00402
AL000166,EV000401,CPL-R00223,3689,USD,2022-12-20T19:43:25-06:00,CPL/demo/allocations/00402
AL000167,EV000404,CPL-R00224,40459,USD,2023-09-09T23:38:06-05:00,CPL/demo/allocations/00404
AL000168,EV000406,CPL-R00225,11954,USD,2022-08-21T22:49:26-05:00,CPL/demo/allocations/00406
AL000169,EV000408,CPL-R00226,6026,USD,2022-09-15T05:22:08-05:00,CPL/demo/allocations/00408
AL000170,EV000410,CPL-R00227,4463,USD,2023-09-30T15:17:37-05:00,CPL/demo/allocations/00410
AL000171,EV000412,CPL-R00228,15989,USD,2022-09-19T16:57:41-05:00,CPL/demo/allocations/00412
AL000172,EV000414,CPL-R00229,7996,USD,2023-07-05T11:07:15-05:00,CPL/demo/allocations/00414
AL000173,EV000416,CPL-R00230,4413,USD,2023-07-22T01:39:09-05:00,CPL/demo/allocations/00416
AL000174,EV000418,CPL-R00231,4858,USD,2023-08-30T00:19:30-05:00,CPL/demo/allocations/00418
AL000175,EV000420,CPL-R00232,4787,USD,2023-10-18T06:45:18-05:00,CPL/demo/allocations/00420
AL000176,EV000422,CPL-R00233,19661,USD,2022-08-18T08:55:49-05:00,CPL/demo/allocations/00422
AL000177,EV000425,CPL-R00235,4883,USD,2023-09-22T20:31:42-05:00,CPL/demo/allocations/00425
AL000178,EV000427,CPL-R00236,18749,USD,2023-02-27T18:24:22-06:00,CPL/demo/allocations/00427
AL000179,EV000429,CPL-R00237,4224,USD,2023-05-05T15:10:38-05:00,CPL/demo/allocations/00429
AL000180,EV000431,CPL-R00238,4402,USD,2023-01-03T16:16:07-06:00,CPL/demo/allocations/00432
AL000181,EV000431,CPL-R00239,2291,USD,2023-01-03T20:44:39-06:00,CPL/demo/allocations/00432
AL000182,EV000437,CPL-R00242,8791,USD,2023-07-04T18:13:18-05:00,CPL/demo/allocations/00437
AL000183,EV000439,CPL-R00243,3763,USD,2022-09-10T07:01:44-05:00,CPL/demo/allocations/00439
AL000184,EV000441,CPL-R00244,4671,USD,2023-06-22T07:29:07-05:00,CPL/demo/allocations/00441
AL000185,EV000444,CPL-R00246,8308,USD,2023-11-01T22:56:39-05:00,CPL/demo/allocations/00444
AL000186,EV000446,CPL-R00247,3995,USD,2023-08-23T19:41:27-05:00,CPL/demo/allocations/00446
AL000187,EV000448,CPL-R00248,17897,USD,2023-05-29T19:28:19-05:00,CPL/demo/allocations/00448
AL000188,EV000450,CPL-R00249,23550,USD,2023-07-25T13:06:37-05:00,CPL/demo/allocations/00450
AL000189,EV000455,CPL-R00252,4656,USD,2023-07-27T20:52:09-05:00,CPL/demo/allocations/00455
AL000190,EV000457,CPL-R00253,16817,USD,2022-10-13T18:53:36-05:00,CPL/demo/allocations/00457
AL000191,EV000459,CPL-R00254,40043,USD,2023-06-26T16:12:50-05:00,CPL/demo/allocations/00459
AL000192,EV000461,CPL-R00255,9923,USD,2022-11-07T10:28:11-06:00,CPL/demo/allocations/00461
AL000193,EV000465,CPL-R00257,12264,USD,2023-02-28T13:44:49-06:00,CPL/demo/allocations/00465
AL000194,EV000469,CPL-R00259,25844,USD,2023-10-05T07:14:32-05:00,CPL/demo/allocations/00469
AL000195,EV000471,CPL-R00260,4708,USD,2023-12-06T21:51:40-06:00,CPL/demo/allocations/00471
AL000196,EV000473,CPL-R00261,7903,USD,2023-11-13T13:41:44-06:00,CPL/demo/allocations/00474
AL000197,EV000473,CPL-R00262,6067,USD,2023-11-13T16:50:08-06:00,CPL/demo/allocations/00474
AL000198,EV000476,CPL-R00263,30813,USD,2023-01-11T04:32:40-06:00,CPL/demo/allocations/00476
AL000199,EV000478,CPL-R00264,35944,USD,2022-08-05T16:06:41-05:00,CPL/demo/allocations/00478
AL000200,EV000480,CPL-R00265,5526,USD,2023-09-17T13:55:37-05:00,CPL/demo/allocations/00480
AL000201,EV000482,CPL-R00266,2500,USD,2023-10-04T01:31:48-05:00,CPL/demo/allocations/00482
AL000202,EV000485,CPL-R00268,11526,USD,2023-04-12T11:01:44-05:00,CPL/demo/allocations/00485
AL000203,EV000487,CPL-R00269,170276,USD,2023-09-21T17:25:53-05:00,CPL/demo/allocations/00487
AL000204,EV000489,CPL-R00270,21251,USD,2023-04-10T14:18:36-05:00,CPL/demo/allocations/00489
AL000205,EV000493,CPL-R00272,15480,USD,2023-08-14T01:54:41-05:00,CPL/demo/allocations/00493
AL000206,EV000495,CPL-R00273,10113,USD,2022-10-20T15:24:47-05:00,CPL/demo/allocations/00496
AL000207,EV000495,CPL-R00274,8163,USD,2022-10-23T14:41:40-05:00,CPL/demo/allocations/00496
AL000208,EV000498,CPL-R00275,2652,USD,2023-09-20T16:24:05-05:00,CPL/demo/allocations/00498
AL000209,EV000500,CPL-R00276,11266,USD,2023-05-06T21:21:12-05:00,CPL/demo/allocations/00500
AL000210,EV000503,CPL-R00278,2729,USD,2023-01-09T11:42:39-06:00,CPL/demo/allocations/00503
AL000211,EV000507,CPL-R00280,7330,USD,2022-09-19T06:34:49-05:00,CPL/demo/allocations/00507
AL000212,EV000510,CPL-R00282,4196,USD,2023-02-02T15:52:43-06:00,CPL/demo/allocations/00510
AL000213,EV000514,CPL-R00285,2737,USD,2023-04-24T20:12:31-05:00,CPL/demo/allocations/00515
AL000214,EV000514,CPL-R00286,2471,USD,2023-04-30T11:11:49-05:00,CPL/demo/allocations/00515
AL000215,EV000517,CPL-R00287,6129,USD,2022-11-03T21:19:30-05:00,CPL/demo/allocations/00517
AL000216,EV000519,CPL-R00288,5321,USD,2022-07-26T13:41:36-05:00,CPL/demo/allocations/00519
AL000217,EV000522,CPL-R00290,38653,USD,2023-05-29T18:06:08-05:00,CPL/demo/allocations/00523
AL000218,EV000522,CPL-R00291,18942,USD,2023-05-30T22:03:36-05:00,CPL/demo/allocations/00523
AL000219,EV000525,CPL-R00292,39243,USD,2023-07-17T18:06:22-05:00,CPL/demo/allocations/00525
AL000220,EV000527,CPL-R00293,12719,USD,2023-01-23T16:27:00-06:00,CPL/demo/allocations/00527
AL000221,EV000529,CPL-R00294,24132,USD,2023-07-12T21:47:02-05:00,CPL/demo/allocations/00529
AL000222,EV000531,CPL-R00295,15972,USD,2023-01-25T22:25:50-06:00,CPL/demo/allocations/00531
AL000223,EV000535,CPL-R00297,74808,USD,2022-12-31T13:01:19-06:00,CPL/demo/allocations/00535
AL000224,EV000537,CPL-R00298,27502,USD,2022-11-12T07:33:52-06:00,CPL/demo/allocations/00537
AL000225,EV000539,CPL-R00299,4506,USD,2023-01-27T15:54:58-06:00,CPL/demo/allocations/00539
AL000226,EV000541,CPL-R00300,20708,USD,2023-07-20T14:25:34-05:00,CPL/demo/allocations/00541
AL000227,EV000543,CPL-R00301,8124,USD,2022-12-12T15:59:34-06:00,CPL/demo/allocations/00543
AL000228,EV000545,CPL-R00302,49818,USD,2023-04-10T14:54:17-05:00,CPL/demo/allocations/00545
AL000229,EV000548,CPL-R00304,5895,USD,2023-04-05T15:38:56-05:00,CPL/demo/allocations/00548
AL000230,EV000550,CPL-R00305,4591,USD,2023-05-04T09:54:36-05:00,CPL/demo/allocations/00550
AL000231,EV000552,CPL-R00306,7333,USD,2023-01-05T14:22:17-06:00,CPL/demo/allocations/00552
AL000232,EV000554,CPL-R00307,2055,USD,2022-11-24T15:07:46-06:00,CPL/demo/allocations/00555
AL000233,EV000554,CPL-R00308,1451,USD,2022-11-18T04:04:14-06:00,CPL/demo/allocations/00555
AL000234,EV000557,CPL-R00309,8206,USD,2023-08-07T23:43:23-05:00,CPL/demo/allocations/00558
AL000235,EV000557,CPL-R00310,4417,USD,2023-08-12T23:32:07-05:00,CPL/demo/allocations/00558
AL000236,EV000562,CPL-R00312,74994,USD,2022-12-07T01:45:21-06:00,CPL/demo/allocations/00562
AL000237,EV000564,CPL-R00313,114251,USD,2022-12-17T17:01:50-06:00,CPL/demo/allocations/00564
AL000238,EV000566,CPL-R00314,14218,USD,2023-07-31T17:30:14-05:00,CPL/demo/allocations/00566
AL000239,EV000568,CPL-R00315,6624,USD,2023-07-08T18:54:39-05:00,CPL/demo/allocations/00568
AL000240,EV000572,CPL-R00317,9812,USD,2022-08-26T14:01:27-05:00,CPL/demo/allocations/00572
AL000241,EV000576,CPL-R00319,87045,USD,2022-07-24T20:17:58-05:00,CPL/demo/allocations/00576
AL000242,EV000578,CPL-R00320,67249,USD,2023-04-07T16:52:28-05:00,CPL/demo/allocations/00578
AL000243,EV000580,CPL-R00321,8436,USD,2023-07-18T14:08:02-05:00,CPL/demo/allocations/00580
AL000244,EV000582,CPL-R00322,104459,USD,2022-11-12T08:27:55-06:00,CPL/demo/allocations/00582
AL000245,EV000584,CPL-R00323,6176,USD,2022-09-28T13:54:10-05:00,CPL/demo/allocations/00584
AL000246,EV000588,CPL-R00326,5509,USD,2023-09-28T12:29:08-05:00,CPL/demo/allocations/00588
AL000247,EV000591,CPL-R00328,22985,USD,2022-11-04T12:24:34-05:00,CPL/demo/allocations/00591
AL000248,EV000595,CPL-R00330,3669,USD,2022-08-15T12:23:47-05:00,CPL/demo/allocations/00595
AL000249,EV000598,CPL-R00332,15742,USD,2023-03-20T22:43:45-05:00,CPL/demo/allocations/00598
AL000250,EV000602,CPL-R00335,6977,USD,2022-12-05T16:36:33-06:00,CPL/demo/allocations/00602
AL000251,EV000604,CPL-R00336,8425,USD,2022-08-16T18:31:36-05:00,CPL/demo/allocations/00604
AL000252,EV000607,CPL-R00338,22165,USD,2022-09-07T22:30:24-05:00,CPL/demo/allocations/00607
AL000253,EV000609,CPL-R00339,14712,USD,2023-04-07T15:40:24-05:00,CPL/demo/allocations/00609
AL000254,EV000611,CPL-R00340,5688,USD,2022-10-22T09:32:16-05:00,CPL/demo/allocations/00611
AL000255,EV000615,CPL-R00342,12385,USD,2022-10-24T17:33:28-05:00,CPL/demo/allocations/00615
AL000256,EV000617,CPL-R00343,51300,USD,2023-02-17T21:51:42-06:00,CPL/demo/allocations/00617
AL000257,EV000619,CPL-R00344,7797,USD,2022-08-18T00:05:05-05:00,CPL/demo/allocations/00619
AL000258,EV000623,CPL-R00346,3968,USD,2023-05-26T15:45:55-05:00,CPL/demo/allocations/00623
AL000259,EV000625,CPL-R00347,3296,USD,2023-11-15T04:18:35-06:00,CPL/demo/allocations/00625
AL000260,EV000627,CPL-R00348,12208,USD,2022-09-18T19:09:53-05:00,CPL/demo/allocations/00628
AL000261,EV000627,CPL-R00349,8146,USD,2022-09-13T18:28:06-05:00,CPL/demo/allocations/00628
AL000262,EV000630,CPL-R00350,9588,USD,2022-09-07T08:20:17-05:00,CPL/demo/allocations/00630
AL000263,EV000632,CPL-R00351,25090,USD,2023-07-04T13:36:54-05:00,CPL/demo/allocations/00632
AL000264,EV000634,CPL-R00352,28287,USD,2023-02-24T02:36:48-06:00,CPL/demo/allocations/00634
AL000265,EV000638,CPL-R00354,5620,USD,2023-01-19T21:02:54-06:00,CPL/demo/allocations/00638
AL000266,EV000640,CPL-R00355,99826,USD,2023-09-01T21:25:36-05:00,CPL/demo/allocations/00640
AL000267,EV000642,CPL-R00356,12636,USD,2023-07-28T16:06:07-05:00,CPL/demo/allocations/00642
AL000268,EV000649,CPL-R00360,3949,USD,2022-10-12T13:57:11-05:00,CPL/demo/allocations/00649
AL000269,EV000651,CPL-R00361,185897,USD,2022-08-01T16:54:25-05:00,CPL/demo/allocations/00651
AL000270,EV000653,CPL-R00362,13008,USD,2023-04-26T10:06:22-05:00,CPL/demo/allocations/00654
AL000271,EV000653,CPL-R00363,6365,USD,2023-04-28T15:47:12-05:00,CPL/demo/allocations/00654
AL000272,EV000656,CPL-R00364,3570,USD,2023-09-06T12:27:39-05:00,CPL/demo/allocations/00656
AL000273,EV000658,CPL-R00365,7748,USD,2023-09-05T15:37:17-05:00,CPL/demo/allocations/00658
AL000274,EV000661,CPL-R00366,51966,USD,2023-04-12T18:01:20-05:00,CPL/demo/allocations/00661
AL000275,EV000664,CPL-R00368,20544,USD,2023-04-26T18:06:43-05:00,CPL/demo/allocations/00664
AL000276,EV000671,CPL-R00373,3741,USD,2023-04-18T12:32:58-05:00,CPL/demo/allocations/00671
AL000277,EV000673,CPL-R00374,5628,USD,2022-08-01T16:00:32-05:00,CPL/demo/allocations/00673
AL000278,EV000675,CPL-R00375,30339,USD,2023-09-16T12:27:20-05:00,CPL/demo/allocations/00675
AL000279,EV000677,CPL-R00376,18263,USD,2023-11-23T16:30:59-06:00,CPL/demo/allocations/00677
AL000280,EV000679,CPL-R00377,31744,USD,2023-09-20T09:29:12-05:00,CPL/demo/allocations/00679
AL000281,EV000681,CPL-R00378,4371,USD,2023-03-05T17:45:52-06:00,CPL/demo/allocations/00681
AL000282,EV000683,CPL-R00379,13973,USD,2022-09-19T23:38:35-05:00,CPL/demo/allocations/00683
AL000283,EV000687,CPL-R00381,5759,USD,2022-11-07T12:43:58-06:00,CPL/demo/allocations/00687
AL000284,EV000690,CPL-R00383,23176,USD,2023-03-31T17:13:08-05:00,CPL/demo/allocations/00690
AL000285,EV000692,CPL-R00384,3781,USD,2023-01-23T02:21:21-06:00,CPL/demo/allocations/00692
AL000286,EV000695,CPL-R00386,2361,USD,2022-09-29T08:45:00-05:00,CPL/demo/allocations/00696
AL000287,EV000695,CPL-R00387,1179,USD,2022-09-26T16:43:47-05:00,CPL/demo/allocations/00696
AL000288,EV000698,CPL-R00388,52416,USD,2023-04-23T09:38:37-05:00,CPL/demo/allocations/00698
AL000289,EV000701,CPL-R00390,8158,USD,2023-06-13T17:30:01-05:00,CPL/demo/allocations/00701
AL000290,EV000703,CPL-R00391,13384,USD,2023-03-15T16:28:18-05:00,CPL/demo/allocations/00703
AL000291,EV000705,CPL-R00392,18595,USD,2023-10-02T23:41:37-05:00,CPL/demo/allocations/00705
AL000292,EV000707,CPL-R00393,2020,USD,2022-10-02T11:47:10-05:00,CPL/demo/allocations/00707
AL000293,EV000713,CPL-R00396,11386,USD,2023-05-03T18:42:14-05:00,CPL/demo/allocations/00713
AL000294,EV000715,CPL-R00397,7376,USD,2022-08-31T09:08:57-05:00,CPL/demo/allocations/00715
AL000295,EV000717,CPL-R00398,9517,USD,2023-04-10T20:00:27-05:00,CPL/demo/allocations/00717
AL000296,EV000720,CPL-R00400,48844,USD,2023-07-11T23:41:43-05:00,CPL/demo/allocations/00720
AL000297,EV000723,CPL-R00402,6732,USD,2023-08-22T16:01:45-05:00,CPL/demo/allocations/00723
AL000298,EV000725,CPL-R00403,5645,USD,2022-11-11T22:50:03-06:00,CPL/demo/allocations/00725
AL000299,EV000727,CPL-R00404,22372,USD,2023-03-29T10:43:59-05:00,CPL/demo/allocations/00727
AL000300,EV000729,CPL-R00405,8814,USD,2023-09-18T14:18:35-05:00,CPL/demo/allocations/00729
AL000301,EV000731,CPL-R00406,11459,USD,2023-02-06T19:37:54-06:00,CPL/demo/allocations/00731
AL000302,EV000733,CPL-R00407,4634,USD,2023-07-09T04:38:27-05:00,CPL/demo/allocations/00733
AL000303,EV000735,CPL-R00408,38399,USD,2023-02-03T14:45:27-06:00,CPL/demo/allocations/00735
AL000304,EV000737,CPL-R00409,17934,USD,2023-07-09T13:00:45-05:00,CPL/demo/allocations/00737
AL000305,EV000739,CPL-R00410,29205,USD,2023-03-28T22:26:26-05:00,CPL/demo/allocations/00740
AL000306,EV000739,CPL-R00411,33079,USD,2023-03-28T21:59:46-05:00,CPL/demo/allocations/00740
AL000307,EV000742,CPL-R00412,15924,USD,2023-06-21T18:50:39-05:00,CPL/demo/allocations/00742
AL000308,EV000744,CPL-R00413,7592,USD,2023-02-27T20:13:49-06:00,CPL/demo/allocations/00744
AL000309,EV000746,CPL-R00414,59077,USD,2023-01-25T04:53:12-06:00,CPL/demo/allocations/00746
AL000310,EV000748,CPL-R00415,4130,USD,2023-01-04T12:47:42-06:00,CPL/demo/allocations/00748
AL000311,EV000750,CPL-R00416,56373,USD,2023-03-07T19:51:25-06:00,CPL/demo/allocations/00750
AL000312,EV000752,CPL-R00417,9014,USD,2023-05-29T23:20:36-05:00,CPL/demo/allocations/00752
AL000313,EV000756,CPL-R00419,50531,USD,2023-08-31T21:33:16-05:00,CPL/demo/allocations/00756
AL000314,EV000762,CPL-R00422,8219,USD,2023-04-25T15:01:29-05:00,CPL/demo/allocations/00762
AL000315,EV000764,CPL-R00423,6735,USD,2023-03-16T14:43:34-05:00,CPL/demo/allocations/00764
AL000316,EV000766,CPL-R00424,101702,USD,2023-06-02T18:55:41-05:00,CPL/demo/allocations/00766
AL000317,EV000768,CPL-R00425,40238,USD,2023-09-28T16:18:54-05:00,CPL/demo/allocations/00768
AL000318,EV000772,CPL-R00427,5519,USD,2023-10-16T00:17:13-05:00,CPL/demo/allocations/00772
AL000319,EV000774,CPL-R00428,253825,USD,2022-10-25T23:56:58-05:00,CPL/demo/allocations/00774
AL000320,EV000776,CPL-R00429,74582,USD,2023-07-28T21:36:49-05:00,CPL/demo/allocations/00776
AL000321,EV000778,CPL-R00430,4448,USD,2022-08-08T16:00:58-05:00,CPL/demo/allocations/00779
AL000322,EV000778,CPL-R00431,5127,USD,2022-08-10T10:11:44-05:00,CPL/demo/allocations/00779
AL000323,EV000781,CPL-R00432,77210,USD,2023-02-23T21:31:09-06:00,CPL/demo/allocations/00782
AL000324,EV000781,CPL-R00433,36046,USD,2023-02-27T12:59:47-06:00,CPL/demo/allocations/00782
AL000325,EV000784,CPL-R00434,10911,USD,2023-10-02T22:26:05-05:00,CPL/demo/allocations/00784
AL000326,EV000786,CPL-R00435,112660,USD,2023-10-02T11:04:54-05:00,CPL/demo/allocations/00786
AL000327,EV000788,CPL-R00436,21355,USD,2023-01-16T16:50:43-06:00,CPL/demo/allocations/00789
AL000328,EV000788,CPL-R00437,13564,USD,2023-01-16T13:18:55-06:00,CPL/demo/allocations/00789
AL000329,EV000791,CPL-R00438,28933,USD,2023-06-20T18:07:21-05:00,CPL/demo/allocations/00791
AL000330,EV000794,CPL-R00440,3119,USD,2022-09-27T05:44:49-05:00,CPL/demo/allocations/00794
AL000331,EV000798,CPL-R00442,11723,USD,2023-02-22T13:20:25-06:00,CPL/demo/allocations/00798
AL000332,EV000800,CPL-R00443,12897,USD,2023-09-04T19:46:45-05:00,CPL/demo/allocations/00800
AL000333,EV000802,CPL-R00444,7343,USD,2022-09-08T18:58:56-05:00,CPL/demo/allocations/00802
AL000334,EV000804,CPL-R00445,1831,USD,2023-04-10T08:48:55-05:00,CPL/demo/allocations/00804
AL000335,EV000806,CPL-R00446,59663,USD,2022-08-03T16:47:04-05:00,CPL/demo/allocations/00807
AL000336,EV000806,CPL-R00447,25735,USD,2022-08-03T19:26:16-05:00,CPL/demo/allocations/00807
AL000337,EV000809,CPL-R00448,5432,USD,2023-06-29T23:38:35-05:00,CPL/demo/allocations/00809
AL000338,EV000811,CPL-R00449,39246,USD,2023-07-02T06:51:20-05:00,CPL/demo/allocations/00811
AL000339,EV000813,CPL-R00450,13502,USD,2022-10-11T11:49:52-05:00,CPL/demo/allocations/00813
AL000340,EV000815,CPL-R00451,5862,USD,2022-07-25T20:28:41-05:00,CPL/demo/allocations/00815
AL000341,EV000817,CPL-R00452,69508,USD,2023-04-07T13:32:28-05:00,CPL/demo/allocations/00818
AL000342,EV000817,CPL-R00453,72297,USD,2023-04-07T16:57:06-05:00,CPL/demo/allocations/00818
AL000343,EV000820,CPL-R00454,71691,USD,2022-10-24T20:46:27-05:00,CPL/demo/allocations/00820
AL000344,EV000822,CPL-R00455,9063,USD,2023-09-25T22:30:20-05:00,CPL/demo/allocations/00822
AL000345,EV000824,CPL-R00456,7828,USD,2022-11-07T08:02:11-06:00,CPL/demo/allocations/00824
AL000346,EV000826,CPL-R00457,8468,USD,2022-08-05T01:53:55-05:00,CPL/demo/allocations/00826
AL000347,EV000828,CPL-R00458,13252,USD,2022-09-12T19:04:58-05:00,CPL/demo/allocations/00828
AL000348,EV000830,CPL-R00459,21993,USD,2023-02-04T03:58:15-06:00,CPL/demo/allocations/00830
AL000349,EV000833,CPL-R00461,9094,USD,2023-04-20T03:25:06-05:00,CPL/demo/allocations/00833
AL000350,EV000835,CPL-R00462,10538,USD,2023-08-17T19:45:00-05:00,CPL/demo/allocations/00835
AL000351,EV000837,CPL-R00463,5770,USD,2022-09-18T15:10:09-05:00,CPL/demo/allocations/00837
AL000352,EV000841,CPL-R00465,5478,USD,2023-02-03T04:16:47-06:00,CPL/demo/allocations/00841
AL000353,EV000843,CPL-R00466,21381,USD,2022-10-31T14:48:21-05:00,CPL/demo/allocations/00843
AL000354,EV000845,CPL-R00467,15206,USD,2022-08-03T03:51:16-05:00,CPL/demo/allocations/00845
AL000355,EV000847,CPL-R00468,22681,USD,2022-10-31T09:54:24-05:00,CPL/demo/allocations/00847
AL000356,EV000854,CPL-R00472,11943,USD,2022-09-28T10:06:44-05:00,CPL/demo/allocations/00854
AL000357,EV000856,CPL-R00473,31038,USD,2022-12-16T15:35:12-06:00,CPL/demo/allocations/00856
AL000358,EV000858,CPL-R00474,3498,USD,2022-11-08T12:42:47-06:00,CPL/demo/allocations/00858
AL000359,EV000860,TRI-R00001,57800,USD,2022-10-12T05:21:20-06:00,TRI/demo/allocations/00860
AL000360,EV000862,TRI-R00002,11752,USD,2023-03-24T10:06:11-06:00,TRI/demo/allocations/00862
AL000361,EV000864,TRI-R00003,208903,USD,2023-07-03T15:24:12-06:00,TRI/demo/allocations/00864
AL000362,EV000867,TRI-R00005,16392,USD,2022-10-18T10:11:38-06:00,TRI/demo/allocations/00867
AL000363,EV000869,TRI-R00006,5082,USD,2022-08-17T08:01:06-06:00,TRI/demo/allocations/00870
AL000364,EV000869,TRI-R00007,4888,USD,2022-08-15T18:24:45-06:00,TRI/demo/allocations/00870
AL000365,EV000872,TRI-R00008,42187,USD,2023-07-24T09:04:26-06:00,TRI/demo/allocations/00872
AL000366,EV000875,TRI-R00010,6288,USD,2022-12-07T19:46:43-07:00,TRI/demo/allocations/00875
AL000367,EV000877,TRI-R00011,13644,USD,2023-03-31T14:01:20-06:00,TRI/demo/allocations/00877
AL000368,EV000881,TRI-R00013,10369,USD,2023-06-14T10:19:15-06:00,TRI/demo/allocations/00881
AL000369,EV000884,TRI-R00015,28550,USD,2023-03-17T13:42:01-06:00,TRI/demo/allocations/00884
AL000370,EV000886,TRI-R00016,3119,USD,2022-11-25T14:22:39-07:00,TRI/demo/allocations/00886
AL000371,EV000888,TRI-R00017,7852,USD,2023-09-16T09:03:02-06:00,TRI/demo/allocations/00888
AL000372,EV000890,TRI-R00018,22437,USD,2023-09-05T12:17:03-06:00,TRI/demo/allocations/00890
AL000373,EV000892,TRI-R00019,29918,USD,2023-08-11T21:45:57-06:00,TRI/demo/allocations/00892
AL000374,EV000894,TRI-R00020,14283,USD,2022-09-28T23:05:13-06:00,TRI/demo/allocations/00894
AL000375,EV000897,TRI-R00022,8559,USD,2023-08-09T21:55:10-06:00,TRI/demo/allocations/00897
AL000376,EV000902,TRI-R00025,31368,USD,2023-11-04T08:29:27-06:00,TRI/demo/allocations/00902
AL000377,EV000905,TRI-R00027,23370,USD,2023-07-12T14:58:34-06:00,TRI/demo/allocations/00906
AL000378,EV000905,TRI-R00028,10626,USD,2023-07-13T21:09:10-06:00,TRI/demo/allocations/00906
AL000379,EV000908,TRI-R00029,22448,USD,2022-10-03T05:30:15-06:00,TRI/demo/allocations/00908
AL000380,EV000911,TRI-R00031,18478,USD,2022-09-10T23:57:18-06:00,TRI/demo/allocations/00911
AL000381,EV000917,TRI-R00035,3594,USD,2023-01-13T19:17:42-07:00,TRI/demo/allocations/00917
AL000382,EV000921,TRI-R00037,15495,USD,2023-04-24T19:10:41-06:00,TRI/demo/allocations/00922
AL000383,EV000921,TRI-R00038,9243,USD,2023-04-27T02:54:02-06:00,TRI/demo/allocations/00922
AL000384,EV000924,TRI-R00039,17730,USD,2022-11-22T17:18:03-07:00,TRI/demo/allocations/00924
AL000385,EV000926,TRI-R00040,7610,USD,2023-05-06T12:03:37-06:00,TRI/demo/allocations/00927
AL000386,EV000926,TRI-R00041,5126,USD,2023-05-06T14:39:42-06:00,TRI/demo/allocations/00927
AL000387,EV000929,TRI-R00042,3672,USD,2022-10-26T17:23:43-06:00,TRI/demo/allocations/00929
AL000388,EV000937,TRI-R00048,300502,USD,2022-10-18T18:44:12-06:00,TRI/demo/allocations/00937
AL000389,EV000939,TRI-R00049,12401,USD,2023-09-13T16:07:38-06:00,TRI/demo/allocations/00939
AL000390,EV000942,TRI-R00050,155935,USD,2022-11-25T14:31:00-07:00,TRI/demo/allocations/00942
AL000391,EV000946,TRI-R00053,139015,USD,2023-10-11T16:52:53-06:00,TRI/demo/allocations/00946
AL000392,EV000949,TRI-R00055,18821,USD,2023-08-15T13:42:31-06:00,TRI/demo/allocations/00949
AL000393,EV000951,TRI-R00056,13074,USD,2023-02-01T22:27:40-07:00,TRI/demo/allocations/00951
AL000394,EV000953,TRI-R00057,20858,USD,2023-09-15T03:28:09-06:00,TRI/demo/allocations/00953
AL000395,EV000956,TRI-R00059,10020,USD,2023-08-22T10:26:03-06:00,TRI/demo/allocations/00956
AL000396,EV000958,TRI-R00060,13277,USD,2022-11-07T18:52:58-07:00,TRI/demo/allocations/00958
AL000397,EV000961,TRI-R00061,6184,USD,2023-09-09T08:12:31-06:00,TRI/demo/allocations/00961
AL000398,EV000963,TRI-R00062,9093,USD,2023-03-27T16:25:07-06:00,TRI/demo/allocations/00963
AL000399,EV000965,TRI-R00063,23464,USD,2023-01-12T16:36:43-07:00,TRI/demo/allocations/00965
AL000400,EV000967,TRI-R00064,37910,USD,2023-07-24T09:38:22-06:00,TRI/demo/allocations/00967
AL000401,EV000969,TRI-R00065,9099,USD,2023-09-27T15:08:48-06:00,TRI/demo/allocations/00969
AL000402,EV000973,TRI-R00068,7648,USD,2023-10-09T17:35:20-06:00,TRI/demo/allocations/00973
AL000403,EV000979,TRI-R00071,50611,USD,2022-09-26T18:20:23-06:00,TRI/demo/allocations/00979
AL000404,EV000981,TRI-R00072,25545,USD,2023-02-18T21:28:43-07:00,TRI/demo/allocations/00981
AL000405,EV000983,TRI-R00073,11608,USD,2023-08-21T17:08:33-06:00,TRI/demo/allocations/00983
AL000406,EV000985,TRI-R00074,4914,USD,2022-09-06T04:18:39-06:00,TRI/demo/allocations/00986
AL000407,EV000985,TRI-R00075,2475,USD,2022-09-01T14:36:02-06:00,TRI/demo/allocations/00986
AL000408,EV000988,TRI-R00076,7945,USD,2022-11-26T08:02:39-07:00,TRI/demo/allocations/00988
AL000409,EV000990,TRI-R00077,8677,USD,2023-06-15T08:54:50-06:00,TRI/demo/allocations/00990
AL000410,EV000993,TRI-R00079,6448,USD,2022-09-07T19:35:31-06:00,TRI/demo/allocations/00993
AL000411,EV000995,TRI-R00080,56768,USD,2023-07-22T15:26:30-06:00,TRI/demo/allocations/00995
AL000412,EV000998,TRI-R00081,45746,USD,2023-04-10T10:01:37-06:00,TRI/demo/allocations/00998
AL000413,EV001000,TRI-R00082,27150,USD,2022-10-10T14:29:08-06:00,TRI/demo/allocations/01001
AL000414,EV001000,TRI-R00083,14038,USD,2022-10-11T12:53:35-06:00,TRI/demo/allocations/01001
AL000415,EV001003,TRI-R00084,195347,USD,2022-11-08T10:28:01-07:00,TRI/demo/allocations/01003
AL000416,EV001005,TRI-R00085,7902,USD,2023-08-11T14:10:13-06:00,TRI/demo/allocations/01005
AL000417,EV001007,TRI-R00086,15933,USD,2022-07-27T18:46:50-06:00,TRI/demo/allocations/01008
AL000418,EV001007,TRI-R00087,10577,USD,2022-07-25T05:31:36-06:00,TRI/demo/allocations/01008
AL000419,EV001011,TRI-R00089,20637,USD,2022-07-28T23:48:34-06:00,TRI/demo/allocations/01011
AL000420,EV001013,TRI-R00090,8710,USD,2022-12-27T15:36:15-07:00,TRI/demo/allocations/01013
AL000421,EV001016,TRI-R00092,93093,USD,2022-07-21T21:44:54-06:00,TRI/demo/allocations/01016
AL000422,EV001018,TRI-R00093,5089,USD,2022-07-14T16:32:43-06:00,TRI/demo/allocations/01018
AL000423,EV001020,TRI-R00094,76750,USD,2023-07-11T07:14:02-06:00,TRI/demo/allocations/01020
AL000424,EV001022,TRI-R00095,8968,USD,2023-08-07T11:18:45-06:00,TRI/demo/allocations/01022
AL000425,EV001024,TRI-R00096,23692,USD,2023-09-13T01:15:05-06:00,TRI/demo/allocations/01024
AL000426,EV001027,TRI-R00097,5736,USD,2023-02-02T19:38:43-07:00,TRI/demo/allocations/01027
AL000427,EV001029,TRI-R00098,2146,USD,2022-09-17T08:00:04-06:00,TRI/demo/allocations/01029
AL000428,EV001031,TRI-R00099,33884,USD,2023-04-21T15:23:09-06:00,TRI/demo/allocations/01031
AL000429,EV001033,TRI-R00100,8178,USD,2023-09-04T19:32:00-06:00,TRI/demo/allocations/01033
AL000430,EV001035,TRI-R00101,5247,USD,2022-12-26T22:09:13-07:00,TRI/demo/allocations/01035
AL000431,EV001037,TRI-R00102,8266,USD,2022-08-25T22:28:06-06:00,TRI/demo/allocations/01037
AL000432,EV001039,TRI-R00103,25541,USD,2023-08-07T15:13:42-06:00,TRI/demo/allocations/01039
AL000433,EV001041,TRI-R00104,4319,USD,2023-05-13T11:39:20-06:00,TRI/demo/allocations/01041
AL000434,EV001043,TRI-R00105,7801,USD,2022-11-22T09:52:27-07:00,TRI/demo/allocations/01043
AL000435,EV001045,TRI-R00106,8097,USD,2022-08-26T19:50:21-06:00,TRI/demo/allocations/01045
AL000436,EV001047,TRI-R00107,11153,USD,2023-07-09T19:41:42-06:00,TRI/demo/allocations/01047
AL000437,EV001049,TRI-R00108,55055,USD,2022-11-19T07:11:47-07:00,TRI/demo/allocations/01049
AL000438,EV001051,TRI-R00109,7779,USD,2023-02-20T17:38:56-07:00,TRI/demo/allocations/01051
AL000439,EV001053,TRI-R00110,5227,USD,2023-07-09T01:31:52-06:00,TRI/demo/allocations/01053
AL000440,EV001055,TRI-R00111,5958,USD,2022-10-02T05:36:28-06:00,TRI/demo/allocations/01055
AL000441,EV001057,TRI-R00112,76981,USD,2023-01-06T11:20:20-07:00,TRI/demo/allocations/01057
AL000442,EV001059,TRI-R00113,6462,USD,2022-12-06T17:13:40-07:00,TRI/demo/allocations/01059
AL000443,EV001061,TRI-R00114,109306,USD,2022-12-15T15:49:12-07:00,TRI/demo/allocations/01062
AL000444,EV001061,TRI-R00115,64862,USD,2022-12-28T07:41:13-07:00,TRI/demo/allocations/01062
AL000445,EV001064,TRI-R00116,17166,USD,2023-01-27T12:14:11-07:00,TRI/demo/allocations/01064
AL000446,EV001066,TRI-R00117,19180,USD,2023-02-03T15:22:16-07:00,TRI/demo/allocations/01066
AL000447,EV001068,TRI-R00118,16275,USD,2022-11-15T18:09:00-07:00,TRI/demo/allocations/01068
AL000448,EV001070,TRI-R00119,189771,USD,2023-01-07T18:13:36-07:00,TRI/demo/allocations/01070
AL000449,EV001072,TRI-R00120,28830,USD,2023-07-09T06:46:15-06:00,TRI/demo/allocations/01072
AL000450,EV001074,TRI-R00121,14790,USD,2023-07-03T17:45:14-06:00,TRI/demo/allocations/01074
AL000451,EV001076,TRI-R00122,8231,USD,2023-09-11T12:30:14-06:00,TRI/demo/allocations/01076
AL000452,EV001078,TRI-R00123,18496,USD,2022-10-25T21:04:53-06:00,TRI/demo/allocations/01078
AL000453,EV001080,TRI-R00124,9753,USD,2023-10-11T06:31:22-06:00,TRI/demo/allocations/01080
AL000454,EV001082,TRI-R00125,3634,USD,2023-07-26T13:15:14-06:00,TRI/demo/allocations/01082
AL000455,EV001084,TRI-R00126,10111,USD,2023-07-07T17:35:22-06:00,TRI/demo/allocations/01084
AL000456,EV001086,TRI-R00127,11082,USD,2022-10-03T17:20:24-06:00,TRI/demo/allocations/01086
AL000457,EV001088,TRI-R00128,5675,USD,2023-03-01T17:10:28-07:00,TRI/demo/allocations/01088
AL000458,EV001090,TRI-R00129,5981,USD,2023-05-11T17:42:04-06:00,TRI/demo/allocations/01090
AL000459,EV001094,TRI-R00132,32997,USD,2022-10-01T16:32:42-06:00,TRI/demo/allocations/01094
AL000460,EV001096,TRI-R00133,4188,USD,2022-10-27T17:10:28-06:00,TRI/demo/allocations/01096
AL000461,EV001098,TRI-R00134,19605,USD,2023-06-30T16:28:20-06:00,TRI/demo/allocations/01098
AL000462,EV001100,TRI-R00135,6783,USD,2023-08-03T08:00:00-06:00,TRI/demo/allocations/01100
AL000463,EV001102,TRI-R00136,4008,USD,2023-10-06T10:45:58-06:00,TRI/demo/allocations/01102
AL000464,EV001104,TRI-R00137,14101,USD,2022-11-25T22:14:32-07:00,TRI/demo/allocations/01104
AL000465,EV001106,TRI-R00138,11034,USD,2023-07-27T02:24:25-06:00,TRI/demo/allocations/01106
AL000466,EV001108,TRI-R00139,49698,USD,2023-02-09T06:30:49-07:00,TRI/demo/allocations/01108
AL000467,EV001111,TRI-R00141,21164,USD,2023-07-10T13:04:13-06:00,TRI/demo/allocations/01111
AL000468,EV001114,TRI-R00143,11550,USD,2023-02-13T10:19:33-07:00,TRI/demo/allocations/01114
AL000469,EV001118,TRI-R00145,5272,USD,2023-07-31T19:16:49-06:00,TRI/demo/allocations/01118
AL000470,EV001122,TRI-R00147,61509,USD,2022-10-10T16:37:00-06:00,TRI/demo/allocations/01122
AL000471,EV001124,TRI-R00148,37483,USD,2023-03-08T15:07:35-07:00,TRI/demo/allocations/01124
AL000472,EV001126,TRI-R00149,8781,USD,2023-03-20T12:22:23-06:00,TRI/demo/allocations/01126
AL000473,EV001128,TRI-R00150,52789,USD,2023-08-07T13:18:46-06:00,TRI/demo/allocations/01128
AL000474,EV001132,TRI-R00152,73128,USD,2023-05-19T16:46:18-06:00,TRI/demo/allocations/01132
AL000475,EV001134,TRI-R00153,37660,USD,2023-06-27T02:00:16-06:00,TRI/demo/allocations/01134
AL000476,EV001136,TRI-R00154,33735,USD,2023-01-27T21:15:31-07:00,TRI/demo/allocations/01136
AL000477,EV001138,TRI-R00155,24610,USD,2023-04-29T00:17:08-06:00,TRI/demo/allocations/01138
AL000478,EV001140,TRI-R00156,9325,USD,2022-10-10T17:54:40-06:00,TRI/demo/allocations/01140
AL000479,EV001142,TRI-R00157,2900,USD,2022-09-30T23:19:07-06:00,TRI/demo/allocations/01142
AL000480,EV001147,TRI-R00160,5450,USD,2023-07-09T08:40:01-06:00,TRI/demo/allocations/01147
AL000481,EV001151,TRI-R00162,23252,USD,2023-09-03T10:59:56-06:00,TRI/demo/allocations/01151
AL000482,EV001153,TRI-R00163,7687,USD,2023-01-19T11:35:42-07:00,TRI/demo/allocations/01154
AL000483,EV001153,TRI-R00164,3314,USD,2023-01-19T14:41:38-07:00,TRI/demo/allocations/01154
AL000484,EV001156,TRI-R00165,12413,USD,2023-09-01T06:48:49-06:00,TRI/demo/allocations/01156
AL000485,EV001158,TRI-R00166,2669,USD,2023-10-15T22:32:49-06:00,TRI/demo/allocations/01158
AL000486,EV001160,TRI-R00167,29156,USD,2023-08-24T06:37:51-06:00,TRI/demo/allocations/01160
AL000487,EV001162,TRI-R00168,8656,USD,2023-08-04T19:37:46-06:00,TRI/demo/allocations/01162
AL000488,EV001164,TRI-R00169,6634,USD,2023-07-27T14:26:10-06:00,TRI/demo/allocations/01164
AL000489,EV001166,TRI-R00170,9558,USD,2023-10-02T22:22:25-06:00,TRI/demo/allocations/01166
AL000490,EV001168,TRI-R00171,7757,USD,2023-09-07T11:35:35-06:00,TRI/demo/allocations/01168
AL000491,EV001170,TRI-R00172,16627,USD,2023-02-02T20:17:20-07:00,TRI/demo/allocations/01170
AL000492,EV001172,TRI-R00173,35064,USD,2022-12-25T00:45:00-07:00,TRI/demo/allocations/01173
AL000493,EV001172,TRI-R00174,24423,USD,2022-12-19T17:00:47-07:00,TRI/demo/allocations/01173
AL000494,EV001175,TRI-R00175,22805,USD,2023-06-21T15:16:52-06:00,TRI/demo/allocations/01176
AL000495,EV001175,TRI-R00176,12733,USD,2023-06-21T14:25:34-06:00,TRI/demo/allocations/01176
AL000496,EV001180,TRI-R00179,12028,USD,2023-07-10T00:28:33-06:00,TRI/demo/allocations/01180
AL000497,EV001185,TRI-R00181,32241,USD,2022-10-12T10:16:26-06:00,TRI/demo/allocations/01185
AL000498,EV001187,TRI-R00182,40559,USD,2023-04-03T13:58:13-06:00,TRI/demo/allocations/01187
AL000499,EV001189,TRI-R00183,3986,USD,2023-07-09T09:03:35-06:00,TRI/demo/allocations/01189
AL000500,EV001191,TRI-R00184,4340,USD,2022-11-29T17:26:44-07:00,TRI/demo/allocations/01191
AL000501,EV001193,TRI-R00185,8590,USD,2023-05-11T17:43:01-06:00,TRI/demo/allocations/01193
AL000502,EV001195,TRI-R00186,6658,USD,2023-05-23T10:06:14-06:00,TRI/demo/allocations/01195
AL000503,EV001197,TRI-R00187,4468,USD,2023-10-16T03:41:56-06:00,TRI/demo/allocations/01197
AL000504,EV001199,TRI-R00188,21897,USD,2023-06-26T15:31:13-06:00,TRI/demo/allocations/01199
AL000505,EV001201,TRI-R00189,14155,USD,2023-08-17T08:00:32-06:00,TRI/demo/allocations/01201
AL000506,EV001204,TRI-R00191,5492,USD,2023-10-20T13:21:34-06:00,TRI/demo/allocations/01204
AL000507,EV001206,TRI-R00192,20372,USD,2023-06-26T17:42:55-06:00,TRI/demo/allocations/01206
AL000508,EV001208,TRI-R00193,5148,USD,2023-05-22T12:30:06-06:00,TRI/demo/allocations/01208
AL000509,EV001210,TRI-R00194,47257,USD,2023-07-23T06:51:03-06:00,TRI/demo/allocations/01210
AL000510,EV001212,TRI-R00195,3811,USD,2023-06-20T13:53:15-06:00,TRI/demo/allocations/01212
AL000511,EV001214,TRI-R00196,94027,USD,2023-08-22T15:40:54-06:00,TRI/demo/allocations/01214
AL000512,EV001216,TRI-R00197,25170,USD,2023-05-10T17:11:23-06:00,TRI/demo/allocations/01216
AL000513,EV001218,TRI-R00198,46996,USD,2022-08-22T12:31:39-06:00,TRI/demo/allocations/01218
AL000514,EV001220,TRI-R00199,30206,USD,2023-03-17T18:50:57-06:00,TRI/demo/allocations/01220
AL000515,EV001222,TRI-R00200,7638,USD,2022-08-03T16:01:03-06:00,TRI/demo/allocations/01222
AL000516,EV001224,TRI-R00201,3117,USD,2023-10-09T21:04:05-06:00,TRI/demo/allocations/01225
AL000517,EV001224,TRI-R00202,1469,USD,2023-10-09T21:47:30-06:00,TRI/demo/allocations/01225
AL000518,EV001227,TRI-R00203,11163,USD,2023-07-21T01:30:17-06:00,TRI/demo/allocations/01227
AL000519,EV001229,TRI-R00204,11058,USD,2023-03-28T09:17:38-06:00,TRI/demo/allocations/01229
AL000520,EV001231,TRI-R00205,11879,USD,2023-07-03T13:45:31-06:00,TRI/demo/allocations/01231
AL000521,EV001233,TRI-R00206,4594,USD,2023-09-30T23:35:25-06:00,TRI/demo/allocations/01233
AL000522,EV001235,TRI-R00207,31408,USD,2023-04-07T12:41:43-06:00,TRI/demo/allocations/01235
AL000523,EV001237,TRI-R00208,10880,USD,2022-09-23T21:00:37-06:00,TRI/demo/allocations/01237
AL000524,EV001239,TRI-R00209,21982,USD,2023-10-09T19:28:25-06:00,TRI/demo/allocations/01239
AL000525,EV001241,TRI-R00210,168934,USD,2023-03-25T19:12:07-06:00,TRI/demo/allocations/01241
AL000526,EV001243,TRI-R00211,30739,USD,2023-02-15T10:22:38-07:00,TRI/demo/allocations/01243
AL000527,EV001245,TRI-R00212,19771,USD,2023-03-24T02:46:27-06:00,TRI/demo/allocations/01245
AL000528,EV001247,TRI-R00213,8608,USD,2022-11-14T20:52:45-07:00,TRI/demo/allocations/01247
AL000529,EV001252,TRI-R00217,17357,USD,2023-06-28T15:26:39-06:00,TRI/demo/allocations/01252
AL000530,EV001256,TRI-R00220,10849,USD,2023-04-19T18:02:56-06:00,TRI/demo/allocations/01256
AL000531,EV001258,TRI-R00221,9714,USD,2023-05-29T17:08:34-06:00,TRI/demo/allocations/01258
AL000532,EV001261,TRI-R00223,56487,USD,2022-08-05T04:33:48-06:00,TRI/demo/allocations/01261
AL000533,EV001263,TRI-R00224,10579,USD,2023-08-15T15:32:44-06:00,TRI/demo/allocations/01263
AL000534,EV001266,TRI-R00226,154843,USD,2022-12-05T11:08:53-07:00,TRI/demo/allocations/01266
AL000535,EV001268,TRI-R00227,9577,USD,2023-07-17T17:59:25-06:00,TRI/demo/allocations/01268
AL000536,EV001270,TRI-R00228,29832,USD,2022-11-14T20:44:13-07:00,TRI/demo/allocations/01270
AL000537,EV001272,TRI-R00229,5907,USD,2023-06-01T10:13:14-06:00,TRI/demo/allocations/01272
AL000538,EV001274,TRI-R00230,2771,USD,2023-04-17T22:05:06-06:00,TRI/demo/allocations/01274
AL000539,EV001280,TRI-R00234,29288,USD,2022-12-22T19:39:42-07:00,TRI/demo/allocations/01280
AL000540,EV001282,TRI-R00235,26246,USD,2022-08-22T15:10:44-06:00,TRI/demo/allocations/01282
AL000541,EV001284,TRI-R00236,5002,USD,2023-04-10T18:08:11-06:00,TRI/demo/allocations/01284
AL000542,EV001287,TRI-R00238,3461,USD,2022-07-06T20:47:31-06:00,TRI/demo/allocations/01287
AL000543,EV001291,TRI-R00240,13678,USD,2022-12-21T03:07:00-07:00,TRI/demo/allocations/01291
AL000544,EV001296,TRI-R00243,27927,USD,2023-03-16T20:52:51-06:00,TRI/demo/allocations/01296
AL000545,EV001298,TRI-R00244,4024,USD,2023-08-13T04:40:09-06:00,TRI/demo/allocations/01299
AL000546,EV001298,TRI-R00245,1922,USD,2023-08-22T00:33:35-06:00,TRI/demo/allocations/01299
AL000547,EV001301,TRI-R00246,95732,USD,2022-08-26T22:55:02-06:00,TRI/demo/allocations/01301
AL000548,EV001306,TRI-R00249,30955,USD,2023-03-02T02:51:40-07:00,TRI/demo/allocations/01306
AL000549,EV001308,TRI-R00250,152531,USD,2023-08-28T16:14:10-06:00,TRI/demo/allocations/01308
AL000550,EV001310,TRI-R00251,24076,USD,2023-02-18T10:35:26-07:00,TRI/demo/allocations/01310
AL000551,EV001313,TRI-R00253,3692,USD,2022-12-26T10:59:11-07:00,TRI/demo/allocations/01314
AL000552,EV001313,TRI-R00254,2535,USD,2022-12-26T15:13:56-07:00,TRI/demo/allocations/01314
AL000553,EV001316,TRI-R00255,6105,USD,2023-09-05T17:56:14-06:00,TRI/demo/allocations/01316
AL000554,EV001320,TRI-R00257,73601,USD,2022-11-07T21:53:27-07:00,TRI/demo/allocations/01320
AL000555,EV001323,TRI-R00258,9083,USD,2023-09-07T14:18:43-06:00,TRI/demo/allocations/01324
AL000556,EV001323,TRI-R00259,10046,USD,2023-09-05T15:15:38-06:00,TRI/demo/allocations/01324
AL000557,EV001326,TRI-R00260,9842,USD,2022-08-03T15:01:22-06:00,TRI/demo/allocations/01326
AL000558,EV001328,TRI-R00261,28865,USD,2022-08-01T19:14:48-06:00,TRI/demo/allocations/01328
AL000559,EV001330,TRI-R00262,7170,USD,2022-09-23T14:15:26-06:00,TRI/demo/allocations/01330
AL000560,EV001332,TRI-R00263,12701,USD,2023-06-13T05:59:13-06:00,TRI/demo/allocations/01332
AL000561,EV001335,TRI-R00264,4485,USD,2022-08-10T01:27:11-06:00,TRI/demo/allocations/01335
AL000562,EV001337,TRI-R00265,14107,USD,2023-05-08T23:08:29-06:00,TRI/demo/allocations/01337
AL000563,EV001339,TRI-R00266,9773,USD,2023-03-02T10:07:51-07:00,TRI/demo/allocations/01339
AL000564,EV001342,TRI-R00268,86895,USD,2023-07-12T18:42:37-06:00,TRI/demo/allocations/01342
AL000565,EV001344,TRI-R00269,37890,USD,2023-06-01T19:41:54-06:00,TRI/demo/allocations/01344
AL000566,EV001347,TRI-R00271,26723,USD,2023-03-22T10:36:12-06:00,TRI/demo/allocations/01347
AL000567,EV001349,TRI-R00272,22096,USD,2023-09-14T23:57:55-06:00,TRI/demo/allocations/01349
AL000568,EV001352,TRI-R00274,3143,USD,2023-05-25T14:50:05-06:00,TRI/demo/allocations/01352
AL000569,EV001354,TRI-R00275,2803,USD,2023-08-07T22:56:23-06:00,TRI/demo/allocations/01354
AL000570,EV001356,TRI-R00276,6851,USD,2023-01-07T09:43:17-07:00,TRI/demo/allocations/01356
AL000571,EV001359,TRI-R00278,45139,USD,2023-02-16T18:52:16-07:00,TRI/demo/allocations/01359
AL000572,EV001361,TRI-R00279,20373,USD,2022-11-24T12:54:51-07:00,TRI/demo/allocations/01361
AL000573,EV001363,TRI-R00280,22751,USD,2023-06-20T20:22:38-06:00,TRI/demo/allocations/01363
AL000574,EV001365,TRI-R00281,10393,USD,2023-09-08T05:10:09-06:00,TRI/demo/allocations/01365
AL000575,EV001370,TRI-R00284,57891,USD,2023-03-23T16:50:15-06:00,TRI/demo/allocations/01370
AL000576,EV001372,TRI-R00285,11484,USD,2022-08-09T18:09:02-06:00,TRI/demo/allocations/01372
AL000577,EV001374,TRI-R00286,34329,USD,2022-12-06T16:24:57-07:00,TRI/demo/allocations/01374
AL000578,EV001376,TRI-R00287,11353,USD,2023-07-01T19:05:11-06:00,TRI/demo/allocations/01376
AL000579,EV001378,TRI-R00288,12440,USD,2022-09-20T16:16:33-06:00,TRI/demo/allocations/01378
AL000580,EV001381,TRI-R00290,10650,USD,2023-10-05T14:38:31-06:00,TRI/demo/allocations/01381
AL000581,EV001386,TRI-R00292,4228,USD,2023-02-17T04:17:33-07:00,TRI/demo/allocations/01386
AL000582,EV001388,TRI-R00293,10411,USD,2023-01-01T20:30:16-07:00,TRI/demo/allocations/01388
AL000583,EV001390,TRI-R00294,11538,USD,2022-09-19T18:17:06-06:00,TRI/demo/allocations/01390
AL000584,EV001393,TRI-R00296,16300,USD,2022-12-16T07:46:12-07:00,TRI/demo/allocations/01393
AL000585,EV001395,TRI-R00297,5367,USD,2022-09-05T18:38:23-06:00,TRI/demo/allocations/01396
AL000586,EV001395,TRI-R00298,5801,USD,2022-09-05T13:26:01-06:00,TRI/demo/allocations/01396
AL000587,EV001399,TRI-R00300,68654,USD,2023-05-22T18:20:38-06:00,TRI/demo/allocations/01399
AL000588,EV001401,TRI-R00301,13878,USD,2023-06-14T23:01:26-06:00,TRI/demo/allocations/01401
AL000589,EV001403,TRI-R00302,8772,USD,2023-07-02T18:02:18-06:00,TRI/demo/allocations/01403
AL000590,EV001407,TRI-R00304,4545,USD,2023-09-28T02:22:57-06:00,TRI/demo/allocations/01408
AL000591,EV001407,TRI-R00305,4203,USD,2023-09-25T20:08:33-06:00,TRI/demo/allocations/01408
AL000592,EV001410,TRI-R00306,14649,USD,2022-11-30T19:07:04-07:00,TRI/demo/allocations/01411
AL000593,EV001410,TRI-R00307,7185,USD,2022-11-26T23:55:03-07:00,TRI/demo/allocations/01411
AL000594,EV001414,TRI-R00309,67892,USD,2022-10-20T20:53:43-06:00,TRI/demo/allocations/01414
AL000595,EV001416,TRI-R00310,9807,USD,2023-07-08T02:54:30-06:00,TRI/demo/allocations/01416
AL000596,EV001418,TRI-R00311,35980,USD,2022-08-16T12:25:03-06:00,TRI/demo/allocations/01418
AL000597,EV001420,TRI-R00312,17549,USD,2023-08-24T20:28:20-06:00,TRI/demo/allocations/01420
AL000598,EV001422,TRI-R00313,316197,USD,2023-04-06T00:58:45-06:00,TRI/demo/allocations/01422
AL000599,EV001425,TRI-R00315,5978,USD,2023-09-06T21:16:40-06:00,TRI/demo/allocations/01425
AL000600,EV001427,TRI-R00316,108367,USD,2023-05-18T12:28:17-06:00,TRI/demo/allocations/01427
AL000601,EV001429,TRI-R00317,22552,USD,2022-12-05T17:28:00-07:00,TRI/demo/allocations/01429
AL000602,EV001431,TRI-R00318,6071,USD,2023-04-16T20:03:26-06:00,TRI/demo/allocations/01431
AL000603,EV001433,TRI-R00319,19083,USD,2023-04-10T13:11:26-06:00,TRI/demo/allocations/01433
AL000604,EV001435,TRI-R00320,11226,USD,2023-07-30T16:11:32-06:00,TRI/demo/allocations/01435
AL000605,EV001438,TRI-R00322,7825,USD,2022-12-19T17:47:55-07:00,TRI/demo/allocations/01438
AL000606,EV001440,TRI-R00323,34299,USD,2023-01-10T21:56:53-07:00,TRI/demo/allocations/01440
AL000607,EV001442,TRI-R00324,3042,USD,2023-06-15T17:44:10-06:00,TRI/demo/allocations/01442
AL000608,EV001444,TRI-R00325,12156,USD,2023-03-06T16:56:31-07:00,TRI/demo/allocations/01444
AL000609,EV001447,TRI-R00327,41029,USD,2023-08-04T14:51:31-06:00,TRI/demo/allocations/01447
AL000610,EV001449,TRI-R00328,6841,USD,2023-03-08T07:37:48-07:00,TRI/demo/allocations/01449
AL000611,EV001451,TRI-R00329,5589,USD,2022-10-05T15:48:05-06:00,TRI/demo/allocations/01451
AL000612,EV001453,TRI-R00330,6576,USD,2023-06-29T01:40:13-06:00,TRI/demo/allocations/01453
AL000613,EV001455,TRI-R00331,31414,USD,2023-07-17T17:31:10-06:00,TRI/demo/allocations/01455
AL000614,EV001457,TRI-R00332,8189,USD,2023-08-14T23:44:18-06:00,TRI/demo/allocations/01457
AL000615,EV001459,TRI-R00333,24106,USD,2023-01-31T10:27:03-07:00,TRI/demo/allocations/01459
AL000616,EV001463,TRI-R00335,11188,USD,2023-08-25T19:53:05-06:00,TRI/demo/allocations/01463
AL000617,EV001465,TRI-R00336,10918,USD,2023-04-26T20:42:04-06:00,TRI/demo/allocations/01465
AL000618,EV001468,TRI-R00337,20972,USD,2023-02-23T14:12:27-07:00,TRI/demo/allocations/01468
AL000619,EV001472,TRI-R00339,11663,USD,2023-01-07T05:10:37-07:00,TRI/demo/allocations/01472
AL000620,EV001474,TRI-R00340,97729,USD,2023-07-14T17:43:24-06:00,TRI/demo/allocations/01474
AL000621,EV001476,TRI-R00341,3740,USD,2023-07-15T00:09:31-06:00,TRI/demo/allocations/01476
AL000622,EV001478,TRI-R00342,33881,USD,2022-12-25T01:51:54-07:00,TRI/demo/allocations/01478
AL000623,EV001480,TRI-R00343,10356,USD,2023-02-25T12:04:41-07:00,TRI/demo/allocations/01480
AL000624,EV001487,TRI-R00348,71402,USD,2022-10-26T16:43:57-06:00,TRI/demo/allocations/01487
AL000625,EV001491,TRI-R00350,10414,USD,2023-10-07T09:25:46-06:00,TRI/demo/allocations/01491
AL000626,EV001494,TRI-R00352,63520,USD,2022-09-01T20:38:09-06:00,TRI/demo/allocations/01494
AL000627,EV001496,TRI-R00353,17312,USD,2023-04-18T14:01:33-06:00,TRI/demo/allocations/01496
AL000628,EV001499,TRI-R00355,11764,USD,2023-07-25T06:07:15-06:00,TRI/demo/allocations/01499
AL000629,EV001501,TRI-R00356,3891,USD,2023-01-11T22:50:32-07:00,TRI/demo/allocations/01501
AL000630,EV001503,TRI-R00357,2108,USD,2023-02-18T16:52:45-07:00,TRI/demo/allocations/01503
AL000631,EV001505,TRI-R00358,53810,USD,2022-09-26T15:36:36-06:00,TRI/demo/allocations/01505
AL000632,EV001509,TRI-R00361,12328,USD,2023-03-17T10:08:32-06:00,TRI/demo/allocations/01509
AL000633,EV001511,TRI-R00362,11455,USD,2023-10-02T22:10:46-06:00,TRI/demo/allocations/01511
AL000634,EV001513,TRI-R00363,5973,USD,2022-09-28T17:29:36-06:00,TRI/demo/allocations/01513
AL000635,EV001515,TRI-R00364,3108,USD,2022-07-28T11:59:32-06:00,TRI/demo/allocations/01515
AL000636,EV001518,TRI-R00366,22363,USD,2022-12-05T17:49:01-07:00,TRI/demo/allocations/01518
AL000637,EV001520,TRI-R00367,5604,USD,2022-12-19T01:18:34-07:00,TRI/demo/allocations/01520
AL000638,EV001522,TRI-R00368,2500,USD,2023-06-10T20:14:06-06:00,TRI/demo/allocations/01522
AL000639,EV001524,TRI-R00369,10891,USD,2023-01-18T17:28:23-07:00,TRI/demo/allocations/01524
AL000640,EV001527,TRI-R00371,5015,USD,2023-09-28T18:35:19-06:00,TRI/demo/allocations/01527
AL000641,EV001529,TRI-R00372,13380,USD,2023-05-31T21:20:28-06:00,TRI/demo/allocations/01529
AL000642,EV001531,TRI-R00373,122680,USD,2023-02-08T06:05:28-07:00,TRI/demo/allocations/01531
AL000643,EV001533,TRI-R00374,3201,USD,2022-07-27T15:48:12-06:00,TRI/demo/allocations/01533
AL000644,EV001535,TRI-R00375,8126,USD,2023-05-21T07:44:54-06:00,TRI/demo/allocations/01535
AL000645,EV001537,TRI-R00376,9618,USD,2022-09-11T21:45:14-06:00,TRI/demo/allocations/01537
AL000646,EV001539,TRI-R00377,5694,USD,2022-11-10T20:35:11-07:00,TRI/demo/allocations/01540
AL000647,EV001539,TRI-R00378,2467,USD,2022-11-03T19:27:07-06:00,TRI/demo/allocations/01540
AL000648,EV001542,TRI-R00379,34320,USD,2023-04-14T17:29:50-06:00,TRI/demo/allocations/01542
AL000649,EV001546,TRI-R00381,62339,USD,2023-03-07T17:51:03-07:00,TRI/demo/allocations/01546
AL000650,EV001549,TRI-R00382,7822,USD,2022-12-07T20:10:22-07:00,TRI/demo/allocations/01549
AL000651,EV001551,TRI-R00383,12674,USD,2023-04-08T15:18:23-06:00,TRI/demo/allocations/01551
AL000652,EV001553,TRI-R00384,26003,USD,2023-08-24T21:46:47-06:00,TRI/demo/allocations/01553
AL000653,EV001555,TRI-R00385,10065,USD,2023-06-09T20:17:54-06:00,TRI/demo/allocations/01555
AL000654,EV001557,TRI-R00386,13706,USD,2022-09-30T03:29:47-06:00,TRI/demo/allocations/01557
AL000655,EV001559,TRI-R00387,23270,USD,2023-01-23T18:13:44-07:00,TRI/demo/allocations/01559
AL000656,EV001561,TRI-R00388,45543,USD,2023-10-23T18:15:49-06:00,TRI/demo/allocations/01561
AL000657,EV001563,TRI-R00389,18605,USD,2023-09-29T13:09:38-06:00,TRI/demo/allocations/01563
AL000658,EV001565,TRI-R00390,3469,USD,2022-10-26T16:53:39-06:00,TRI/demo/allocations/01566
AL000659,EV001565,TRI-R00391,2434,USD,2022-10-26T16:56:21-06:00,TRI/demo/allocations/01566
AL000660,EV001569,TRI-R00393,22805,USD,2023-09-07T10:11:38-06:00,TRI/demo/allocations/01570
AL000661,EV001569,TRI-R00394,13117,USD,2023-09-11T07:20:24-06:00,TRI/demo/allocations/01570
AL000662,EV001572,TRI-R00395,2575,USD,2022-07-21T11:25:42-06:00,TRI/demo/allocations/01572
AL000663,EV001574,TRI-R00396,45738,USD,2023-05-10T21:23:22-06:00,TRI/demo/allocations/01574
AL000664,EV001576,TRI-R00397,3446,USD,2022-11-25T13:53:04-07:00,TRI/demo/allocations/01576
AL000665,EV001578,NDX-R00001,13458,USD,2023-04-17T09:54:31-04:00,NDX/demo/allocations/01578
AL000666,EV001582,NDX-R00003,10455,USD,2023-08-07T23:17:11-04:00,NDX/demo/allocations/01583
AL000667,EV001582,NDX-R00004,6242,USD,2023-08-08T12:41:04-04:00,NDX/demo/allocations/01583
AL000668,EV001586,NDX-R00006,2947,USD,2022-09-13T10:47:40-04:00,NDX/demo/allocations/01586
AL000669,EV001588,NDX-R00007,8159,USD,2022-11-21T13:49:43-05:00,NDX/demo/allocations/01588
AL000670,EV001590,NDX-R00008,9967,USD,2023-05-16T05:31:32-04:00,NDX/demo/allocations/01590
AL000671,EV001592,NDX-R00009,17319,USD,2022-10-19T18:22:41-04:00,NDX/demo/allocations/01592
AL000672,EV001594,NDX-R00010,20240,USD,2023-05-07T10:02:43-04:00,NDX/demo/allocations/01594
AL000673,EV001596,NDX-R00011,5761,USD,2023-05-13T16:21:07-04:00,NDX/demo/allocations/01597
AL000674,EV001596,NDX-R00012,5019,USD,2023-05-04T16:55:16-04:00,NDX/demo/allocations/01597
AL000675,EV001599,NDX-R00013,17376,USD,2023-09-19T19:47:17-04:00,NDX/demo/allocations/01599
AL000676,EV001601,NDX-R00014,12199,USD,2023-05-16T17:40:47-04:00,NDX/demo/allocations/01601
AL000677,EV001607,NDX-R00017,35354,USD,2022-09-21T16:32:46-04:00,NDX/demo/allocations/01607
AL000678,EV001609,NDX-R00018,7283,USD,2022-09-08T01:37:11-04:00,NDX/demo/allocations/01609
AL000679,EV001611,NDX-R00019,5866,USD,2023-07-03T15:41:44-04:00,NDX/demo/allocations/01611
AL000680,EV001613,NDX-R00020,9139,USD,2022-12-21T07:12:01-05:00,NDX/demo/allocations/01613
AL000681,EV001616,NDX-R00021,11283,USD,2022-09-08T03:54:24-04:00,NDX/demo/allocations/01616
AL000682,EV001618,NDX-R00022,18770,USD,2023-05-31T13:13:43-04:00,NDX/demo/allocations/01618
AL000683,EV001620,NDX-R00023,6517,USD,2023-05-20T09:30:47-04:00,NDX/demo/allocations/01620
AL000684,EV001622,NDX-R00024,4128,USD,2023-07-10T12:30:21-04:00,NDX/demo/allocations/01622
AL000685,EV001624,NDX-R00025,6683,USD,2023-02-28T16:11:00-05:00,NDX/demo/allocations/01624
AL000686,EV001626,NDX-R00026,9895,USD,2023-08-16T06:06:41-04:00,NDX/demo/allocations/01626
AL000687,EV001628,NDX-R00027,32380,USD,2023-04-02T19:34:53-04:00,NDX/demo/allocations/01628
AL000688,EV001630,NDX-R00028,117788,USD,2023-05-22T12:31:50-04:00,NDX/demo/allocations/01630
AL000689,EV001632,NDX-R00029,3923,USD,2023-01-25T23:18:18-05:00,NDX/demo/allocations/01632
AL000690,EV001634,NDX-R00030,29398,USD,2022-12-19T16:58:09-05:00,NDX/demo/allocations/01634
AL000691,EV001636,NDX-R00031,6139,USD,2023-02-28T09:11:04-05:00,NDX/demo/allocations/01636
AL000692,EV001640,NDX-R00033,5800,USD,2023-08-23T09:57:04-04:00,NDX/demo/allocations/01640
AL000693,EV001642,NDX-R00034,14753,USD,2022-10-24T21:36:01-04:00,NDX/demo/allocations/01642
AL000694,EV001644,NDX-R00035,170930,USD,2022-11-09T15:22:21-05:00,NDX/demo/allocations/01644
AL000695,EV001647,NDX-R00037,15797,USD,2022-11-02T19:00:07-04:00,NDX/demo/allocations/01647
AL000696,EV001649,NDX-R00038,30136,USD,2022-10-27T08:06:32-04:00,NDX/demo/allocations/01649
AL000697,EV001657,NDX-R00043,13816,USD,2023-01-11T04:22:52-05:00,NDX/demo/allocations/01657
AL000698,EV001659,NDX-R00044,4969,USD,2023-06-29T02:07:36-04:00,NDX/demo/allocations/01659
AL000699,EV001661,NDX-R00045,13359,USD,2023-06-19T20:45:53-04:00,NDX/demo/allocations/01661
AL000700,EV001663,NDX-R00046,10367,USD,2023-05-04T18:06:10-04:00,NDX/demo/allocations/01663
AL000701,EV001668,NDX-R00049,3378,USD,2023-05-21T15:31:41-04:00,NDX/demo/allocations/01668
AL000702,EV001670,NDX-R00050,6795,USD,2022-10-24T17:15:14-04:00,NDX/demo/allocations/01670
AL000703,EV001673,NDX-R00052,27797,USD,2022-08-09T16:06:15-04:00,NDX/demo/allocations/01673
AL000704,EV001675,NDX-R00053,2645,USD,2022-11-28T14:52:43-05:00,NDX/demo/allocations/01675
AL000705,EV001677,NDX-R00054,15476,USD,2023-01-09T15:26:43-05:00,NDX/demo/allocations/01677
AL000706,EV001679,NDX-R00055,15375,USD,2023-01-17T14:18:54-05:00,NDX/demo/allocations/01679
AL000707,EV001683,NDX-R00057,16994,USD,2023-10-19T11:04:22-04:00,NDX/demo/allocations/01683
AL000708,EV001685,NDX-R00058,9274,USD,2023-04-05T10:47:52-04:00,NDX/demo/allocations/01685
AL000709,EV001687,NDX-R00059,20608,USD,2023-04-20T11:17:48-04:00,NDX/demo/allocations/01688
AL000710,EV001687,NDX-R00060,15447,USD,2023-04-03T20:35:34-04:00,NDX/demo/allocations/01688
AL000711,EV001690,NDX-R00061,14034,USD,2022-09-14T19:12:52-04:00,NDX/demo/allocations/01690
AL000712,EV001693,NDX-R00063,14526,USD,2023-07-27T00:37:11-04:00,NDX/demo/allocations/01693
AL000713,EV001696,NDX-R00065,4526,USD,2023-10-12T09:37:00-04:00,NDX/demo/allocations/01696
AL000714,EV001699,NDX-R00067,4187,USD,2023-03-22T22:55:46-04:00,NDX/demo/allocations/01699
AL000715,EV001701,NDX-R00068,3452,USD,2023-03-21T12:30:19-04:00,NDX/demo/allocations/01701
AL000716,EV001703,NDX-R00069,5705,USD,2023-01-16T15:47:41-05:00,NDX/demo/allocations/01703
AL000717,EV001705,NDX-R00070,50181,USD,2023-07-31T13:44:00-04:00,NDX/demo/allocations/01705
AL000718,EV001708,NDX-R00072,13158,USD,2022-10-22T05:14:38-04:00,NDX/demo/allocations/01708
AL000719,EV001711,NDX-R00074,22208,USD,2022-09-12T17:43:00-04:00,NDX/demo/allocations/01712
AL000720,EV001711,NDX-R00075,11047,USD,2022-09-17T00:14:32-04:00,NDX/demo/allocations/01712
AL000721,EV001714,NDX-R00076,2500,USD,2023-07-22T06:23:45-04:00,NDX/demo/allocations/01714
AL000722,EV001716,NDX-R00077,23189,USD,2022-11-14T12:30:13-05:00,NDX/demo/allocations/01716
AL000723,EV001720,NDX-R00079,378668,USD,2023-08-04T16:26:52-04:00,NDX/demo/allocations/01720
AL000724,EV001722,NDX-R00080,91655,USD,2023-10-21T14:23:39-04:00,NDX/demo/allocations/01722
AL000725,EV001724,NDX-R00081,8264,USD,2023-06-24T00:01:48-04:00,NDX/demo/allocations/01724
AL000726,EV001727,NDX-R00083,12902,USD,2022-11-24T12:18:24-05:00,NDX/demo/allocations/01727
AL000727,EV001729,NDX-R00084,17712,USD,2023-05-11T18:38:26-04:00,NDX/demo/allocations/01729
AL000728,EV001731,NDX-R00085,7031,USD,2023-03-23T21:00:30-04:00,NDX/demo/allocations/01731
AL000729,EV001734,NDX-R00087,1662,USD,2023-06-08T10:46:27-04:00,NDX/demo/allocations/01735
AL000730,EV001734,NDX-R00088,1745,USD,2023-06-05T16:48:29-04:00,NDX/demo/allocations/01735
AL000731,EV001739,NDX-R00090,1620,USD,2022-08-08T16:22:39-04:00,NDX/demo/allocations/01740
AL000732,EV001739,NDX-R00091,1044,USD,2022-08-08T17:19:52-04:00,NDX/demo/allocations/01740
AL000733,EV001742,NDX-R00092,16493,USD,2022-10-29T09:03:30-04:00,NDX/demo/allocations/01743
AL000734,EV001742,NDX-R00093,9146,USD,2022-10-24T21:42:35-04:00,NDX/demo/allocations/01743
AL000735,EV001745,NDX-R00094,20012,USD,2023-05-01T14:35:50-04:00,NDX/demo/allocations/01745
AL000736,EV001748,NDX-R00096,96056,USD,2022-08-03T12:55:36-04:00,NDX/demo/allocations/01748
AL000737,EV001751,NDX-R00098,13576,USD,2023-03-30T13:48:28-04:00,NDX/demo/allocations/01751
AL000738,EV001754,NDX-R00099,12525,USD,2023-05-24T18:49:34-04:00,NDX/demo/allocations/01754
AL000739,EV001756,NDX-R00100,23686,USD,2023-05-09T03:53:55-04:00,NDX/demo/allocations/01756
AL000740,EV001758,NDX-R00101,28635,USD,2023-01-18T13:56:59-05:00,NDX/demo/allocations/01758
AL000741,EV001760,NDX-R00102,7994,USD,2022-12-03T16:30:46-05:00,NDX/demo/allocations/01760
AL000742,EV001764,NDX-R00104,15649,USD,2023-07-03T13:21:41-04:00,NDX/demo/allocations/01764
AL000743,EV001767,NDX-R00106,12525,USD,2023-09-25T19:10:21-04:00,NDX/demo/allocations/01767
AL000744,EV001771,NDX-R00108,13463,USD,2022-08-15T18:19:56-04:00,NDX/demo/allocations/01771
AL000745,EV001773,NDX-R00109,16652,USD,2023-05-02T13:03:53-04:00,NDX/demo/allocations/01773
AL000746,EV001775,NDX-R00110,15010,USD,2023-02-20T18:41:50-05:00,NDX/demo/allocations/01775
AL000747,EV001777,NDX-R00111,17354,USD,2023-04-10T17:45:12-04:00,NDX/demo/allocations/01777
AL000748,EV001779,NDX-R00112,11573,USD,2023-05-17T12:10:46-04:00,NDX/demo/allocations/01779
AL000749,EV001781,NDX-R00113,9776,USD,2023-10-15T00:50:28-04:00,NDX/demo/allocations/01781
AL000750,EV001783,NDX-R00114,1644,USD,2023-08-08T04:07:26-04:00,NDX/demo/allocations/01783
AL000751,EV001785,NDX-R00115,8273,USD,2023-05-25T23:02:12-04:00,NDX/demo/allocations/01785
AL000752,EV001790,NDX-R00117,30791,USD,2022-11-28T17:04:11-05:00,NDX/demo/allocations/01791
AL000753,EV001790,NDX-R00118,30304,USD,2022-11-28T14:45:59-05:00,NDX/demo/allocations/01791
AL000754,EV001793,NDX-R00119,19224,USD,2022-11-21T15:37:00-05:00,NDX/demo/allocations/01793
AL000755,EV001795,NDX-R00120,184160,USD,2023-07-24T20:10:25-04:00,NDX/demo/allocations/01795
AL000756,EV001798,NDX-R00121,7495,USD,2022-10-25T20:55:09-04:00,NDX/demo/allocations/01798
AL000757,EV001801,NDX-R00123,3646,USD,2022-10-05T21:22:24-04:00,NDX/demo/allocations/01801
AL000758,EV001803,NDX-R00124,151743,USD,2023-08-05T10:47:26-04:00,NDX/demo/allocations/01803
AL000759,EV001807,NDX-R00126,43768,USD,2022-11-21T19:40:25-05:00,NDX/demo/allocations/01807
AL000760,EV001809,NDX-R00127,13993,USD,2022-12-23T15:02:22-05:00,NDX/demo/allocations/01809
AL000761,EV001811,NDX-R00128,11259,USD,2023-07-26T21:13:23-04:00,NDX/demo/allocations/01811
AL000762,EV001813,NDX-R00129,116695,USD,2023-02-21T17:49:47-05:00,NDX/demo/allocations/01813
AL000763,EV001815,NDX-R00130,6047,USD,2023-03-30T18:16:56-04:00,NDX/demo/allocations/01815
AL000764,EV001817,NDX-R00131,29266,USD,2023-03-22T22:34:05-04:00,NDX/demo/allocations/01817
AL000765,EV001819,NDX-R00132,7392,USD,2022-11-23T09:38:57-05:00,NDX/demo/allocations/01819
AL000766,EV001821,NDX-R00133,22557,USD,2023-02-13T15:58:15-05:00,NDX/demo/allocations/01821
AL000767,EV001824,NDX-R00135,6960,USD,2023-01-16T14:11:16-05:00,NDX/demo/allocations/01824
AL000768,EV001826,NDX-R00136,9216,USD,2023-04-12T22:06:20-04:00,NDX/demo/allocations/01826
AL000769,EV001829,NDX-R00138,9034,USD,2023-02-07T20:34:17-05:00,NDX/demo/allocations/01829
AL000770,EV001831,NDX-R00139,5069,USD,2022-08-05T23:18:00-04:00,NDX/demo/allocations/01831
AL000771,EV001834,NDX-R00141,12215,USD,2023-06-27T00:50:06-04:00,NDX/demo/allocations/01834
AL000772,EV001836,NDX-R00142,7196,USD,2023-04-26T21:56:03-04:00,NDX/demo/allocations/01836
AL000773,EV001839,NDX-R00144,12731,USD,2023-07-20T19:55:36-04:00,NDX/demo/allocations/01839
AL000774,EV001843,NDX-R00146,19347,USD,2023-09-25T16:29:43-04:00,NDX/demo/allocations/01843
AL000775,EV001845,NDX-R00147,5354,USD,2022-10-02T13:56:56-04:00,NDX/demo/allocations/01845
AL000776,EV001849,NDX-R00149,27789,USD,2022-09-03T06:36:05-04:00,NDX/demo/allocations/01849
AL000777,EV001851,NDX-R00150,10601,USD,2023-01-23T18:33:28-05:00,NDX/demo/allocations/01851
AL000778,EV001855,NDX-R00152,22044,USD,2023-08-07T16:59:58-04:00,NDX/demo/allocations/01855
AL000779,EV001864,NDX-R00158,4070,USD,2022-10-13T04:37:18-04:00,NDX/demo/allocations/01865
AL000780,EV001864,NDX-R00159,3946,USD,2022-10-12T22:50:42-04:00,NDX/demo/allocations/01865
AL000781,EV001867,NDX-R00160,22829,USD,2023-03-09T19:39:33-05:00,NDX/demo/allocations/01867
AL000782,EV001869,NDX-R00161,5770,USD,2023-01-26T05:23:04-05:00,NDX/demo/allocations/01869
AL000783,EV001873,NDX-R00163,8203,USD,2023-06-19T13:35:51-04:00,NDX/demo/allocations/01874
AL000784,EV001873,NDX-R00164,6457,USD,2023-06-19T17:41:45-04:00,NDX/demo/allocations/01874
AL000785,EV001878,NDX-R00166,4780,USD,2022-10-14T16:37:50-04:00,NDX/demo/allocations/01878
AL000786,EV001882,NDX-R00168,28104,USD,2023-06-09T04:12:47-04:00,NDX/demo/allocations/01882
AL000787,EV001884,NDX-R00169,8127,USD,2023-04-15T11:48:32-04:00,NDX/demo/allocations/01884
AL000788,EV001886,NDX-R00170,15945,USD,2023-02-06T14:39:48-05:00,NDX/demo/allocations/01886
AL000789,EV001888,NDX-R00171,14226,USD,2022-08-11T15:42:55-04:00,NDX/demo/allocations/01888
AL000790,EV001890,NDX-R00172,2175,USD,2022-12-05T18:06:43-05:00,NDX/demo/allocations/01890
AL000791,EV001892,NDX-R00173,2408,USD,2022-12-21T17:14:48-05:00,NDX/demo/allocations/01893
AL000792,EV001892,NDX-R00174,2010,USD,2022-12-27T21:50:38-05:00,NDX/demo/allocations/01893
AL000793,EV001895,NDX-R00175,6053,USD,2022-11-24T16:41:29-05:00,NDX/demo/allocations/01896
AL000794,EV001895,NDX-R00176,4707,USD,2022-11-24T15:00:19-05:00,NDX/demo/allocations/01896
AL000795,EV001899,NDX-R00178,4848,USD,2022-12-21T00:36:38-05:00,NDX/demo/allocations/01900
AL000796,EV001899,NDX-R00179,2455,USD,2022-12-20T16:30:49-05:00,NDX/demo/allocations/01900
AL000797,EV001904,NDX-R00181,8958,USD,2023-07-21T16:43:19-04:00,NDX/demo/allocations/01904
AL000798,EV001906,NDX-R00182,11269,USD,2023-04-03T21:30:44-04:00,NDX/demo/allocations/01906
AL000799,EV001908,NDX-R00183,5279,USD,2023-02-20T22:19:01-05:00,NDX/demo/allocations/01908
AL000800,EV001910,NDX-R00184,38791,USD,2023-03-13T12:16:57-04:00,NDX/demo/allocations/01910
AL000801,EV001912,NDX-R00185,5322,USD,2023-02-13T21:24:29-05:00,NDX/demo/allocations/01913
AL000802,EV001912,NDX-R00186,4801,USD,2023-02-20T17:30:21-05:00,NDX/demo/allocations/01913
AL000803,EV001915,NDX-R00187,4591,USD,2022-09-12T13:43:54-04:00,NDX/demo/allocations/01915
AL000804,EV001918,NDX-R00189,19705,USD,2023-05-01T18:58:40-04:00,NDX/demo/allocations/01918
AL000805,EV001920,NDX-R00190,33347,USD,2023-09-17T09:16:11-04:00,NDX/demo/allocations/01920
AL000806,EV001922,NDX-R00191,6678,USD,2023-04-04T04:16:27-04:00,NDX/demo/allocations/01922
AL000807,EV001924,NDX-R00192,2189,USD,2023-02-16T02:48:04-05:00,NDX/demo/allocations/01925
AL000808,EV001924,NDX-R00193,2474,USD,2023-02-08T20:14:24-05:00,NDX/demo/allocations/01925
AL000809,EV001927,NDX-R00194,7909,USD,2023-06-19T17:21:48-04:00,NDX/demo/allocations/01927
AL000810,EV001929,NDX-R00195,204553,USD,2023-09-17T09:08:17-04:00,NDX/demo/allocations/01929
AL000811,EV001932,NDX-R00197,39182,USD,2023-03-09T04:05:48-05:00,NDX/demo/allocations/01932
AL000812,EV001934,NDX-R00198,14837,USD,2022-10-26T10:44:28-04:00,NDX/demo/allocations/01934
AL000813,EV001936,NDX-R00199,10932,USD,2023-02-14T07:15:35-05:00,NDX/demo/allocations/01936
AL000814,EV001940,NDX-R00201,4940,USD,2022-08-20T20:27:16-04:00,NDX/demo/allocations/01940
AL000815,EV001942,NDX-R00202,8082,USD,2023-06-21T21:08:02-04:00,NDX/demo/allocations/01942
AL000816,EV001948,NDX-R00205,9730,USD,2023-02-23T18:06:24-05:00,NDX/demo/allocations/01948
AL000817,EV001950,NDX-R00206,17783,USD,2023-05-02T11:12:22-04:00,NDX/demo/allocations/01950
AL000818,EV001952,NDX-R00207,6943,USD,2023-10-14T04:32:04-04:00,NDX/demo/allocations/01952
AL000819,EV001954,NDX-R00208,25507,USD,2022-09-29T15:53:52-04:00,NDX/demo/allocations/01954
AL000820,EV001956,NDX-R00209,10789,USD,2022-10-19T11:57:51-04:00,NDX/demo/allocations/01956
AL000821,EV001958,NDX-R00210,32274,USD,2023-12-12T18:06:05-05:00,NDX/demo/allocations/01958
AL000822,EV001960,NDX-R00211,61580,USD,2022-12-15T18:29:24-05:00,NDX/demo/allocations/01960
AL000823,EV001962,NDX-R00212,29607,USD,2023-03-12T04:39:59-04:00,NDX/demo/allocations/01962
AL000824,EV001964,NDX-R00213,9697,USD,2023-08-24T08:53:54-04:00,NDX/demo/allocations/01965
AL000825,EV001964,NDX-R00214,4865,USD,2023-08-22T11:56:47-04:00,NDX/demo/allocations/01965
AL000826,EV001967,NDX-R00215,22285,USD,2023-10-12T20:47:26-04:00,NDX/demo/allocations/01967
AL000827,EV001969,NDX-R00216,4836,USD,2022-11-14T15:44:15-05:00,NDX/demo/allocations/01969
AL000828,EV001971,NDX-R00217,10045,USD,2022-10-07T16:54:33-04:00,NDX/demo/allocations/01971
AL000829,EV001973,NDX-R00218,73902,USD,2022-12-12T19:00:03-05:00,NDX/demo/allocations/01974
AL000830,EV001973,NDX-R00219,31675,USD,2022-12-12T12:03:18-05:00,NDX/demo/allocations/01974
AL000831,EV001976,NDX-R00220,6850,USD,2023-08-03T18:12:27-04:00,NDX/demo/allocations/01976
AL000832,EV001978,NDX-R00221,6908,USD,2023-09-26T17:36:47-04:00,NDX/demo/allocations/01978
AL000833,EV001982,NDX-R00223,4408,USD,2023-08-21T16:06:25-04:00,NDX/demo/allocations/01982
AL000834,EV001984,NDX-R00224,29655,USD,2022-09-10T05:48:10-04:00,NDX/demo/allocations/01984
AL000835,EV001987,NDX-R00225,68899,USD,2022-08-18T08:03:48-04:00,NDX/demo/allocations/01987
AL000836,EV001989,NDX-R00226,33229,USD,2022-12-13T15:13:21-05:00,NDX/demo/allocations/01989
AL000837,EV001992,NDX-R00228,9299,USD,2023-04-07T20:45:46-04:00,NDX/demo/allocations/01993
AL000838,EV001992,NDX-R00229,4105,USD,2023-04-15T05:22:15-04:00,NDX/demo/allocations/01993
AL000839,EV001997,NDX-R00231,24764,USD,2023-06-22T11:14:14-04:00,NDX/demo/allocations/01997
AL000840,EV002000,NDX-R00233,7758,USD,2023-10-25T11:47:46-04:00,NDX/demo/allocations/02000
AL000841,EV002002,NDX-R00234,35065,USD,2023-08-02T14:27:38-04:00,NDX/demo/allocations/02002
AL000842,EV002006,NDX-R00236,47190,USD,2023-09-16T15:34:24-04:00,NDX/demo/allocations/02006
AL000843,EV002009,NDX-R00238,6789,USD,2023-03-22T19:24:30-04:00,NDX/demo/allocations/02009
AL000844,EV002013,NDX-R00240,8503,USD,2022-07-25T10:36:19-04:00,NDX/demo/allocations/02013
AL000845,EV002015,NDX-R00241,53731,USD,2023-10-10T10:19:25-04:00,NDX/demo/allocations/02015
AL000846,EV002017,NDX-R00242,3849,USD,2023-03-01T13:22:20-05:00,NDX/demo/allocations/02017
AL000847,EV002019,NDX-R00243,16447,USD,2023-05-05T14:07:46-04:00,NDX/demo/allocations/02019
AL000848,EV002027,NDX-R00247,10714,USD,2023-03-09T13:22:04-05:00,NDX/demo/allocations/02027
AL000849,EV002029,NDX-R00248,15126,USD,2023-01-05T16:56:36-05:00,NDX/demo/allocations/02029
AL000850,EV002032,NDX-R00250,12170,USD,2023-02-02T16:42:39-05:00,NDX/demo/allocations/02032
AL000851,EV002034,NDX-R00251,1622,USD,2022-11-10T19:54:41-05:00,NDX/demo/allocations/02034
AL000852,EV002038,NDX-R00254,30237,USD,2023-04-10T22:38:16-04:00,NDX/demo/allocations/02038
AL000853,EV002040,NDX-R00255,8096,USD,2023-05-26T12:14:28-04:00,NDX/demo/allocations/02040
AL000854,EV002042,NDX-R00256,5300,USD,2023-06-23T18:59:48-04:00,NDX/demo/allocations/02043
AL000855,EV002042,NDX-R00257,5602,USD,2023-06-28T21:11:12-04:00,NDX/demo/allocations/02043
AL000856,EV002045,NDX-R00258,53279,USD,2023-05-08T17:41:25-04:00,NDX/demo/allocations/02045
AL000857,EV002047,NDX-R00259,23975,USD,2023-09-14T15:41:16-04:00,NDX/demo/allocations/02047
AL000858,EV002051,NDX-R00261,20086,USD,2023-08-24T09:35:19-04:00,NDX/demo/allocations/02051
AL000859,EV002053,NDX-R00262,34111,USD,2022-09-19T11:35:49-04:00,NDX/demo/allocations/02053
AL000860,EV002055,NDX-R00263,5108,USD,2023-01-02T16:43:44-05:00,NDX/demo/allocations/02055
AL000861,EV002057,NDX-R00264,24871,USD,2022-12-07T14:11:18-05:00,NDX/demo/allocations/02057
AL000862,EV002059,NDX-R00265,21746,USD,2023-06-22T09:15:18-04:00,NDX/demo/allocations/02059
AL000863,EV002063,NDX-R00267,11590,USD,2023-10-25T20:51:15-04:00,NDX/demo/allocations/02063
AL000864,EV002066,NDX-R00269,6581,USD,2022-09-12T15:46:46-04:00,NDX/demo/allocations/02066
AL000865,EV002070,NDX-R00271,5332,USD,2023-08-30T12:33:08-04:00,NDX/demo/allocations/02070
AL000866,EV002072,NDX-R00272,8851,USD,2022-08-31T12:54:17-04:00,NDX/demo/allocations/02072
AL000867,EV002076,NDX-R00274,18962,USD,2022-10-01T00:21:44-04:00,NDX/demo/allocations/02076
AL000868,EV002078,NDX-R00275,26484,USD,2022-09-05T00:13:34-04:00,NDX/demo/allocations/02078
AL000869,EV002081,NDX-R00277,9413,USD,2023-01-09T17:18:15-05:00,NDX/demo/allocations/02081
AL000870,EV002083,NDX-R00278,70796,USD,2023-07-17T13:43:15-04:00,NDX/demo/allocations/02083
AL000871,EV002085,NDX-R00279,19089,USD,2023-10-23T20:18:51-04:00,NDX/demo/allocations/02085
AL000872,EV002090,NDX-R00282,6465,USD,2022-10-19T10:58:00-04:00,NDX/demo/allocations/02090
AL000873,EV002092,NDX-R00283,74752,USD,2023-08-03T09:39:06-04:00,NDX/demo/allocations/02092
AL000874,EV002094,NDX-R00284,8783,USD,2023-06-09T00:17:23-04:00,NDX/demo/allocations/02094
AL000875,EV002096,NDX-R00285,29417,USD,2023-04-25T05:41:08-04:00,NDX/demo/allocations/02096
AL000876,EV002100,NDX-R00288,87626,USD,2023-09-16T23:34:50-04:00,NDX/demo/allocations/02100
AL000877,EV002103,NDX-R00290,9222,USD,2023-02-09T22:46:35-05:00,NDX/demo/allocations/02103
AL000878,EV002105,NDX-R00291,3447,USD,2022-11-25T01:51:42-05:00,NDX/demo/allocations/02106
AL000879,EV002105,NDX-R00292,1620,USD,2022-11-24T10:17:31-05:00,NDX/demo/allocations/02106
AL000880,EV002108,NDX-R00293,11171,USD,2022-07-19T14:56:54-04:00,NDX/demo/allocations/02108
AL000881,EV002110,NDX-R00294,4845,USD,2023-03-06T16:18:51-05:00,NDX/demo/allocations/02110
AL000882,EV002112,NDX-R00295,10796,USD,2023-06-01T20:27:53-04:00,NDX/demo/allocations/02112
AL000883,EV002114,NDX-R00296,32115,USD,2023-02-24T13:50:43-05:00,NDX/demo/allocations/02114
