record_id,true_lineage_id
CPL-R00001,L00001
CPL-R00002,L00002
CPL-R00003,L00003
CPL-R00004,L00003
CPL-R00005,L00004
CPL-R00006,L00005
CPL-R00007,L00006
CPL-R00008,L00006
CPL-R00009,L00007
CPL-R00010,L00008
CPL-R00011,L00009
CPL-R00012,L00010
CPL-R00013,L00011
CPL-R00014,L00012
CPL-R00015,L00013
CPL-R00016,L00014
CPL-R00017,L00015
CPL-R00018,L00016
CPL-R00019,L00017
CPL-R00020,L00018
CPL-R00021,L00019
CPL-R00022,L00020
CPL-R00023,L00021
CPL-R00024,L00022
CPL-R00025,L00023
CPL-R00026,L00024
CPL-R00027,L00025
CPL-R00028,L00026
CPL-R00029,L00027
CPL-R00030,L00028
CPL-R00031,L00028
CPL-R00032,L00029
CPL-R00033,L00030
CPL-R00034,L00031
CPL-R00037,L00032
CPL-R00035,L00032
CPL-R00036,L00032
CPL-R00038,L00033
CPL-R00039,L00034
CPL-R00041,L00035
CPL-R00040,L00035
CPL-R00042,L00036
CPL-R00043,L00037
CPL-R00044,L00037
CPL-R00045,L00038
CPL-R00046,L00039
CPL-R00047,L00040
CPL-R00048,L00041
CPL-R00049,L00042
CPL-R00051,L00043
CPL-R00050,L00043
CPL-R00052,L00044
CPL-R00053,L00045
CPL-R00054,L00046
CPL-R00055,L00047
CPL-R00056,L00048
CPL-R00057,L00049
CPL-R00058,L00050
CPL-R00059,L00051
CPL-R00060,L00052
CPL-R00061,L00053
CPL-R00062,L00054
CPL-R00063,L00055
CPL-R00065,L00057
CPL-R00066,L00058
CPL-R00067,L00059
CPL-R00068,L00060
CPL-R00069,L00061
CPL-R00070,L00061
CPL-R00071,L00062
CPL-R00072,L00063
CPL-R00073,L00064
CPL-R00074,L00065
CPL-R00075,L00066
CPL-R00077,L00067
CPL-R00076,L00067
CPL-R00078,L00068
CPL-R00079,L00069
CPL-R00080,L00070
CPL-R00081,L00071
CPL-R00082,L00072
CPL-R00083,L00073
CPL-R00084,L00074
CPL-R00085,L00075
CPL-R00086,L00076
CPL-R00087,L00077
CPL-R00088,L00078
CPL-R00089,L00079
CPL-R00090,L00080
CPL-R00091,L00081
CPL-R00093,L00082
CPL-R00092,L00082
CPL-R00094,L00083
CPL-R00095,L00084
CPL-R00096,L00085
CPL-R00097,L00086
CPL-R00098,L00087
CPL-R00099,L00088
CPL-R00100,L00089
CPL-R00101,L00090
CPL-R00102,L00091
CPL-R00103,L00092
CPL-R00104,L00093
CPL-R00105,L00094
CPL-R00108,L00095
CPL-R00106,L00095
CPL-R00107,L00095
CPL-R00109,L00096
CPL-R00110,L00097
CPL-R00111,L00098
CPL-R00112,L00099
CPL-R00114,L00100
CPL-R00113,L00100
CPL-R00115,L00101
CPL-R00117,L00102
CPL-R00116,L00102
CPL-R00118,L00103
CPL-R00119,L00104
CPL-R00120,L00105
CPL-R00121,L00106
CPL-R00122,L00107
CPL-R00123,L00108
CPL-R00124,L00109
CPL-R00125,L00110
CPL-R00126,L00111
CPL-R00127,L00112
CPL-R00128,L00112
CPL-R00129,L00113
CPL-R00130,L00113
CPL-R00131,L00114
CPL-R00132,L00115
CPL-R00133,L00116
CPL-R00136,L00117
CPL-R00134,L00117
CPL-R00135,L00117
CPL-R00137,L00118
CPL-R00138,L00119
CPL-R00139,L00120
CPL-R00141,L00121
CPL-R00140,L00121
CPL-R00142,L00122
CPL-R00143,L00123
CPL-R00144,L00124
CPL-R00145,L00125
CPL-R00146,L00126
CPL-R00147,L00127
CPL-R00148,L00128
CPL-R00149,L00129
CPL-R00150,L00130
CPL-R00151,L00131
CPL-R00152,L00132
CPL-R00153,L00133
CPL-R00154,L00134
CPL-R00155,L00135
CPL-R00156,L00136
CPL-R00157,L00137
CPL-R00158,L00137
CPL-R00159,L00138
CPL-R00160,L00138
CPL-R00161,L00139
CPL-R00163,L00140
CPL-R00162,L00140
CPL-R00164,L00141
CPL-R00165,L00142
CPL-R00166,L00143
CPL-R00167,L00144
CPL-R00168,L00145
CPL-R00169,L00146
CPL-R00170,L00147
CPL-R00171,L00148
CPL-R00172,L00149
CPL-R00173,L00150
CPL-R00174,L00151
CPL-R00175,L00152
CPL-R00176,L00153
CPL-R00177,L00154
CPL-R00178,L00154
CPL-R00179,L00155
CPL-R00180,L00156
CPL-R00181,L00157
CPL-R00182,L00158
CPL-R00183,L00159
CPL-R00185,L00160
CPL-R00184,L00160
CPL-R00186,L00161
CPL-R00187,L00162
CPL-R00188,L00163
CPL-R00189,L00164
CPL-R00190,L00165
CPL-R00191,L00166
CPL-R00192,L00167
CPL-R00193,L00168
CPL-R00194,L00168
CPL-R00195,L00169
CPL-R00196,L00170
CPL-R00197,L00171
CPL-R00198,L00172
CPL-R00199,L00172
CPL-R00200,L00173
CPL-R00201,L00174
CPL-R00202,L00175
CPL-R00203,L00176
CPL-R00204,L00177
CPL-R00205,L00178
CPL-R00206,L00179
CPL-R00207,L00180
CPL-R00208,L00181
CPL-R00209,L00182
CPL-R00210,L00183
CPL-R00212,L00184
CPL-R00211,L00184
CPL-R00213,L00185
CPL-R00214,L00185
CPL-R00215,L00186
CPL-R00216,L00186
CPL-R00217,L00187
CPL-R00218,L00187
CPL-R00219,L00188
CPL-R00220,L00189
CPL-R00223,L00190
CPL-R00221,L00190
CPL-R00222,L00190
CPL-R00224,L00191
CPL-R00225,L00192
CPL-R00226,L00193
CPL-R00227,L00194
CPL-R00228,L00195
CPL-R00229,L00196
CPL-R00230,L00197
CPL-R00231,L00198
CPL-R00232,L00199
CPL-R00233,L00200
CPL-R00234,L00201
CPL-R00235,L00201
CPL-R00236,L00202
CPL-R00237,L00203
CPL-R00239,L00204
CPL-R00238,L00204
CPL-R00240,L00205
CPL-R00241,L00206
CPL-R00242,L00206
CPL-R00243,L00207
CPL-R00244,L00208
CPL-R00245,L00209
CPL-R00246,L00210
CPL-R00247,L00211
CPL-R00248,L00212
CPL-R00249,L00213
CPL-R00250,L00214
CPL-R00251,L00215
CPL-R00252,L00216
CPL-R00253,L00217
CPL-R00254,L00218
CPL-R00255,L00219
CPL-R00256,L00220
CPL-R00257,L00221
CPL-R00258,L00222
CPL-R00259,L00223
CPL-R00260,L00224
CPL-R00262,L00225
CPL-R00261,L00225
CPL-R00263,L00226
CPL-R00264,L00227
CPL-R00265,L00228
CPL-R00266,L00229
CPL-R00267,L00230
CPL-R00268,L00230
CPL-R00269,L00231
CPL-R00270,L00232
CPL-R00271,L00233
CPL-R00272,L00234
CPL-R00274,L00235
CPL-R00273,L00235
CPL-R00275,L00236
CPL-R00276,L00237
CPL-R00277,L00238
CPL-R00278,L00239
CPL-R00279,L00240
CPL-R00280,L00240
CPL-R00281,L00241
CPL-R00282,L00242
CPL-R00283,L00243
CPL-R00284,L00244
CPL-R00286,L00245
CPL-R00285,L00245
CPL-R00287,L00246
CPL-R00288,L00247
CPL-R00291,L00248
CPL-R00289,L00248
CPL-R00290,L00248
CPL-R00292,L00249
CPL-R00293,L00250
CPL-R00294,L00251
CPL-R00295,L00252
CPL-R00296,L00253
CPL-R00297,L00253
CPL-R00298,L00254
CPL-R00299,L00255
CPL-R00300,L00256
CPL-R00301,L00257
CPL-R00302,L00258
CPL-R00303,L00259
CPL-R00304,L00259
CPL-R00305,L00260
CPL-R00306,L00261
CPL-R00308,L00262
CPL-R00307,L00262
CPL-R00310,L00263
CPL-R00309,L00263
CPL-R00311,L00264
CPL-R00312,L00264
CPL-R00313,L00265
CPL-R00314,L00266
CPL-R00315,L00267
CPL-R00316,L00268
CPL-R00317,L00268
CPL-R00318,L00269
CPL-R00319,L00269
CPL-R00320,L00270
CPL-R00321,L00271
CPL-R00322,L00272
CPL-R00323,L00273
CPL-R00324,L00274
CPL-R00325,L00275
CPL-R00326,L00275
CPL-R00327,L00276
CPL-R00328,L00276
CPL-R00329,L00277
CPL-R00330,L00278
CPL-R00331,L00279
CPL-R00332,L00280
CPL-R00333,L00281
CPL-R00334,L00282
CPL-R00335,L00283
CPL-R00336,L00284
CPL-R00337,L00285
CPL-R00338,L00285
CPL-R00339,L00286
CPL-R00340,L00287
CPL-R00341,L00288
CPL-R00342,L00289
CPL-R00343,L00290
CPL-R00344,L00291
CPL-R00345,L00292
CPL-R00346,L00293
CPL-R00347,L00294
CPL-R00349,L00295
CPL-R00348,L00295
CPL-R00350,L00296
CPL-R00351,L00297
CPL-R00352,L00298
CPL-R00353,L00299
CPL-R00354,L00300
CPL-R00355,L00301
CPL-R00356,L00302
CPL-R00357,L00303
CPL-R00358,L00303
CPL-R00359,L00304
CPL-R00360,L00304
CPL-R00361,L00305
CPL-R00363,L00306
CPL-R00362,L00306
CPL-R00364,L00307
CPL-R00365,L00308
CPL-R00366,L00309
CPL-R00367,L00310
CPL-R00368,L00311
CPL-R00369,L00312
CPL-R00370,L00313
CPL-R00371,L00313
CPL-R00372,L00314
CPL-R00373,L00315
CPL-R00374,L00316
CPL-R00375,L00317
CPL-R00376,L00318
CPL-R00377,L00319
CPL-R00378,L00320
CPL-R00379,L00321
CPL-R00380,L00322
CPL-R00381,L00323
CPL-R00382,L00324
CPL-R00383,L00325
CPL-R00384,L00326
CPL-R00387,L00327
CPL-R00385,L00327
CPL-R00386,L00327
CPL-R00388,L00328
CPL-R00389,L00329
CPL-R00390,L00329
CPL-R00391,L00330
CPL-R00392,L00331
CPL-R00393,L00332
CPL-R00394,L00333
CPL-R00395,L00334
CPL-R00396,L00334
CPL-R00397,L00335
CPL-R00398,L00336
CPL-R00399,L00337
CPL-R00400,L00338
CPL-R00401,L00339
CPL-R00402,L00339
CPL-R00403,L00340
CPL-R00404,L00341
CPL-R00405,L00342
CPL-R00406,L00343
CPL-R00407,L00344
CPL-R00408,L00345
CPL-R00409,L00346
CPL-R00411,L00347
CPL-R00410,L00347
CPL-R00412,L00348
CPL-R00413,L00349
CPL-R00414,L00350
CPL-R00415,L00351
CPL-R00416,L00352
CPL-R00417,L00353
CPL-R00418,L00354
CPL-R00419,L00355
CPL-R00420,L00356
CPL-R00421,L00357
CPL-R00422,L00357
CPL-R00423,L00358
CPL-R00424,L00359
CPL-R00425,L00360
CPL-R00426,L00361
CPL-R00427,L00361
CPL-R00428,L00362
CPL-R00429,L00363
CPL-R00431,L00364
CPL-R00430,L00364
CPL-R00433,L00365
CPL-R00432,L00365
CPL-R00434,L00366
CPL-R00435,L00367
CPL-R00437,L00368
CPL-R00436,L00368
CPL-R00438,L00369
CPL-R00439,L00370
CPL-R00440,L00370
CPL-R00441,L00371
CPL-R00442,L00371
CPL-R00443,L00372
CPL-R00444,L00373
CPL-R00445,L00374
CPL-R00447,L00375
CPL-R00446,L00375
CPL-R00448,L00376
CPL-R00449,L00377
CPL-R00450,L00378
CPL-R00451,L00379
CPL-R00453,L00380
CPL-R00452,L00380
CPL-R00454,L00381
CPL-R00455,L00382
CPL-R00456,L00383
CPL-R00457,L00384
CPL-R00458,L00385
CPL-R00459,L00386
CPL-R00460,L00387
CPL-R00461,L00388
CPL-R00462,L00389
CPL-R00463,L00390
CPL-R00464,L00391
CPL-R00465,L00392
CPL-R00466,L00393
CPL-R00467,L00394
CPL-R00468,L00395
CPL-R00469,L00396
CPL-R00470,L00397
CPL-R00471,L00397
CPL-R00472,L00398
CPL-R00473,L00399
CPL-R00474,L00400
TRI-R00475,L00401
TRI-R00476,L00402
TRI-R00477,L00403
TRI-R00478,L00404
TRI-R00479,L00405
TRI-R00481,L00406
TRI-R00480,L00406
TRI-R00482,L00407
TRI-R00483,L00408
TRI-R00484,L00409
TRI-R00485,L00410
TRI-R00486,L00411
TRI-R00487,L00412
TRI-R00488,L00413
TRI-R00489,L00414
TRI-R00490,L00415
TRI-R00491,L00416
TRI-R00492,L00417
TRI-R00493,L00418
TRI-R00494,L00419
TRI-R00495,L00420
TRI-R00496,L00420
TRI-R00497,L00421
TRI-R00498,L00422
TRI-R00499,L00423
TRI-R00500,L00424
TRI-R00502,L00425
TRI-R00501,L00425
TRI-R00503,L00426
TRI-R00504,L00427
TRI-R00505,L00427
TRI-R00506,L00428
TRI-R00507,L00428
TRI-R00508,L00429
TRI-R00509,L00429
TRI-R00512,L00430
TRI-R00510,L00430
TRI-R00511,L00430
TRI-R00513,L00431
TRI-R00515,L00432
TRI-R00514,L00432
TRI-R00516,L00433
TRI-R00517,L00434
TRI-R00518,L00434
TRI-R00519,L00435
TRI-R00520,L00436
TRI-R00521,L00437
TRI-R00522,L00438
TRI-R00523,L00439
TRI-R00524,L00440
TRI-R00525,L00441
TRI-R00526,L00442
TRI-R00527,L00442
TRI-R00528,L00443
TRI-R00529,L00444
TRI-R00530,L00445
TRI-R00531,L00446
TRI-R00532,L00447
TRI-R00533,L00447
TRI-R00534,L00448
TRI-R00535,L00449
TRI-R00536,L00450
TRI-R00537,L00451
TRI-R00538,L00452
TRI-R00539,L00453
TRI-R00541,L00455
TRI-R00542,L00456
TRI-R00543,L00457
TRI-R00544,L00458
TRI-R00545,L00459
TRI-R00546,L00460
TRI-R00547,L00461
TRI-R00549,L00462
TRI-R00548,L00462
TRI-R00550,L00463
TRI-R00551,L00464
TRI-R00552,L00465
TRI-R00553,L00466
TRI-R00554,L00467
TRI-R00555,L00468
TRI-R00557,L00469
TRI-R00556,L00469
TRI-R00558,L00470
TRI-R00559,L00471
TRI-R00561,L00472
TRI-R00560,L00472
TRI-R00562,L00473
TRI-R00563,L00474
TRI-R00564,L00475
TRI-R00565,L00476
TRI-R00566,L00477
TRI-R00567,L00478
TRI-R00568,L00479
TRI-R00569,L00480
TRI-R00570,L00481
TRI-R00571,L00482
TRI-R00572,L00483
TRI-R00573,L00484
TRI-R00574,L00485
TRI-R00575,L00486
TRI-R00576,L00487
TRI-R00577,L00488
TRI-R00578,L00489
TRI-R00579,L00490
TRI-R00580,L00491
TRI-R00581,L00492
TRI-R00582,L00493
TRI-R00583,L00494
TRI-R00584,L00495
TRI-R00585,L00496
TRI-R00586,L00497
TRI-R00587,L00498
TRI-R00589,L00499
TRI-R00588,L00499
TRI-R00590,L00500
TRI-R00591,L00501
TRI-R00592,L00502
TRI-R00593,L00503
TRI-R00594,L00504
TRI-R00595,L00505
TRI-R00596,L00506
TRI-R00597,L00507
TRI-R00598,L00508
TRI-R00599,L00509
TRI-R00600,L00510
TRI-R00601,L00511
TRI-R00602,L00512
TRI-R00603,L00513
TRI-R00604,L00514
TRI-R00605,L00514
TRI-R00606,L00515
TRI-R00607,L00516
TRI-R00608,L00517
TRI-R00609,L00518
TRI-R00610,L00519
TRI-R00611,L00520
TRI-R00612,L00521
TRI-R00613,L00522
TRI-R00614,L00523
TRI-R00615,L00524
TRI-R00616,L00525
TRI-R00617,L00525
TRI-R00618,L00526
TRI-R00619,L00526
TRI-R00620,L00527
TRI-R00621,L00528
TRI-R00622,L00529
TRI-R00623,L00530
TRI-R00624,L00531
TRI-R00625,L00532
TRI-R00626,L00533
TRI-R00627,L00534
TRI-R00628,L00535
TRI-R00629,L00536
TRI-R00630,L00537
TRI-R00631,L00538
TRI-R00632,L00539
TRI-R00633,L00540
TRI-R00634,L00540
TRI-R00635,L00541
TRI-R00636,L00542
TRI-R00638,L00543
TRI-R00637,L00543
TRI-R00639,L00544
TRI-R00640,L00545
TRI-R00641,L00546
TRI-R00642,L00547
TRI-R00643,L00548
TRI-R00644,L00549
TRI-R00645,L00550
TRI-R00646,L00551
TRI-R00648,L00552
TRI-R00647,L00552
TRI-R00650,L00553
TRI-R00649,L00553
TRI-R00651,L00554
TRI-R00652,L00554
TRI-R00653,L00555
TRI-R00654,L00556
TRI-R00655,L00557
TRI-R00656,L00558
TRI-R00657,L00559
TRI-R00658,L00560
TRI-R00659,L00561
TRI-R00660,L00562
TRI-R00661,L00563
TRI-R00662,L00564
TRI-R00663,L00565
TRI-R00664,L00566
TRI-R00665,L00567
TRI-R00666,L00568
TRI-R00667,L00569
TRI-R00668,L00570
TRI-R00669,L00571
TRI-R00670,L00572
TRI-R00671,L00573
TRI-R00672,L00574
TRI-R00673,L00575
TRI-R00674,L00576
TRI-R00676,L00577
TRI-R00675,L00577
TRI-R00677,L00578
TRI-R00678,L00579
TRI-R00679,L00580
TRI-R00680,L00581
TRI-R00681,L00582
TRI-R00682,L00583
TRI-R00683,L00584
TRI-R00684,L00585
TRI-R00685,L00586
TRI-R00686,L00587
TRI-R00687,L00588
TRI-R00688,L00589
TRI-R00689,L00589
TRI-R00690,L00590
TRI-R00691,L00591
TRI-R00692,L00592
TRI-R00693,L00593
TRI-R00694,L00594
TRI-R00695,L00595
TRI-R00696,L00596
TRI-R00697,L00597
TRI-R00698,L00598
TRI-R00699,L00599
TRI-R00700,L00599
TRI-R00701,L00600
TRI-R00702,L00601
TRI-R00703,L00602
TRI-R00704,L00603
TRI-R00705,L00604
TRI-R00706,L00605
TRI-R00707,L00606
TRI-R00708,L00607
TRI-R00709,L00608
TRI-R00710,L00609
TRI-R00711,L00610
TRI-R00712,L00611
TRI-R00713,L00612
TRI-R00714,L00613
TRI-R00715,L00614
TRI-R00716,L00615
TRI-R00717,L00616
TRI-R00719,L00617
TRI-R00718,L00617
TRI-R00720,L00618
TRI-R00721,L00619
TRI-R00722,L00620
TRI-R00723,L00621
TRI-R00724,L00622
TRI-R00725,L00623
TRI-R00726,L00624
TRI-R00728,L00625
TRI-R00727,L00625
TRI-R00729,L00626
TRI-R00730,L00627
TRI-R00731,L00628
TRI-R00733,L00629
TRI-R00732,L00629
TRI-R00734,L00630
TRI-R00735,L00631
TRI-R00736,L00632
TRI-R00737,L00633
TRI-R00738,L00634
TRI-R00739,L00635
TRI-R00740,L00636
TRI-R00741,L00637
TRI-R00742,L00638
TRI-R00743,L00639
TRI-R00744,L00640
TRI-R00745,L00641
TRI-R00746,L00642
TRI-R00747,L00643
TRI-R00748,L00644
TRI-R00749,L00645
TRI-R00750,L00646
TRI-R00751,L00647
TRI-R00752,L00647
TRI-R00753,L00648
TRI-R00754,L00649
TRI-R00755,L00650
TRI-R00756,L00651
TRI-R00757,L00652
TRI-R00758,L00653
TRI-R00759,L00654
TRI-R00760,L00655
TRI-R00761,L00656
TRI-R00762,L00657
TRI-R00763,L00658
TRI-R00764,L00658
TRI-R00765,L00659
TRI-R00766,L00660
TRI-R00767,L00661
TRI-R00768,L00662
TRI-R00769,L00663
TRI-R00770,L00663
TRI-R00772,L00664
TRI-R00771,L00664
TRI-R00773,L00665
TRI-R00774,L00666
TRI-R00775,L00667
TRI-R00776,L00668
TRI-R00779,L00669
TRI-R00777,L00669
TRI-R00778,L00669
TRI-R00781,L00670
TRI-R00780,L00670
TRI-R00782,L00671
TRI-R00783,L00671
TRI-R00784,L00672
TRI-R00785,L00673
TRI-R00786,L00674
TRI-R00787,L00675
TRI-R00788,L00676
TRI-R00789,L00676
TRI-R00790,L00677
TRI-R00791,L00678
TRI-R00792,L00679
TRI-R00793,L00680
TRI-R00794,L00681
TRI-R00795,L00682
TRI-R00796,L00682
TRI-R00797,L00683
TRI-R00798,L00684
TRI-R00799,L00685
TRI-R00800,L00686
TRI-R00801,L00686
TRI-R00802,L00687
TRI-R00803,L00688
TRI-R00804,L00689
TRI-R00805,L00690
TRI-R00806,L00691
TRI-R00807,L00692
TRI-R00808,L00693
TRI-R00809,L00694
TRI-R00810,L00695
TRI-R00811,L00696
TRI-R00812,L00697
TRI-R00813,L00698
TRI-R00814,L00699
TRI-R00815,L00700
TRI-R00816,L00701
TRI-R00817,L00702
TRI-R00818,L00703
TRI-R00819,L00704
TRI-R00820,L00705
TRI-R00821,L00705
TRI-R00822,L00706
TRI-R00823,L00707
TRI-R00824,L00708
TRI-R00825,L00709
TRI-R00826,L00709
TRI-R00827,L00710
TRI-R00828,L00711
TRI-R00829,L00711
TRI-R00830,L00712
TRI-R00831,L00713
TRI-R00832,L00714
TRI-R00833,L00715
TRI-R00834,L00716
TRI-R00835,L00717
TRI-R00836,L00718
TRI-R00837,L00719
TRI-R00838,L00720
TRI-R00839,L00721
TRI-R00840,L00722
TRI-R00841,L00723
TRI-R00842,L00724
TRI-R00843,L00725
TRI-R00845,L00727
TRI-R00846,L00728
TRI-R00847,L00729
TRI-R00848,L00730
TRI-R00849,L00731
TRI-R00850,L00732
TRI-R00852,L00733
TRI-R00851,L00733
TRI-R00853,L00734
TRI-R00854,L00735
TRI-R00855,L00736
TRI-R00856,L00737
TRI-R00857,L00738
TRI-R00858,L00739
TRI-R00859,L00740
TRI-R00860,L00741
TRI-R00861,L00742
TRI-R00862,L00743
TRI-R00863,L00744
TRI-R00865,L00745
TRI-R00864,L00745
TRI-R00866,L00746
TRI-R00868,L00747
TRI-R00867,L00747
TRI-R00869,L00748
TRI-R00870,L00749
TRI-R00871,L00750
NDX-R00872,L00751
NDX-R00873,L00752
NDX-R00875,L00753
NDX-R00874,L00753
NDX-R00876,L00754
NDX-R00877,L00755
NDX-R00878,L00756
NDX-R00879,L00757
NDX-R00880,L00758
NDX-R00881,L00759
NDX-R00883,L00760
NDX-R00882,L00760
NDX-R00884,L00761
NDX-R00885,L00762
NDX-R00886,L00763
NDX-R00887,L00763
NDX-R00888,L00764
NDX-R00889,L00765
NDX-R00890,L00766
NDX-R00891,L00767
NDX-R00892,L00768
NDX-R00893,L00769
NDX-R00894,L00770
NDX-R00895,L00771
NDX-R00896,L00772
NDX-R00897,L00773
NDX-R00898,L00774
NDX-R00899,L00775
NDX-R00900,L00776
NDX-R00901,L00777
NDX-R00902,L00778
NDX-R00903,L00779
NDX-R00904,L00780
NDX-R00905,L00781
NDX-R00906,L00782
NDX-R00907,L00783
NDX-R00908,L00784
NDX-R00909,L00785
NDX-R00910,L00786
NDX-R00911,L00786
NDX-R00912,L00787
NDX-R00913,L00788
NDX-R00914,L00789
NDX-R00915,L00790
NDX-R00916,L00791
NDX-R00917,L00792
NDX-R00918,L00793
NDX-R00919,L00793
NDX-R00920,L00794
NDX-R00921,L00795
NDX-R00922,L00796
NDX-R00923,L00796
NDX-R00924,L00797
NDX-R00925,L00798
NDX-R00926,L00799
NDX-R00927,L00800
NDX-R00928,L00801
NDX-R00929,L00802
NDX-R00931,L00803
NDX-R00930,L00803
NDX-R00932,L00804
NDX-R00933,L00805
NDX-R00934,L00805
NDX-R00935,L00806
NDX-R00936,L00807
NDX-R00937,L00808
NDX-R00938,L00809
NDX-R00939,L00810
NDX-R00940,L00811
NDX-R00941,L00812
NDX-R00942,L00813
NDX-R00943,L00814
NDX-R00944,L00815
NDX-R00946,L00816
NDX-R00945,L00816
NDX-R00947,L00817
NDX-R00948,L00818
NDX-R00949,L00819
NDX-R00950,L00820
NDX-R00951,L00821
NDX-R00952,L00822
NDX-R00953,L00823
NDX-R00954,L00824
NDX-R00955,L00825
NDX-R00956,L00826
NDX-R00959,L00827
NDX-R00957,L00827
NDX-R00958,L00827
NDX-R00960,L00828
NDX-R00962,L00829
NDX-R00961,L00829
NDX-R00964,L00830
NDX-R00963,L00830
NDX-R00965,L00831
NDX-R00966,L00832
NDX-R00967,L00833
NDX-R00968,L00834
NDX-R00969,L00835
NDX-R00970,L00836
NDX-R00971,L00837
NDX-R00972,L00838
NDX-R00973,L00839
NDX-R00974,L00840
NDX-R00975,L00841
NDX-R00976,L00842
NDX-R00977,L00842
NDX-R00978,L00843
NDX-R00979,L00844
NDX-R00980,L00845
NDX-R00981,L00846
NDX-R00982,L00847
NDX-R00983,L00848
NDX-R00984,L00849
NDX-R00985,L00850
NDX-R00986,L00851
NDX-R00987,L00852
NDX-R00989,L00853
NDX-R00988,L00853
NDX-R00990,L00854
NDX-R00991,L00855
NDX-R00992,L00856
NDX-R00993,L00857
NDX-R00994,L00858
NDX-R00995,L00859
NDX-R00996,L00860
NDX-R00997,L00860
NDX-R00998,L00861
NDX-R00999,L00862
NDX-R01000,L00863
NDX-R01001,L00864
NDX-R01002,L00865
NDX-R01003,L00866
NDX-R01004,L00867
NDX-R01005,L00868
NDX-R01006,L00868
NDX-R01007,L00869
NDX-R01008,L00870
NDX-R01009,L00871
NDX-R01010,L00872
NDX-R01011,L00873
NDX-R01012,L00874
NDX-R01013,L00875
NDX-R01014,L00876
NDX-R01015,L00877
NDX-R01016,L00878
NDX-R01017,L00878
NDX-R01018,L00879
NDX-R01019,L00880
NDX-R01020,L00881
NDX-R01021,L00882
NDX-R01022,L00883
NDX-R01023,L00884
NDX-R01024,L00885
NDX-R01025,L00886
NDX-R01026,L00886
NDX-R01027,L00887
NDX-R01028,L00887
NDX-R01030,L00888
NDX-R01029,L00888
NDX-R01031,L00889
NDX-R01032,L00890
NDX-R01033,L00891
NDX-R01035,L00892
NDX-R01034,L00892
NDX-R01036,L00893
NDX-R01037,L00894
NDX-R01038,L00895
NDX-R01039,L00895
NDX-R01040,L00896
NDX-R01041,L00897
NDX-R01042,L00898
NDX-R01043,L00899
NDX-R01045,L00900
NDX-R01044,L00900
NDX-R01047,L00901
NDX-R01046,L00901
NDX-R01050,L00902
NDX-R01048,L00902
NDX-R01049,L00902
NDX-R01051,L00903
NDX-R01052,L00904
NDX-R01053,L00905
NDX-R01054,L00906
NDX-R01055,L00907
NDX-R01057,L00908
NDX-R01056,L00908
NDX-R01058,L00909
NDX-R01059,L00910
NDX-R01060,L00911
NDX-R01061,L00912
NDX-R01062,L00913
NDX-R01064,L00914
NDX-R01063,L00914
NDX-R01065,L00915
NDX-R01066,L00916
NDX-R01067,L00917
NDX-R01068,L00917
NDX-R01069,L00918
NDX-R01070,L00919
NDX-R01071,L00920
NDX-R01072,L00921
NDX-R01073,L00922
NDX-R01074,L00923
NDX-R01075,L00924
NDX-R01076,L00924
NDX-R01077,L00925
NDX-R01078,L00926
NDX-R01079,L00927
NDX-R01080,L00928
NDX-R01081,L00929
NDX-R01082,L00930
NDX-R01083,L00931
NDX-R01085,L00932
NDX-R01084,L00932
NDX-R01086,L00933
NDX-R01087,L00934
NDX-R01088,L00935
NDX-R01090,L00936
NDX-R01089,L00936
NDX-R01091,L00937
NDX-R01092,L00938
NDX-R01093,L00939
NDX-R01094,L00940
NDX-R01095,L00941
NDX-R01096,L00942
NDX-R01097,L00943
NDX-R01100,L00944
NDX-R01098,L00944
NDX-R01099,L00944
NDX-R01101,L00945
NDX-R01102,L00946
NDX-R01103,L00947
NDX-R01104,L00948
NDX-R01105,L00949
NDX-R01106,L00950
NDX-R01107,L00950
NDX-R01108,L00951
NDX-R01109,L00952
NDX-R01110,L00953
NDX-R01111,L00954
NDX-R01112,L00955
NDX-R01113,L00956
NDX-R01114,L00957
NDX-R01115,L00958
NDX-R01116,L00959
NDX-R01117,L00959
NDX-R01118,L00960
NDX-R01119,L00961
NDX-R01120,L00962
NDX-R01121,L00962
NDX-R01122,L00963
NDX-R01123,L00964
NDX-R01124,L00964
NDX-R01125,L00965
NDX-R01126,L00966
NDX-R01128,L00967
NDX-R01127,L00967
NDX-R01129,L00968
NDX-R01130,L00969
NDX-R01131,L00970
NDX-R01132,L00970
NDX-R01133,L00971
NDX-R01134,L00972
NDX-R01135,L00973
NDX-R01136,L00974
NDX-R01137,L00975
NDX-R01138,L00975
NDX-R01139,L00976
NDX-R01140,L00977
NDX-R01141,L00978
NDX-R01142,L00978
NDX-R01143,L00979
NDX-R01144,L00980
NDX-R01145,L00981
NDX-R01146,L00982
NDX-R01147,L00983
NDX-R01148,L00984
NDX-R01149,L00985
NDX-R01150,L00986
NDX-R01151,L00987
NDX-R01152,L00988
NDX-R01153,L00988
NDX-R01154,L00989
NDX-R01155,L00990
NDX-R01156,L00991
NDX-R01157,L00992
NDX-R01158,L00992
NDX-R01159,L00993
NDX-R01160,L00994
NDX-R01161,L00995
NDX-R01163,L00996
NDX-R01162,L00996
NDX-R01164,L00997
NDX-R01165,L00998
NDX-R01166,L00999
NDX-R01167,L01000
